#
# There is insufficient memory for the Java Runtime Environment to continue.
# Native memory allocation (malloc) failed to allocate 1302576 bytes. Error detail: Chunk::new
# Possible reasons:
#   The system is out of physical RAM or swap space
#   This process is running with CompressedOops enabled, and the Java Heap may be blocking the growth of the native heap
# Possible solutions:
#   Reduce memory load on the system
#   Increase physical memory or swap space
#   Check if swap backing store is full
#   Decrease Java heap size (-Xmx/-Xms)
#   Decrease number of Java threads
#   Decrease Java thread stack sizes (-Xss)
#   Set larger code cache with -XX:ReservedCodeCacheSize=
#   JVM is running with Unscaled Compressed Oops mode in which the Java heap is
#     placed in the first 4GB address space. The Java Heap base address is the
#     maximum limit for the native heap growth. Please use -XX:HeapBaseMinAddress
#     to set the Java Heap base and to place the Java Heap above 4GB virtual address.
# This output file may be truncated or incomplete.
#
#  Out of Memory Error (arena.cpp:168), pid=12332, tid=25648
#
# JRE version: OpenJDK Runtime Environment Temurin-21.0.11+10 (21.0.11+10) (build 21.0.11+10-LTS)
# Java VM: OpenJDK 64-Bit Server VM Temurin-21.0.11+10 (21.0.11+10-LTS, mixed mode, sharing, tiered, compressed oops, compressed class ptrs, g1 gc, windows-amd64)
# No core dump will be written. Minidumps are not enabled by default on client versions of Windows
#

---------------  S U M M A R Y ------------

Command Line: --add-opens=java.base/java.util=ALL-UNNAMED --add-opens=java.base/java.lang=ALL-UNNAMED --add-opens=java.base/java.lang.invoke=ALL-UNNAMED --add-opens=java.prefs/java.util.prefs=ALL-UNNAMED --add-exports=jdk.compiler/com.sun.tools.javac.api=ALL-UNNAMED --add-exports=jdk.compiler/com.sun.tools.javac.util=ALL-UNNAMED --add-opens=java.base/java.nio.charset=ALL-UNNAMED --add-opens=java.base/java.net=ALL-UNNAMED --add-opens=java.base/java.util.concurrent.atomic=ALL-UNNAMED -XX:MaxMetaspaceSize=384m -XX:+HeapDumpOnOutOfMemoryError -Xms256m -Xmx512m -Dfile.encoding=utf8 -Duser.country=IN -Duser.language=en -Duser.variant -javaagent:C:\Users\hp\.gradle\wrapper\dists\gradle-8.9-bin\90cnw93cvbtalezasaz0blq0a\gradle-8.9\lib\agents\gradle-instrumentation-agent-8.9.jar org.gradle.launcher.daemon.bootstrap.GradleDaemon 8.9

Host: AMD Ryzen 3 7320U with Radeon Graphics         , 8 cores, 7G,  Windows 11 , 64 bit Build 26100 (10.0.26100.8875)
Time: Tue Aug 11 14:31:45 2026 India Standard Time elapsed time: 7756.528513 seconds (0d 2h 9m 16s)

---------------  T H R E A D  ---------------

Current thread (0x000002e04a42d910):  JavaThread "C2 CompilerThread0" daemon [_thread_in_native, id=25648, stack(0x000000fdc0300000,0x000000fdc0400000) (1024K)]


Current CompileTask:
C2:7756529 35751       4       org.gradle.internal.reflect.ClassInspector::inspectClass (179 bytes)

Stack: [0x000000fdc0300000,0x000000fdc0400000]
Native frames: (J=compiled Java code, j=interpreted, Vv=VM code, C=native code)
V  [jvm.dll+0x6d7e19]
V  [jvm.dll+0x8b5096]
V  [jvm.dll+0x8b764e]
V  [jvm.dll+0x8b7d33]
V  [jvm.dll+0x284596]
V  [jvm.dll+0xc685d]
V  [jvm.dll+0xc6da1]
V  [jvm.dll+0x3bed31]
V  [jvm.dll+0x38b2b2]
V  [jvm.dll+0x38a6fa]
V  [jvm.dll+0x24c700]
V  [jvm.dll+0x24bce0]
V  [jvm.dll+0x1cb4ae]
V  [jvm.dll+0x25baad]
V  [jvm.dll+0x25a03a]
V  [jvm.dll+0x3f868e]
V  [jvm.dll+0x85fb0d]
V  [jvm.dll+0x6d664d]
C  [ucrtbase.dll+0x2cd30]
C  [KERNEL32.DLL+0x2e957]
C  [ntdll.dll+0xaad6c]


---------------  P R O C E S S  ---------------

Threads class SMR info:
_java_thread_list=0x000002e06725e8e0, length=64, elements={
0x000002e034a6e760, 0x000002e04a4153f0, 0x000002e04a418b80, 0x000002e04a41a8f0,
0x000002e04a41b700, 0x000002e04a41ce80, 0x000002e04a41e730, 0x000002e04a42d910,
0x000002e04a4310e0, 0x000002e04a719f50, 0x000002e04a6ba690, 0x000002e04a66f9a0,
0x000002e0648ed5a0, 0x000002e064c905f0, 0x000002e065538e60, 0x000002e065539b80,
0x000002e06553a210, 0x000002e06667e950, 0x000002e06667f670, 0x000002e066681740,
0x000002e066683ea0, 0x000002e066680a20, 0x000002e066683810, 0x000002e066684530,
0x000002e06553bc50, 0x000002e06553a8a0, 0x000002e0672b3390, 0x000002e0672b4dd0,
0x000002e065bbf5c0, 0x000002e0735cfbb0, 0x000002e07322a8f0, 0x000002e07566e740,
0x000002e073100e00, 0x000002e07566da20, 0x000002e07566e0b0, 0x000002e07322bca0,
0x000002e07322af80, 0x000002e07322b610, 0x000002e0731021b0, 0x000002e073101490,
0x000002e073102840, 0x000002e073101b20, 0x000002e073102ed0, 0x000002e0672cb3b0,
0x000002e0672cc760, 0x000002e0672ccdf0, 0x000002e0672cc0d0, 0x000002e0672cd480,
0x000002e0672ca690, 0x000002e0672cdb10, 0x000002e0672cad20, 0x000002e072712990,
0x000002e072710f50, 0x000002e0727136b0, 0x000002e072712300, 0x000002e072713d40,
0x000002e0727115e0, 0x000002e072711c70, 0x000002e0727143d0, 0x000002e072713020,
0x000002e0733ba6e0, 0x000002e0733ba050, 0x000002e0733b7f80, 0x000002e0733bad70
}

Java Threads: ( => current thread )
  0x000002e034a6e760 JavaThread "main"                              [_thread_blocked, id=27768, stack(0x000000fdbf500000,0x000000fdbf600000) (1024K)]
  0x000002e04a4153f0 JavaThread "Reference Handler"          daemon [_thread_blocked, id=11048, stack(0x000000fdbfd00000,0x000000fdbfe00000) (1024K)]
  0x000002e04a418b80 JavaThread "Finalizer"                  daemon [_thread_blocked, id=9208, stack(0x000000fdbfe00000,0x000000fdbff00000) (1024K)]
  0x000002e04a41a8f0 JavaThread "Signal Dispatcher"          daemon [_thread_blocked, id=25972, stack(0x000000fdbff00000,0x000000fdc0000000) (1024K)]
  0x000002e04a41b700 JavaThread "Attach Listener"            daemon [_thread_blocked, id=23252, stack(0x000000fdc0000000,0x000000fdc0100000) (1024K)]
  0x000002e04a41ce80 JavaThread "Service Thread"             daemon [_thread_blocked, id=24652, stack(0x000000fdc0100000,0x000000fdc0200000) (1024K)]
  0x000002e04a41e730 JavaThread "Monitor Deflation Thread"   daemon [_thread_blocked, id=25168, stack(0x000000fdc0200000,0x000000fdc0300000) (1024K)]
=>0x000002e04a42d910 JavaThread "C2 CompilerThread0"         daemon [_thread_in_native, id=25648, stack(0x000000fdc0300000,0x000000fdc0400000) (1024K)]
  0x000002e04a4310e0 JavaThread "C1 CompilerThread0"         daemon [_thread_blocked, id=27300, stack(0x000000fdc0400000,0x000000fdc0500000) (1024K)]
  0x000002e04a719f50 JavaThread "Common-Cleaner"             daemon [_thread_blocked, id=26328, stack(0x000000fdc0500000,0x000000fdc0600000) (1024K)]
  0x000002e04a6ba690 JavaThread "Notification Thread"        daemon [_thread_blocked, id=27404, stack(0x000000fdc0600000,0x000000fdc0700000) (1024K)]
  0x000002e04a66f9a0 JavaThread "Daemon health stats"               [_thread_blocked, id=21928, stack(0x000000fdc0c00000,0x000000fdc0d00000) (1024K)]
  0x000002e0648ed5a0 JavaThread "Incoming local TCP Connector on port 65002"        [_thread_in_native, id=20380, stack(0x000000fdc0d00000,0x000000fdc0e00000) (1024K)]
  0x000002e064c905f0 JavaThread "Daemon periodic checks"            [_thread_blocked, id=18372, stack(0x000000fdc0e00000,0x000000fdc0f00000) (1024K)]
  0x000002e065538e60 JavaThread "Cache worker for journal cache (C:\Users\hp\.gradle\caches\journal-1)"        [_thread_blocked, id=25240, stack(0x000000fdc1600000,0x000000fdc1700000) (1024K)]
  0x000002e065539b80 JavaThread "File lock request listener"        [_thread_in_native, id=24956, stack(0x000000fdc1700000,0x000000fdc1800000) (1024K)]
  0x000002e06553a210 JavaThread "Cache worker for file hash cache (C:\Users\hp\.gradle\caches\8.9\fileHashes)"        [_thread_blocked, id=21808, stack(0x000000fdc1800000,0x000000fdc1900000) (1024K)]
  0x000002e06667e950 JavaThread "File watcher server"        daemon [_thread_in_native, id=28992, stack(0x000000fdc1f00000,0x000000fdc2000000) (1024K)]
  0x000002e06667f670 JavaThread "File watcher consumer"      daemon [_thread_blocked, id=13032, stack(0x000000fdc2000000,0x000000fdc2100000) (1024K)]
  0x000002e066681740 JavaThread "Cache worker for file content cache (C:\Users\hp\.gradle\caches\8.9\fileContent)"        [_thread_blocked, id=22104, stack(0x000000fdc2200000,0x000000fdc2300000) (1024K)]
  0x000002e066683ea0 JavaThread "jar transforms"                    [_thread_blocked, id=24812, stack(0x000000fdc2500000,0x000000fdc2600000) (1024K)]
  0x000002e066680a20 JavaThread "jar transforms Thread 2"           [_thread_blocked, id=24868, stack(0x000000fdc2600000,0x000000fdc2700000) (1024K)]
  0x000002e066683810 JavaThread "jar transforms Thread 3"           [_thread_blocked, id=9156, stack(0x000000fdc2700000,0x000000fdc2800000) (1024K)]
  0x000002e066684530 JavaThread "jar transforms Thread 4"           [_thread_blocked, id=25876, stack(0x000000fdc2800000,0x000000fdc2900000) (1024K)]
  0x000002e06553bc50 JavaThread "jar transforms Thread 5"           [_thread_blocked, id=24708, stack(0x000000fdc2a00000,0x000000fdc2b00000) (1024K)]
  0x000002e06553a8a0 JavaThread "jar transforms Thread 6"           [_thread_blocked, id=9116, stack(0x000000fdc2b00000,0x000000fdc2c00000) (1024K)]
  0x000002e0672b3390 JavaThread "jar transforms Thread 7"           [_thread_blocked, id=25016, stack(0x000000fdc2c00000,0x000000fdc2d00000) (1024K)]
  0x000002e0672b4dd0 JavaThread "jar transforms Thread 8"           [_thread_blocked, id=3580, stack(0x000000fdc2d00000,0x000000fdc2e00000) (1024K)]
  0x000002e065bbf5c0 JavaThread "Memory manager"                    [_thread_blocked, id=27520, stack(0x000000fdc4400000,0x000000fdc4500000) (1024K)]
  0x000002e0735cfbb0 JavaThread "Daemon Thread 6"                   [_thread_blocked, id=3492, stack(0x000000fdbf200000,0x000000fdbf300000) (1024K)]
  0x000002e07322a8f0 JavaThread "Daemon worker Thread 6"            [_thread_in_vm, id=28804, stack(0x000000fdc0f00000,0x000000fdc1000000) (1024K)]
  0x000002e07566e740 JavaThread "VFS cleanup Thread 6"              [_thread_blocked, id=10272, stack(0x000000fdc1000000,0x000000fdc1100000) (1024K)]
  0x000002e073100e00 JavaThread "File lock release action executor Thread 6"        [_thread_blocked, id=20952, stack(0x000000fdbf300000,0x000000fdbf400000) (1024K)]
  0x000002e07566da20 JavaThread "Handler for socket connection from /127.0.0.1:65002 to /127.0.0.1:57598"        [_thread_in_native, id=27624, stack(0x000000fdbf400000,0x000000fdbf500000) (1024K)]
  0x000002e07566e0b0 JavaThread "Cancel handler"                    [_thread_blocked, id=19580, stack(0x000000fdc1100000,0x000000fdc1200000) (1024K)]
  0x000002e07322bca0 JavaThread "Asynchronous log dispatcher for DefaultDaemonConnection: socket connection from /127.0.0.1:65002 to /127.0.0.1:57598"        [_thread_blocked, id=29460, stack(0x000000fdc1200000,0x000000fdc1300000) (1024K)]
  0x000002e07322af80 JavaThread "Stdin handler"                     [_thread_blocked, id=25712, stack(0x000000fdc1300000,0x000000fdc1400000) (1024K)]
  0x000002e07322b610 JavaThread "Daemon client event forwarder"        [_thread_blocked, id=28216, stack(0x000000fdc1400000,0x000000fdc1500000) (1024K)]
  0x000002e0731021b0 JavaThread "Cache worker for file hash cache (C:\Users\hp\Music\AURA\frontend\node_modules\react-native-linear-gradient\android\.gradle\8.9\fileHashes)"        [_thread_blocked, id=10236, stack(0x000000fdc1500000,0x000000fdc1600000) (1024K)]
  0x000002e073101490 JavaThread "Cache worker for Build Output Cleanup Cache (C:\Users\hp\Music\AURA\frontend\node_modules\react-native-linear-gradient\android\.gradle\buildOutputCleanup)"        [_thread_blocked, id=17800, stack(0x000000fdc1900000,0x000000fdc1a00000) (1024K)]
  0x000002e073102840 JavaThread "Cache worker for checksums cache (C:\Users\hp\Music\AURA\frontend\node_modules\react-native-linear-gradient\android\.gradle\8.9\checksums)"        [_thread_blocked, id=24560, stack(0x000000fdc1a00000,0x000000fdc1b00000) (1024K)]
  0x000002e073101b20 JavaThread "Cache worker for cache directory md-rule (C:\Users\hp\.gradle\caches\8.9\md-rule)"        [_thread_blocked, id=21424, stack(0x000000fdc1e00000,0x000000fdc1f00000) (1024K)]
  0x000002e073102ed0 JavaThread "Cache worker for cache directory md-supplier (C:\Users\hp\.gradle\caches\8.9\md-supplier)"        [_thread_blocked, id=16328, stack(0x000000fdc2100000,0x000000fdc2200000) (1024K)]
  0x000002e0672cb3b0 JavaThread "Unconstrained build operations"        [_thread_blocked, id=28244, stack(0x000000fdc2300000,0x000000fdc2400000) (1024K)]
  0x000002e0672cc760 JavaThread "Unconstrained build operations Thread 2"        [_thread_blocked, id=23520, stack(0x000000fdc2400000,0x000000fdc2500000) (1024K)]
  0x000002e0672ccdf0 JavaThread "Unconstrained build operations Thread 3"        [_thread_blocked, id=26104, stack(0x000000fdc2900000,0x000000fdc2a00000) (1024K)]
  0x000002e0672cc0d0 JavaThread "Unconstrained build operations Thread 4"        [_thread_blocked, id=17132, stack(0x000000fdc2e00000,0x000000fdc2f00000) (1024K)]
  0x000002e0672cd480 JavaThread "Unconstrained build operations Thread 5"        [_thread_blocked, id=29024, stack(0x000000fdc2f00000,0x000000fdc3000000) (1024K)]
  0x000002e0672ca690 JavaThread "Unconstrained build operations Thread 6"        [_thread_blocked, id=29340, stack(0x000000fdc3000000,0x000000fdc3100000) (1024K)]
  0x000002e0672cdb10 JavaThread "Unconstrained build operations Thread 7"        [_thread_blocked, id=22228, stack(0x000000fdc3100000,0x000000fdc3200000) (1024K)]
  0x000002e0672cad20 JavaThread "Unconstrained build operations Thread 8"        [_thread_blocked, id=28260, stack(0x000000fdc3200000,0x000000fdc3300000) (1024K)]
  0x000002e072712990 JavaThread "Unconstrained build operations Thread 9"        [_thread_blocked, id=10780, stack(0x000000fdc3300000,0x000000fdc3400000) (1024K)]
  0x000002e072710f50 JavaThread "Unconstrained build operations Thread 10"        [_thread_blocked, id=11052, stack(0x000000fdc3400000,0x000000fdc3500000) (1024K)]
  0x000002e0727136b0 JavaThread "Unconstrained build operations Thread 11"        [_thread_blocked, id=8596, stack(0x000000fdc3500000,0x000000fdc3600000) (1024K)]
  0x000002e072712300 JavaThread "Unconstrained build operations Thread 12"        [_thread_blocked, id=25748, stack(0x000000fdc3600000,0x000000fdc3700000) (1024K)]
  0x000002e072713d40 JavaThread "Unconstrained build operations Thread 13"        [_thread_blocked, id=18448, stack(0x000000fdc3700000,0x000000fdc3800000) (1024K)]
  0x000002e0727115e0 JavaThread "Unconstrained build operations Thread 14"        [_thread_blocked, id=15324, stack(0x000000fdc3800000,0x000000fdc3900000) (1024K)]
  0x000002e072711c70 JavaThread "Unconstrained build operations Thread 15"        [_thread_blocked, id=20292, stack(0x000000fdc3900000,0x000000fdc3a00000) (1024K)]
  0x000002e0727143d0 JavaThread "Unconstrained build operations Thread 16"        [_thread_blocked, id=18972, stack(0x000000fdc3a00000,0x000000fdc3b00000) (1024K)]
  0x000002e072713020 JavaThread "Unconstrained build operations Thread 17"        [_thread_blocked, id=24732, stack(0x000000fdc3b00000,0x000000fdc3c00000) (1024K)]
  0x000002e0733ba6e0 JavaThread "Unconstrained build operations Thread 18"        [_thread_blocked, id=20344, stack(0x000000fdc3c00000,0x000000fdc3d00000) (1024K)]
  0x000002e0733ba050 JavaThread "Unconstrained build operations Thread 19"        [_thread_blocked, id=18996, stack(0x000000fdc3d00000,0x000000fdc3e00000) (1024K)]
  0x000002e0733b7f80 JavaThread "Unconstrained build operations Thread 20"        [_thread_blocked, id=16512, stack(0x000000fdc3e00000,0x000000fdc3f00000) (1024K)]
  0x000002e0733bad70 JavaThread "Unconstrained build operations Thread 21"        [_thread_blocked, id=14180, stack(0x000000fdc3f00000,0x000000fdc4000000) (1024K)]
Total: 64

Other Threads:
  0x000002e04a3f7990 VMThread "VM Thread"                           [id=19984, stack(0x000000fdbfc00000,0x000000fdbfd00000) (1024K)]
  0x000002e04a3eafe0 WatcherThread "VM Periodic Task Thread"        [id=14432, stack(0x000000fdbfb00000,0x000000fdbfc00000) (1024K)]
  0x000002e034a98720 WorkerThread "GC Thread#0"                     [id=4044, stack(0x000000fdbf600000,0x000000fdbf700000) (1024K)]
  0x000002e0640eb340 WorkerThread "GC Thread#1"                     [id=26204, stack(0x000000fdc0700000,0x000000fdc0800000) (1024K)]
  0x000002e0640eb6f0 WorkerThread "GC Thread#2"                     [id=20848, stack(0x000000fdc0800000,0x000000fdc0900000) (1024K)]
  0x000002e064242f40 WorkerThread "GC Thread#3"                     [id=28632, stack(0x000000fdc0900000,0x000000fdc0a00000) (1024K)]
  0x000002e064206e40 WorkerThread "GC Thread#4"                     [id=11212, stack(0x000000fdc0a00000,0x000000fdc0b00000) (1024K)]
  0x000002e0642075a0 WorkerThread "GC Thread#5"                     [id=26216, stack(0x000000fdc0b00000,0x000000fdc0c00000) (1024K)]
  0x000002e0640d2370 WorkerThread "GC Thread#6"                     [id=28224, stack(0x000000fdc1b00000,0x000000fdc1c00000) (1024K)]
  0x000002e0640d1860 WorkerThread "GC Thread#7"                     [id=28480, stack(0x000000fdc1c00000,0x000000fdc1d00000) (1024K)]
  0x000002e034a9d520 ConcurrentGCThread "G1 Main Marker"            [id=4396, stack(0x000000fdbf700000,0x000000fdbf800000) (1024K)]
  0x000002e034aa04e0 WorkerThread "G1 Conc#0"                       [id=27176, stack(0x000000fdbf800000,0x000000fdbf900000) (1024K)]
  0x000002e0640d2ad0 WorkerThread "G1 Conc#1"                       [id=25516, stack(0x000000fdc1d00000,0x000000fdc1e00000) (1024K)]
  0x000002e034b2e470 ConcurrentGCThread "G1 Refine#0"               [id=25128, stack(0x000000fdbf900000,0x000000fdbfa00000) (1024K)]
  0x000002e04a2be640 ConcurrentGCThread "G1 Service"                [id=28320, stack(0x000000fdbfa00000,0x000000fdbfb00000) (1024K)]
Total: 15

Threads with active compile tasks:
C2 CompilerThread0  7756606 35751       4       org.gradle.internal.reflect.ClassInspector::inspectClass (179 bytes)
Total: 1

VM state: not at safepoint (normal execution)

VM Mutex/Monitor currently owned by a thread: None

Heap address: 0x00000000e0000000, size: 512 MB, Compressed Oops mode: 32-bit

CDS archive(s) mapped at: [0x000002e04b000000-0x000002e04bba0000-0x000002e04bba0000), size 12189696, SharedBaseAddress: 0x000002e04b000000, ArchiveRelocationMode: 1.
Compressed class space mapped at: 0x000002e04c000000-0x000002e060000000, reserved size: 335544320
Narrow klass base: 0x000002e04b000000, Narrow klass shift: 0, Narrow klass range: 0x100000000

GC Precious Log:
 CardTable entry size: 512
 Card Set container configuration: InlinePtr #cards 5 size 8 Array Of Cards #cards 12 size 40 Howl #buckets 4 coarsen threshold 1843 Howl Bitmap #cards 512 size 80 coarsen threshold 460 Card regions per heap region 1 cards per card region 2048
 CPUs: 8 total, 8 available
 Memory: 7418M
 Large Page Support: Disabled
 NUMA Support: Disabled
 Compressed Oops: Enabled (32-bit)
 Heap Region Size: 1M
 Heap Min Capacity: 256M
 Heap Initial Capacity: 256M
 Heap Max Capacity: 512M
 Pre-touch: Disabled
 Parallel Workers: 8
 Concurrent Workers: 2
 Concurrent Refinement Workers: 8
 Periodic GC: Disabled

Heap:
 garbage-first heap   total 524288K, used 373599K [0x00000000e0000000, 0x0000000100000000)
  region size 1024K, 127 young (130048K), 8 survivors (8192K)
 Metaspace       used 165969K, committed 167680K, reserved 524288K
  class space    used 21203K, committed 22016K, reserved 327680K

Heap Regions: E=young(eden), S=young(survivor), O=old, HS=humongous(starts), HC=humongous(continues), CS=collection set, F=free, TAMS=top-at-mark-start, PB=parsable bottom
|   0|0x00000000e0000000, 0x00000000e0100000, 0x00000000e0100000|100%|HS|  |TAMS 0x00000000e0000000| PB 0x00000000e0000000| Complete 
|   1|0x00000000e0100000, 0x00000000e0200000, 0x00000000e0200000|100%|HC|  |TAMS 0x00000000e0100000| PB 0x00000000e0100000| Complete 
|   2|0x00000000e0200000, 0x00000000e0300000, 0x00000000e0300000|100%|HC|  |TAMS 0x00000000e0200000| PB 0x00000000e0200000| Complete 
|   3|0x00000000e0300000, 0x00000000e0400000, 0x00000000e0400000|100%|HC|  |TAMS 0x00000000e0300000| PB 0x00000000e0300000| Complete 
|   4|0x00000000e0400000, 0x00000000e0500000, 0x00000000e0500000|100%| O|  |TAMS 0x00000000e0400000| PB 0x00000000e0400000| Untracked 
|   5|0x00000000e0500000, 0x00000000e0600000, 0x00000000e0600000|100%| O|  |TAMS 0x00000000e0500000| PB 0x00000000e0500000| Untracked 
|   6|0x00000000e0600000, 0x00000000e0700000, 0x00000000e0700000|100%| O|  |TAMS 0x00000000e0600000| PB 0x00000000e0600000| Untracked 
|   7|0x00000000e0700000, 0x00000000e07ffff8, 0x00000000e0800000| 99%| O|  |TAMS 0x00000000e0700000| PB 0x00000000e0700000| Untracked 
|   8|0x00000000e0800000, 0x00000000e08fffe8, 0x00000000e0900000| 99%| O|  |TAMS 0x00000000e0800000| PB 0x00000000e0800000| Untracked 
|   9|0x00000000e0900000, 0x00000000e0a00000, 0x00000000e0a00000|100%| O|  |TAMS 0x00000000e0900000| PB 0x00000000e0900000| Untracked 
|  10|0x00000000e0a00000, 0x00000000e0afffe0, 0x00000000e0b00000| 99%| O|  |TAMS 0x00000000e0a00000| PB 0x00000000e0a00000| Untracked 
|  11|0x00000000e0b00000, 0x00000000e0c00000, 0x00000000e0c00000|100%|HS|  |TAMS 0x00000000e0b00000| PB 0x00000000e0b00000| Complete 
|  12|0x00000000e0c00000, 0x00000000e0d00000, 0x00000000e0d00000|100%| O|  |TAMS 0x00000000e0c00000| PB 0x00000000e0c00000| Untracked 
|  13|0x00000000e0d00000, 0x00000000e0dffff8, 0x00000000e0e00000| 99%| O|  |TAMS 0x00000000e0d00000| PB 0x00000000e0d00000| Untracked 
|  14|0x00000000e0e00000, 0x00000000e0efffe8, 0x00000000e0f00000| 99%| O|  |TAMS 0x00000000e0e00000| PB 0x00000000e0e00000| Untracked 
|  15|0x00000000e0f00000, 0x00000000e0fffff8, 0x00000000e1000000| 99%| O|  |TAMS 0x00000000e0f00000| PB 0x00000000e0f00000| Untracked 
|  16|0x00000000e1000000, 0x00000000e1100000, 0x00000000e1100000|100%| O|  |TAMS 0x00000000e1000000| PB 0x00000000e1000000| Untracked 
|  17|0x00000000e1100000, 0x00000000e11ffff0, 0x00000000e1200000| 99%| O|  |TAMS 0x00000000e1100000| PB 0x00000000e1100000| Untracked 
|  18|0x00000000e1200000, 0x00000000e1300000, 0x00000000e1300000|100%| O|  |TAMS 0x00000000e1200000| PB 0x00000000e1200000| Untracked 
|  19|0x00000000e1300000, 0x00000000e13fffa0, 0x00000000e1400000| 99%| O|  |TAMS 0x00000000e1300000| PB 0x00000000e1300000| Untracked 
|  20|0x00000000e1400000, 0x00000000e14fffe8, 0x00000000e1500000| 99%| O|  |TAMS 0x00000000e1400000| PB 0x00000000e1400000| Untracked 
|  21|0x00000000e1500000, 0x00000000e15ffff0, 0x00000000e1600000| 99%| O|  |TAMS 0x00000000e1500000| PB 0x00000000e1500000| Untracked 
|  22|0x00000000e1600000, 0x00000000e1700000, 0x00000000e1700000|100%| O|  |TAMS 0x00000000e1600000| PB 0x00000000e1600000| Untracked 
|  23|0x00000000e1700000, 0x00000000e1800000, 0x00000000e1800000|100%| O|  |TAMS 0x00000000e1700000| PB 0x00000000e1700000| Untracked 
|  24|0x00000000e1800000, 0x00000000e18ffff8, 0x00000000e1900000| 99%| O|  |TAMS 0x00000000e1800000| PB 0x00000000e1800000| Untracked 
|  25|0x00000000e1900000, 0x00000000e19fffe8, 0x00000000e1a00000| 99%| O|  |TAMS 0x00000000e1900000| PB 0x00000000e1900000| Untracked 
|  26|0x00000000e1a00000, 0x00000000e1b00000, 0x00000000e1b00000|100%| O|  |TAMS 0x00000000e1a00000| PB 0x00000000e1a00000| Untracked 
|  27|0x00000000e1b00000, 0x00000000e1c00000, 0x00000000e1c00000|100%| O|  |TAMS 0x00000000e1b00000| PB 0x00000000e1b00000| Untracked 
|  28|0x00000000e1c00000, 0x00000000e1d00000, 0x00000000e1d00000|100%| O|  |TAMS 0x00000000e1c00000| PB 0x00000000e1c00000| Untracked 
|  29|0x00000000e1d00000, 0x00000000e1dfbe50, 0x00000000e1e00000| 98%| O|  |TAMS 0x00000000e1d00000| PB 0x00000000e1d00000| Untracked 
|  30|0x00000000e1e00000, 0x00000000e1f00000, 0x00000000e1f00000|100%| O|  |TAMS 0x00000000e1e00000| PB 0x00000000e1e00000| Untracked 
|  31|0x00000000e1f00000, 0x00000000e1fffff0, 0x00000000e2000000| 99%| O|  |TAMS 0x00000000e1f00000| PB 0x00000000e1f00000| Untracked 
|  32|0x00000000e2000000, 0x00000000e20ffff0, 0x00000000e2100000| 99%| O|  |TAMS 0x00000000e2000000| PB 0x00000000e2000000| Untracked 
|  33|0x00000000e2100000, 0x00000000e21ffff0, 0x00000000e2200000| 99%| O|  |TAMS 0x00000000e2100000| PB 0x00000000e2100000| Untracked 
|  34|0x00000000e2200000, 0x00000000e22ffff8, 0x00000000e2300000| 99%| O|  |TAMS 0x00000000e2200000| PB 0x00000000e2200000| Untracked 
|  35|0x00000000e2300000, 0x00000000e2400000, 0x00000000e2400000|100%| O|  |TAMS 0x00000000e2300000| PB 0x00000000e2300000| Untracked 
|  36|0x00000000e2400000, 0x00000000e2500000, 0x00000000e2500000|100%| O|  |TAMS 0x00000000e2400000| PB 0x00000000e2400000| Untracked 
|  37|0x00000000e2500000, 0x00000000e2600000, 0x00000000e2600000|100%| O|  |TAMS 0x00000000e2500000| PB 0x00000000e2500000| Untracked 
|  38|0x00000000e2600000, 0x00000000e2700000, 0x00000000e2700000|100%| O|  |TAMS 0x00000000e2600000| PB 0x00000000e2600000| Untracked 
|  39|0x00000000e2700000, 0x00000000e27ffff0, 0x00000000e2800000| 99%| O|  |TAMS 0x00000000e2700000| PB 0x00000000e2700000| Untracked 
|  40|0x00000000e2800000, 0x00000000e28fffd0, 0x00000000e2900000| 99%| O|  |TAMS 0x00000000e2800000| PB 0x00000000e2800000| Untracked 
|  41|0x00000000e2900000, 0x00000000e29ffff8, 0x00000000e2a00000| 99%| O|  |TAMS 0x00000000e2900000| PB 0x00000000e2900000| Untracked 
|  42|0x00000000e2a00000, 0x00000000e2b00000, 0x00000000e2b00000|100%| O|  |TAMS 0x00000000e2a00000| PB 0x00000000e2a00000| Untracked 
|  43|0x00000000e2b00000, 0x00000000e2c00000, 0x00000000e2c00000|100%| O|  |TAMS 0x00000000e2b00000| PB 0x00000000e2b00000| Untracked 
|  44|0x00000000e2c00000, 0x00000000e2d00000, 0x00000000e2d00000|100%|HS|  |TAMS 0x00000000e2c00000| PB 0x00000000e2c00000| Complete 
|  45|0x00000000e2d00000, 0x00000000e2e00000, 0x00000000e2e00000|100%|HC|  |TAMS 0x00000000e2d00000| PB 0x00000000e2d00000| Complete 
|  46|0x00000000e2e00000, 0x00000000e2f00000, 0x00000000e2f00000|100%|HS|  |TAMS 0x00000000e2e00000| PB 0x00000000e2e00000| Complete 
|  47|0x00000000e2f00000, 0x00000000e3000000, 0x00000000e3000000|100%|HC|  |TAMS 0x00000000e2f00000| PB 0x00000000e2f00000| Complete 
|  48|0x00000000e3000000, 0x00000000e3100000, 0x00000000e3100000|100%|HS|  |TAMS 0x00000000e3000000| PB 0x00000000e3000000| Complete 
|  49|0x00000000e3100000, 0x00000000e3200000, 0x00000000e3200000|100%|HC|  |TAMS 0x00000000e3100000| PB 0x00000000e3100000| Complete 
|  50|0x00000000e3200000, 0x00000000e3300000, 0x00000000e3300000|100%|HC|  |TAMS 0x00000000e3200000| PB 0x00000000e3200000| Complete 
|  51|0x00000000e3300000, 0x00000000e3400000, 0x00000000e3400000|100%|HC|  |TAMS 0x00000000e3300000| PB 0x00000000e3300000| Complete 
|  52|0x00000000e3400000, 0x00000000e3500000, 0x00000000e3500000|100%|HS|  |TAMS 0x00000000e3400000| PB 0x00000000e3400000| Complete 
|  53|0x00000000e3500000, 0x00000000e3600000, 0x00000000e3600000|100%|HC|  |TAMS 0x00000000e3500000| PB 0x00000000e3500000| Complete 
|  54|0x00000000e3600000, 0x00000000e3700000, 0x00000000e3700000|100%|HC|  |TAMS 0x00000000e3600000| PB 0x00000000e3600000| Complete 
|  55|0x00000000e3700000, 0x00000000e3800000, 0x00000000e3800000|100%|HC|  |TAMS 0x00000000e3700000| PB 0x00000000e3700000| Complete 
|  56|0x00000000e3800000, 0x00000000e38ffff0, 0x00000000e3900000| 99%| O|  |TAMS 0x00000000e3800000| PB 0x00000000e3800000| Untracked 
|  57|0x00000000e3900000, 0x00000000e39ffff0, 0x00000000e3a00000| 99%| O|  |TAMS 0x00000000e3900000| PB 0x00000000e3900000| Untracked 
|  58|0x00000000e3a00000, 0x00000000e3afffb0, 0x00000000e3b00000| 99%| O|  |TAMS 0x00000000e3a00000| PB 0x00000000e3a00000| Untracked 
|  59|0x00000000e3b00000, 0x00000000e3bffff0, 0x00000000e3c00000| 99%| O|  |TAMS 0x00000000e3b00000| PB 0x00000000e3b00000| Untracked 
|  60|0x00000000e3c00000, 0x00000000e3cffff8, 0x00000000e3d00000| 99%| O|  |TAMS 0x00000000e3c00000| PB 0x00000000e3c00000| Untracked 
|  61|0x00000000e3d00000, 0x00000000e3e00000, 0x00000000e3e00000|100%|HS|  |TAMS 0x00000000e3d00000| PB 0x00000000e3d00000| Complete 
|  62|0x00000000e3e00000, 0x00000000e3efffe8, 0x00000000e3f00000| 99%| O|  |TAMS 0x00000000e3e00000| PB 0x00000000e3e00000| Untracked 
|  63|0x00000000e3f00000, 0x00000000e3ffddf8, 0x00000000e4000000| 99%| O|  |TAMS 0x00000000e3f00000| PB 0x00000000e3f00000| Untracked 
|  64|0x00000000e4000000, 0x00000000e4100000, 0x00000000e4100000|100%| O|  |TAMS 0x00000000e4000000| PB 0x00000000e4000000| Untracked 
|  65|0x00000000e4100000, 0x00000000e41ffd98, 0x00000000e4200000| 99%| O|Cm|TAMS 0x00000000e4100000| PB 0x00000000e4100000| Complete 
|  66|0x00000000e4200000, 0x00000000e4300000, 0x00000000e4300000|100%| O|  |TAMS 0x00000000e4200000| PB 0x00000000e4200000| Untracked 
|  67|0x00000000e4300000, 0x00000000e4400000, 0x00000000e4400000|100%| O|  |TAMS 0x00000000e4300000| PB 0x00000000e4300000| Untracked 
|  68|0x00000000e4400000, 0x00000000e44fffd8, 0x00000000e4500000| 99%| O|  |TAMS 0x00000000e4400000| PB 0x00000000e4400000| Untracked 
|  69|0x00000000e4500000, 0x00000000e4600000, 0x00000000e4600000|100%| O|  |TAMS 0x00000000e4500000| PB 0x00000000e4500000| Untracked 
|  70|0x00000000e4600000, 0x00000000e46ffff8, 0x00000000e4700000| 99%| O|  |TAMS 0x00000000e4600000| PB 0x00000000e4600000| Untracked 
|  71|0x00000000e4700000, 0x00000000e47fffc0, 0x00000000e4800000| 99%| O|  |TAMS 0x00000000e4700000| PB 0x00000000e4700000| Untracked 
|  72|0x00000000e4800000, 0x00000000e48e5130, 0x00000000e4900000| 89%| O|  |TAMS 0x00000000e4800000| PB 0x00000000e4800000| Untracked 
|  73|0x00000000e4900000, 0x00000000e49f9a48, 0x00000000e4a00000| 97%| O|  |TAMS 0x00000000e4900000| PB 0x00000000e4900000| Untracked 
|  74|0x00000000e4a00000, 0x00000000e4b00000, 0x00000000e4b00000|100%| O|  |TAMS 0x00000000e4a00000| PB 0x00000000e4a00000| Untracked 
|  75|0x00000000e4b00000, 0x00000000e4bffff8, 0x00000000e4c00000| 99%| O|  |TAMS 0x00000000e4b00000| PB 0x00000000e4b00000| Untracked 
|  76|0x00000000e4c00000, 0x00000000e4d00000, 0x00000000e4d00000|100%| O|  |TAMS 0x00000000e4c00000| PB 0x00000000e4c00000| Untracked 
|  77|0x00000000e4d00000, 0x00000000e4e00000, 0x00000000e4e00000|100%| O|  |TAMS 0x00000000e4d00000| PB 0x00000000e4d00000| Untracked 
|  78|0x00000000e4e00000, 0x00000000e4efffc0, 0x00000000e4f00000| 99%| O|  |TAMS 0x00000000e4e00000| PB 0x00000000e4e00000| Untracked 
|  79|0x00000000e4f00000, 0x00000000e5000000, 0x00000000e5000000|100%| O|  |TAMS 0x00000000e4f00000| PB 0x00000000e4f00000| Untracked 
|  80|0x00000000e5000000, 0x00000000e50ffff8, 0x00000000e5100000| 99%| O|  |TAMS 0x00000000e5000000| PB 0x00000000e5000000| Untracked 
|  81|0x00000000e5100000, 0x00000000e51fee70, 0x00000000e5200000| 99%| O|  |TAMS 0x00000000e5100000| PB 0x00000000e5100000| Untracked 
|  82|0x00000000e5200000, 0x00000000e52ffff0, 0x00000000e5300000| 99%| O|  |TAMS 0x00000000e5200000| PB 0x00000000e5200000| Untracked 
|  83|0x00000000e5300000, 0x00000000e53e8d98, 0x00000000e5400000| 90%| O|  |TAMS 0x00000000e5300000| PB 0x00000000e5300000| Untracked 
|  84|0x00000000e5400000, 0x00000000e54efed8, 0x00000000e5500000| 93%| O|Cm|TAMS 0x00000000e5400000| PB 0x00000000e5400000| Complete 
|  85|0x00000000e5500000, 0x00000000e55ffff8, 0x00000000e5600000| 99%| O|  |TAMS 0x00000000e5500000| PB 0x00000000e5500000| Untracked 
|  86|0x00000000e5600000, 0x00000000e56e1838, 0x00000000e5700000| 88%| O|Cm|TAMS 0x00000000e5600000| PB 0x00000000e5600000| Complete 
|  87|0x00000000e5700000, 0x00000000e57c2a38, 0x00000000e5800000| 76%| O|  |TAMS 0x00000000e5700000| PB 0x00000000e5700000| Untracked 
|  88|0x00000000e5800000, 0x00000000e5900000, 0x00000000e5900000|100%| O|  |TAMS 0x00000000e5800000| PB 0x00000000e5800000| Untracked 
|  89|0x00000000e5900000, 0x00000000e5a00000, 0x00000000e5a00000|100%|HS|  |TAMS 0x00000000e5900000| PB 0x00000000e5900000| Complete 
|  90|0x00000000e5a00000, 0x00000000e5afb298, 0x00000000e5b00000| 98%| O|Cm|TAMS 0x00000000e5a00000| PB 0x00000000e5a00000| Complete 
|  91|0x00000000e5b00000, 0x00000000e5bfffe0, 0x00000000e5c00000| 99%| O|  |TAMS 0x00000000e5b00000| PB 0x00000000e5b00000| Untracked 
|  92|0x00000000e5c00000, 0x00000000e5cfffa8, 0x00000000e5d00000| 99%| O|  |TAMS 0x00000000e5c00000| PB 0x00000000e5c00000| Untracked 
|  93|0x00000000e5d00000, 0x00000000e5e00000, 0x00000000e5e00000|100%| O|  |TAMS 0x00000000e5d00000| PB 0x00000000e5d00000| Untracked 
|  94|0x00000000e5e00000, 0x00000000e5f00000, 0x00000000e5f00000|100%| O|  |TAMS 0x00000000e5e00000| PB 0x00000000e5e00000| Untracked 
|  95|0x00000000e5f00000, 0x00000000e6000000, 0x00000000e6000000|100%| O|  |TAMS 0x00000000e5f00000| PB 0x00000000e5f00000| Untracked 
|  96|0x00000000e6000000, 0x00000000e60ffff8, 0x00000000e6100000| 99%| O|Cm|TAMS 0x00000000e6000000| PB 0x00000000e6000000| Complete 
|  97|0x00000000e6100000, 0x00000000e61cd990, 0x00000000e6200000| 80%| O|  |TAMS 0x00000000e6100000| PB 0x00000000e6100000| Untracked 
|  98|0x00000000e6200000, 0x00000000e6300000, 0x00000000e6300000|100%| O|  |TAMS 0x00000000e6200000| PB 0x00000000e6200000| Untracked 
|  99|0x00000000e6300000, 0x00000000e63fff28, 0x00000000e6400000| 99%| O|Cm|TAMS 0x00000000e6300000| PB 0x00000000e6300000| Complete 
| 100|0x00000000e6400000, 0x00000000e6500000, 0x00000000e6500000|100%| O|  |TAMS 0x00000000e6400000| PB 0x00000000e6400000| Untracked 
| 101|0x00000000e6500000, 0x00000000e65fffe8, 0x00000000e6600000| 99%| O|  |TAMS 0x00000000e6500000| PB 0x00000000e6500000| Untracked 
| 102|0x00000000e6600000, 0x00000000e66e44d0, 0x00000000e6700000| 89%| O|  |TAMS 0x00000000e6600000| PB 0x00000000e6600000| Untracked 
| 103|0x00000000e6700000, 0x00000000e67ffff0, 0x00000000e6800000| 99%| O|  |TAMS 0x00000000e6700000| PB 0x00000000e6700000| Untracked 
| 104|0x00000000e6800000, 0x00000000e6900000, 0x00000000e6900000|100%| O|  |TAMS 0x00000000e6800000| PB 0x00000000e6800000| Untracked 
| 105|0x00000000e6900000, 0x00000000e6a00000, 0x00000000e6a00000|100%|HS|  |TAMS 0x00000000e6900000| PB 0x00000000e6900000| Complete 
| 106|0x00000000e6a00000, 0x00000000e6aef480, 0x00000000e6b00000| 93%| O|  |TAMS 0x00000000e6a00000| PB 0x00000000e6a00000| Untracked 
| 107|0x00000000e6b00000, 0x00000000e6c00000, 0x00000000e6c00000|100%| O|  |TAMS 0x00000000e6b00000| PB 0x00000000e6b00000| Untracked 
| 108|0x00000000e6c00000, 0x00000000e6cfffe8, 0x00000000e6d00000| 99%| O|  |TAMS 0x00000000e6c00000| PB 0x00000000e6c00000| Untracked 
| 109|0x00000000e6d00000, 0x00000000e6dfffc0, 0x00000000e6e00000| 99%| O|  |TAMS 0x00000000e6d00000| PB 0x00000000e6d00000| Untracked 
| 110|0x00000000e6e00000, 0x00000000e6f00000, 0x00000000e6f00000|100%| O|  |TAMS 0x00000000e6e00000| PB 0x00000000e6e00000| Untracked 
| 111|0x00000000e6f00000, 0x00000000e6ff8370, 0x00000000e7000000| 96%| O|  |TAMS 0x00000000e6f00000| PB 0x00000000e6f00000| Untracked 
| 112|0x00000000e7000000, 0x00000000e7100000, 0x00000000e7100000|100%|HS|  |TAMS 0x00000000e7000000| PB 0x00000000e7000000| Complete 
| 113|0x00000000e7100000, 0x00000000e7200000, 0x00000000e7200000|100%|HC|  |TAMS 0x00000000e7100000| PB 0x00000000e7100000| Complete 
| 114|0x00000000e7200000, 0x00000000e72ffff0, 0x00000000e7300000| 99%| O|  |TAMS 0x00000000e7200000| PB 0x00000000e7200000| Untracked 
| 115|0x00000000e7300000, 0x00000000e73ffff8, 0x00000000e7400000| 99%| O|  |TAMS 0x00000000e7300000| PB 0x00000000e7300000| Untracked 
| 116|0x00000000e7400000, 0x00000000e7500000, 0x00000000e7500000|100%| O|  |TAMS 0x00000000e7400000| PB 0x00000000e7400000| Untracked 
| 117|0x00000000e7500000, 0x00000000e7600000, 0x00000000e7600000|100%| O|  |TAMS 0x00000000e7500000| PB 0x00000000e7500000| Untracked 
| 118|0x00000000e7600000, 0x00000000e76ffff0, 0x00000000e7700000| 99%| O|  |TAMS 0x00000000e7600000| PB 0x00000000e7600000| Untracked 
| 119|0x00000000e7700000, 0x00000000e7800000, 0x00000000e7800000|100%| O|  |TAMS 0x00000000e7700000| PB 0x00000000e7700000| Untracked 
| 120|0x00000000e7800000, 0x00000000e78fffe0, 0x00000000e7900000| 99%| O|  |TAMS 0x00000000e7800000| PB 0x00000000e7800000| Untracked 
| 121|0x00000000e7900000, 0x00000000e7a00000, 0x00000000e7a00000|100%| O|  |TAMS 0x00000000e7900000| PB 0x00000000e7900000| Untracked 
| 122|0x00000000e7a00000, 0x00000000e7affff0, 0x00000000e7b00000| 99%| O|  |TAMS 0x00000000e7a00000| PB 0x00000000e7a00000| Untracked 
| 123|0x00000000e7b00000, 0x00000000e7bffff8, 0x00000000e7c00000| 99%| O|  |TAMS 0x00000000e7b00000| PB 0x00000000e7b00000| Untracked 
| 124|0x00000000e7c00000, 0x00000000e7cfffd0, 0x00000000e7d00000| 99%| O|  |TAMS 0x00000000e7c00000| PB 0x00000000e7c00000| Untracked 
| 125|0x00000000e7d00000, 0x00000000e7dfffe8, 0x00000000e7e00000| 99%| O|  |TAMS 0x00000000e7d00000| PB 0x00000000e7d00000| Untracked 
| 126|0x00000000e7e00000, 0x00000000e7efffe8, 0x00000000e7f00000| 99%| O|  |TAMS 0x00000000e7e00000| PB 0x00000000e7e00000| Untracked 
| 127|0x00000000e7f00000, 0x00000000e7ffffb8, 0x00000000e8000000| 99%| O|  |TAMS 0x00000000e7f00000| PB 0x00000000e7f00000| Untracked 
| 128|0x00000000e8000000, 0x00000000e80ffff0, 0x00000000e8100000| 99%| O|  |TAMS 0x00000000e8000000| PB 0x00000000e8000000| Untracked 
| 129|0x00000000e8100000, 0x00000000e8200000, 0x00000000e8200000|100%| O|  |TAMS 0x00000000e8100000| PB 0x00000000e8100000| Untracked 
| 130|0x00000000e8200000, 0x00000000e82ffb30, 0x00000000e8300000| 99%| O|  |TAMS 0x00000000e8200000| PB 0x00000000e8200000| Untracked 
| 131|0x00000000e8300000, 0x00000000e8400000, 0x00000000e8400000|100%| O|  |TAMS 0x00000000e8300000| PB 0x00000000e8300000| Untracked 
| 132|0x00000000e8400000, 0x00000000e84ffff0, 0x00000000e8500000| 99%| O|  |TAMS 0x00000000e8400000| PB 0x00000000e8400000| Untracked 
| 133|0x00000000e8500000, 0x00000000e85ffe90, 0x00000000e8600000| 99%| O|  |TAMS 0x00000000e8500000| PB 0x00000000e8500000| Untracked 
| 134|0x00000000e8600000, 0x00000000e86fffe0, 0x00000000e8700000| 99%| O|  |TAMS 0x00000000e8600000| PB 0x00000000e8600000| Untracked 
| 135|0x00000000e8700000, 0x00000000e8800000, 0x00000000e8800000|100%| O|  |TAMS 0x00000000e8700000| PB 0x00000000e8700000| Untracked 
| 136|0x00000000e8800000, 0x00000000e88fffe0, 0x00000000e8900000| 99%| O|  |TAMS 0x00000000e8800000| PB 0x00000000e8800000| Untracked 
| 137|0x00000000e8900000, 0x00000000e89fa948, 0x00000000e8a00000| 97%| O|  |TAMS 0x00000000e8900000| PB 0x00000000e8900000| Untracked 
| 138|0x00000000e8a00000, 0x00000000e8affff8, 0x00000000e8b00000| 99%| O|  |TAMS 0x00000000e8a00000| PB 0x00000000e8a00000| Untracked 
| 139|0x00000000e8b00000, 0x00000000e8bfffb0, 0x00000000e8c00000| 99%| O|  |TAMS 0x00000000e8b00000| PB 0x00000000e8b00000| Untracked 
| 140|0x00000000e8c00000, 0x00000000e8cdf2b8, 0x00000000e8d00000| 87%| O|  |TAMS 0x00000000e8c00000| PB 0x00000000e8c00000| Untracked 
| 141|0x00000000e8d00000, 0x00000000e8dffff8, 0x00000000e8e00000| 99%| O|Cm|TAMS 0x00000000e8d00000| PB 0x00000000e8d00000| Complete 
| 142|0x00000000e8e00000, 0x00000000e8ef8840, 0x00000000e8f00000| 97%| O|  |TAMS 0x00000000e8e00000| PB 0x00000000e8e00000| Untracked 
| 143|0x00000000e8f00000, 0x00000000e8fffff0, 0x00000000e9000000| 99%| O|  |TAMS 0x00000000e8f00000| PB 0x00000000e8f00000| Untracked 
| 144|0x00000000e9000000, 0x00000000e90ffff0, 0x00000000e9100000| 99%| O|  |TAMS 0x00000000e9000000| PB 0x00000000e9000000| Untracked 
| 145|0x00000000e9100000, 0x00000000e91f5a98, 0x00000000e9200000| 95%| O|  |TAMS 0x00000000e9100000| PB 0x00000000e9100000| Untracked 
| 146|0x00000000e9200000, 0x00000000e92ffff8, 0x00000000e9300000| 99%| O|  |TAMS 0x00000000e9200000| PB 0x00000000e9200000| Untracked 
| 147|0x00000000e9300000, 0x00000000e93ffff0, 0x00000000e9400000| 99%| O|  |TAMS 0x00000000e9300000| PB 0x00000000e9300000| Untracked 
| 148|0x00000000e9400000, 0x00000000e9500000, 0x00000000e9500000|100%| O|  |TAMS 0x00000000e9400000| PB 0x00000000e9400000| Untracked 
| 149|0x00000000e9500000, 0x00000000e95fb270, 0x00000000e9600000| 98%| O|  |TAMS 0x00000000e9500000| PB 0x00000000e9500000| Untracked 
| 150|0x00000000e9600000, 0x00000000e96ffff0, 0x00000000e9700000| 99%| O|  |TAMS 0x00000000e9600000| PB 0x00000000e9600000| Untracked 
| 151|0x00000000e9700000, 0x00000000e97fffb8, 0x00000000e9800000| 99%| O|  |TAMS 0x00000000e9700000| PB 0x00000000e9700000| Untracked 
| 152|0x00000000e9800000, 0x00000000e98ffff0, 0x00000000e9900000| 99%| O|  |TAMS 0x00000000e9800000| PB 0x00000000e9800000| Untracked 
| 153|0x00000000e9900000, 0x00000000e99fffd8, 0x00000000e9a00000| 99%| O|  |TAMS 0x00000000e9900000| PB 0x00000000e9900000| Untracked 
| 154|0x00000000e9a00000, 0x00000000e9afffe8, 0x00000000e9b00000| 99%| O|  |TAMS 0x00000000e9a00000| PB 0x00000000e9a00000| Untracked 
| 155|0x00000000e9b00000, 0x00000000e9b99bb8, 0x00000000e9c00000| 60%| O|  |TAMS 0x00000000e9b00000| PB 0x00000000e9b00000| Untracked 
| 156|0x00000000e9c00000, 0x00000000e9d00000, 0x00000000e9d00000|100%| O|  |TAMS 0x00000000e9c00000| PB 0x00000000e9c00000| Untracked 
| 157|0x00000000e9d00000, 0x00000000e9e00000, 0x00000000e9e00000|100%| O|  |TAMS 0x00000000e9d00000| PB 0x00000000e9d00000| Untracked 
| 158|0x00000000e9e00000, 0x00000000e9f00000, 0x00000000e9f00000|100%| O|  |TAMS 0x00000000e9e00000| PB 0x00000000e9e00000| Untracked 
| 159|0x00000000e9f00000, 0x00000000ea000000, 0x00000000ea000000|100%| O|  |TAMS 0x00000000e9f00000| PB 0x00000000e9f00000| Untracked 
| 160|0x00000000ea000000, 0x00000000ea100000, 0x00000000ea100000|100%| O|  |TAMS 0x00000000ea000000| PB 0x00000000ea000000| Untracked 
| 161|0x00000000ea100000, 0x00000000ea1ffff8, 0x00000000ea200000| 99%| O|  |TAMS 0x00000000ea100000| PB 0x00000000ea100000| Untracked 
| 162|0x00000000ea200000, 0x00000000ea2ffff0, 0x00000000ea300000| 99%| O|  |TAMS 0x00000000ea200000| PB 0x00000000ea200000| Untracked 
| 163|0x00000000ea300000, 0x00000000ea3e9270, 0x00000000ea400000| 91%| O|  |TAMS 0x00000000ea300000| PB 0x00000000ea300000| Untracked 
| 164|0x00000000ea400000, 0x00000000ea500000, 0x00000000ea500000|100%| O|  |TAMS 0x00000000ea400000| PB 0x00000000ea400000| Untracked 
| 165|0x00000000ea500000, 0x00000000ea600000, 0x00000000ea600000|100%|HS|  |TAMS 0x00000000ea500000| PB 0x00000000ea500000| Complete 
| 166|0x00000000ea600000, 0x00000000ea700000, 0x00000000ea700000|100%|HS|  |TAMS 0x00000000ea600000| PB 0x00000000ea600000| Complete 
| 167|0x00000000ea700000, 0x00000000ea800000, 0x00000000ea800000|100%|HS|  |TAMS 0x00000000ea700000| PB 0x00000000ea700000| Complete 
| 168|0x00000000ea800000, 0x00000000ea900000, 0x00000000ea900000|100%|HC|  |TAMS 0x00000000ea800000| PB 0x00000000ea800000| Complete 
| 169|0x00000000ea900000, 0x00000000eaa00000, 0x00000000eaa00000|100%|HS|  |TAMS 0x00000000ea900000| PB 0x00000000ea900000| Complete 
| 170|0x00000000eaa00000, 0x00000000eab00000, 0x00000000eab00000|100%|HS|  |TAMS 0x00000000eaa00000| PB 0x00000000eaa00000| Complete 
| 171|0x00000000eab00000, 0x00000000eac00000, 0x00000000eac00000|100%|HC|  |TAMS 0x00000000eab00000| PB 0x00000000eab00000| Complete 
| 172|0x00000000eac00000, 0x00000000ead00000, 0x00000000ead00000|100%| O|  |TAMS 0x00000000eac00000| PB 0x00000000eac00000| Untracked 
| 173|0x00000000ead00000, 0x00000000ead670f0, 0x00000000eae00000| 40%| O|Cm|TAMS 0x00000000ead00000| PB 0x00000000ead00000| Complete 
| 174|0x00000000eae00000, 0x00000000eae00000, 0x00000000eaf00000|  0%| F|  |TAMS 0x00000000eae00000| PB 0x00000000eae00000| Untracked 
| 175|0x00000000eaf00000, 0x00000000eb000000, 0x00000000eb000000|100%| O|  |TAMS 0x00000000eaf00000| PB 0x00000000eaf00000| Untracked 
| 176|0x00000000eb000000, 0x00000000eb100000, 0x00000000eb100000|100%|HS|  |TAMS 0x00000000eb000000| PB 0x00000000eb000000| Complete 
| 177|0x00000000eb100000, 0x00000000eb200000, 0x00000000eb200000|100%|HC|  |TAMS 0x00000000eb100000| PB 0x00000000eb100000| Complete 
| 178|0x00000000eb200000, 0x00000000eb200000, 0x00000000eb300000|  0%| F|  |TAMS 0x00000000eb200000| PB 0x00000000eb200000| Untracked 
| 179|0x00000000eb300000, 0x00000000eb398ab8, 0x00000000eb400000| 59%| O|  |TAMS 0x00000000eb300000| PB 0x00000000eb300000| Untracked 
| 180|0x00000000eb400000, 0x00000000eb4ffff8, 0x00000000eb500000| 99%| O|  |TAMS 0x00000000eb400000| PB 0x00000000eb400000| Untracked 
| 181|0x00000000eb500000, 0x00000000eb600000, 0x00000000eb600000|100%| O|  |TAMS 0x00000000eb500000| PB 0x00000000eb500000| Untracked 
| 182|0x00000000eb600000, 0x00000000eb6ffff0, 0x00000000eb700000| 99%| O|  |TAMS 0x00000000eb600000| PB 0x00000000eb600000| Untracked 
| 183|0x00000000eb700000, 0x00000000eb7ffff0, 0x00000000eb800000| 99%| O|  |TAMS 0x00000000eb700000| PB 0x00000000eb700000| Untracked 
| 184|0x00000000eb800000, 0x00000000eb800000, 0x00000000eb900000|  0%| F|  |TAMS 0x00000000eb800000| PB 0x00000000eb800000| Untracked 
| 185|0x00000000eb900000, 0x00000000eba00000, 0x00000000eba00000|100%|HS|  |TAMS 0x00000000eb900000| PB 0x00000000eb900000| Complete 
| 186|0x00000000eba00000, 0x00000000ebb00000, 0x00000000ebb00000|100%| O|  |TAMS 0x00000000eba00000| PB 0x00000000eba00000| Untracked 
| 187|0x00000000ebb00000, 0x00000000ebc00000, 0x00000000ebc00000|100%| O|Cm|TAMS 0x00000000ebb00000| PB 0x00000000ebb00000| Complete 
| 188|0x00000000ebc00000, 0x00000000ebc43d28, 0x00000000ebd00000| 26%| O|Cm|TAMS 0x00000000ebc00000| PB 0x00000000ebc00000| Complete 
| 189|0x00000000ebd00000, 0x00000000ebdffff8, 0x00000000ebe00000| 99%| O|  |TAMS 0x00000000ebd00000| PB 0x00000000ebd00000| Untracked 
| 190|0x00000000ebe00000, 0x00000000ebe6bbe0, 0x00000000ebf00000| 42%| O|Cm|TAMS 0x00000000ebe00000| PB 0x00000000ebe00000| Complete 
| 191|0x00000000ebf00000, 0x00000000ebffffe8, 0x00000000ec000000| 99%| O|  |TAMS 0x00000000ebf00000| PB 0x00000000ebf00000| Untracked 
| 192|0x00000000ec000000, 0x00000000ec000000, 0x00000000ec100000|  0%| F|  |TAMS 0x00000000ec000000| PB 0x00000000ec000000| Untracked 
| 193|0x00000000ec100000, 0x00000000ec200000, 0x00000000ec200000|100%| O|  |TAMS 0x00000000ec100000| PB 0x00000000ec100000| Untracked 
| 194|0x00000000ec200000, 0x00000000ec300000, 0x00000000ec300000|100%| O|  |TAMS 0x00000000ec200000| PB 0x00000000ec200000| Untracked 
| 195|0x00000000ec300000, 0x00000000ec400000, 0x00000000ec400000|100%| O|  |TAMS 0x00000000ec300000| PB 0x00000000ec300000| Untracked 
| 196|0x00000000ec400000, 0x00000000ec500000, 0x00000000ec500000|100%| O|  |TAMS 0x00000000ec400000| PB 0x00000000ec400000| Untracked 
| 197|0x00000000ec500000, 0x00000000ec600000, 0x00000000ec600000|100%| O|  |TAMS 0x00000000ec500000| PB 0x00000000ec500000| Untracked 
| 198|0x00000000ec600000, 0x00000000ec6ffff8, 0x00000000ec700000| 99%| O|  |TAMS 0x00000000ec600000| PB 0x00000000ec600000| Untracked 
| 199|0x00000000ec700000, 0x00000000ec800000, 0x00000000ec800000|100%| O|  |TAMS 0x00000000ec700000| PB 0x00000000ec700000| Untracked 
| 200|0x00000000ec800000, 0x00000000ec89b330, 0x00000000ec900000| 60%| O|  |TAMS 0x00000000ec800000| PB 0x00000000ec800000| Untracked 
| 201|0x00000000ec900000, 0x00000000eca00000, 0x00000000eca00000|100%|HS|  |TAMS 0x00000000ec900000| PB 0x00000000ec900000| Complete 
| 202|0x00000000eca00000, 0x00000000ecb00000, 0x00000000ecb00000|100%|HC|  |TAMS 0x00000000eca00000| PB 0x00000000eca00000| Complete 
| 203|0x00000000ecb00000, 0x00000000ecc00000, 0x00000000ecc00000|100%|HC|  |TAMS 0x00000000ecb00000| PB 0x00000000ecb00000| Complete 
| 204|0x00000000ecc00000, 0x00000000ecd00000, 0x00000000ecd00000|100%|HC|  |TAMS 0x00000000ecc00000| PB 0x00000000ecc00000| Complete 
| 205|0x00000000ecd00000, 0x00000000ece00000, 0x00000000ece00000|100%| O|  |TAMS 0x00000000ecd00000| PB 0x00000000ecd00000| Untracked 
| 206|0x00000000ece00000, 0x00000000ecf00000, 0x00000000ecf00000|100%| O|  |TAMS 0x00000000ece00000| PB 0x00000000ece00000| Untracked 
| 207|0x00000000ecf00000, 0x00000000ed000000, 0x00000000ed000000|100%| O|  |TAMS 0x00000000ecf00000| PB 0x00000000ecf00000| Untracked 
| 208|0x00000000ed000000, 0x00000000ed100000, 0x00000000ed100000|100%| O|  |TAMS 0x00000000ed000000| PB 0x00000000ed000000| Untracked 
| 209|0x00000000ed100000, 0x00000000ed200000, 0x00000000ed200000|100%|HS|  |TAMS 0x00000000ed100000| PB 0x00000000ed100000| Complete 
| 210|0x00000000ed200000, 0x00000000ed300000, 0x00000000ed300000|100%|HC|  |TAMS 0x00000000ed200000| PB 0x00000000ed200000| Complete 
| 211|0x00000000ed300000, 0x00000000ed400000, 0x00000000ed400000|100%|HC|  |TAMS 0x00000000ed300000| PB 0x00000000ed300000| Complete 
| 212|0x00000000ed400000, 0x00000000ed500000, 0x00000000ed500000|100%|HC|  |TAMS 0x00000000ed400000| PB 0x00000000ed400000| Complete 
| 213|0x00000000ed500000, 0x00000000ed600000, 0x00000000ed600000|100%|HS|  |TAMS 0x00000000ed500000| PB 0x00000000ed500000| Complete 
| 214|0x00000000ed600000, 0x00000000ed700000, 0x00000000ed700000|100%|HC|  |TAMS 0x00000000ed600000| PB 0x00000000ed600000| Complete 
| 215|0x00000000ed700000, 0x00000000ed800000, 0x00000000ed800000|100%|HC|  |TAMS 0x00000000ed700000| PB 0x00000000ed700000| Complete 
| 216|0x00000000ed800000, 0x00000000ed900000, 0x00000000ed900000|100%|HC|  |TAMS 0x00000000ed800000| PB 0x00000000ed800000| Complete 
| 217|0x00000000ed900000, 0x00000000ed900000, 0x00000000eda00000|  0%| F|  |TAMS 0x00000000ed900000| PB 0x00000000ed900000| Untracked 
| 218|0x00000000eda00000, 0x00000000eda00000, 0x00000000edb00000|  0%| F|  |TAMS 0x00000000eda00000| PB 0x00000000eda00000| Untracked 
| 219|0x00000000edb00000, 0x00000000edb00000, 0x00000000edc00000|  0%| F|  |TAMS 0x00000000edb00000| PB 0x00000000edb00000| Untracked 
| 220|0x00000000edc00000, 0x00000000edc00000, 0x00000000edd00000|  0%| F|  |TAMS 0x00000000edc00000| PB 0x00000000edc00000| Untracked 
| 221|0x00000000edd00000, 0x00000000edd00000, 0x00000000ede00000|  0%| F|  |TAMS 0x00000000edd00000| PB 0x00000000edd00000| Untracked 
| 222|0x00000000ede00000, 0x00000000ede00000, 0x00000000edf00000|  0%| F|  |TAMS 0x00000000ede00000| PB 0x00000000ede00000| Untracked 
| 223|0x00000000edf00000, 0x00000000edf00000, 0x00000000ee000000|  0%| F|  |TAMS 0x00000000edf00000| PB 0x00000000edf00000| Untracked 
| 224|0x00000000ee000000, 0x00000000ee000000, 0x00000000ee100000|  0%| F|  |TAMS 0x00000000ee000000| PB 0x00000000ee000000| Untracked 
| 225|0x00000000ee100000, 0x00000000ee100000, 0x00000000ee200000|  0%| F|  |TAMS 0x00000000ee100000| PB 0x00000000ee100000| Untracked 
| 226|0x00000000ee200000, 0x00000000ee200000, 0x00000000ee300000|  0%| F|  |TAMS 0x00000000ee200000| PB 0x00000000ee200000| Untracked 
| 227|0x00000000ee300000, 0x00000000ee300000, 0x00000000ee400000|  0%| F|  |TAMS 0x00000000ee300000| PB 0x00000000ee300000| Untracked 
| 228|0x00000000ee400000, 0x00000000ee400000, 0x00000000ee500000|  0%| F|  |TAMS 0x00000000ee400000| PB 0x00000000ee400000| Untracked 
| 229|0x00000000ee500000, 0x00000000ee500000, 0x00000000ee600000|  0%| F|  |TAMS 0x00000000ee500000| PB 0x00000000ee500000| Untracked 
| 230|0x00000000ee600000, 0x00000000ee600000, 0x00000000ee700000|  0%| F|  |TAMS 0x00000000ee600000| PB 0x00000000ee600000| Untracked 
| 231|0x00000000ee700000, 0x00000000ee700000, 0x00000000ee800000|  0%| F|  |TAMS 0x00000000ee700000| PB 0x00000000ee700000| Untracked 
| 232|0x00000000ee800000, 0x00000000ee800000, 0x00000000ee900000|  0%| F|  |TAMS 0x00000000ee800000| PB 0x00000000ee800000| Untracked 
| 233|0x00000000ee900000, 0x00000000ee900000, 0x00000000eea00000|  0%| F|  |TAMS 0x00000000ee900000| PB 0x00000000ee900000| Untracked 
| 234|0x00000000eea00000, 0x00000000eea00000, 0x00000000eeb00000|  0%| F|  |TAMS 0x00000000eea00000| PB 0x00000000eea00000| Untracked 
| 235|0x00000000eeb00000, 0x00000000eeb00000, 0x00000000eec00000|  0%| F|  |TAMS 0x00000000eeb00000| PB 0x00000000eeb00000| Untracked 
| 236|0x00000000eec00000, 0x00000000eec00000, 0x00000000eed00000|  0%| F|  |TAMS 0x00000000eec00000| PB 0x00000000eec00000| Untracked 
| 237|0x00000000eed00000, 0x00000000eed00000, 0x00000000eee00000|  0%| F|  |TAMS 0x00000000eed00000| PB 0x00000000eed00000| Untracked 
| 238|0x00000000eee00000, 0x00000000eef00000, 0x00000000eef00000|100%|HS|  |TAMS 0x00000000eee00000| PB 0x00000000eee00000| Complete 
| 239|0x00000000eef00000, 0x00000000ef000000, 0x00000000ef000000|100%| O|  |TAMS 0x00000000eef00000| PB 0x00000000eef00000| Untracked 
| 240|0x00000000ef000000, 0x00000000ef100000, 0x00000000ef100000|100%| O|  |TAMS 0x00000000ef000000| PB 0x00000000ef000000| Untracked 
| 241|0x00000000ef100000, 0x00000000ef200000, 0x00000000ef200000|100%| O|  |TAMS 0x00000000ef100000| PB 0x00000000ef100000| Untracked 
| 242|0x00000000ef200000, 0x00000000ef300000, 0x00000000ef300000|100%| O|  |TAMS 0x00000000ef200000| PB 0x00000000ef200000| Untracked 
| 243|0x00000000ef300000, 0x00000000ef400000, 0x00000000ef400000|100%| O|  |TAMS 0x00000000ef300000| PB 0x00000000ef300000| Untracked 
| 244|0x00000000ef400000, 0x00000000ef500000, 0x00000000ef500000|100%| O|  |TAMS 0x00000000ef400000| PB 0x00000000ef400000| Untracked 
| 245|0x00000000ef500000, 0x00000000ef600000, 0x00000000ef600000|100%| O|  |TAMS 0x00000000ef500000| PB 0x00000000ef500000| Untracked 
| 246|0x00000000ef600000, 0x00000000ef700000, 0x00000000ef700000|100%| O|  |TAMS 0x00000000ef600000| PB 0x00000000ef600000| Untracked 
| 247|0x00000000ef700000, 0x00000000ef800000, 0x00000000ef800000|100%| O|  |TAMS 0x00000000ef700000| PB 0x00000000ef700000| Untracked 
| 248|0x00000000ef800000, 0x00000000ef900000, 0x00000000ef900000|100%| O|  |TAMS 0x00000000ef800000| PB 0x00000000ef800000| Untracked 
| 249|0x00000000ef900000, 0x00000000efa00000, 0x00000000efa00000|100%| O|  |TAMS 0x00000000ef900000| PB 0x00000000ef900000| Untracked 
| 250|0x00000000efa00000, 0x00000000efb00000, 0x00000000efb00000|100%| O|  |TAMS 0x00000000efa00000| PB 0x00000000efa00000| Untracked 
| 251|0x00000000efb00000, 0x00000000efc00000, 0x00000000efc00000|100%| O|  |TAMS 0x00000000efb00000| PB 0x00000000efb00000| Untracked 
| 252|0x00000000efc00000, 0x00000000efd00000, 0x00000000efd00000|100%| O|  |TAMS 0x00000000efc00000| PB 0x00000000efc00000| Untracked 
| 253|0x00000000efd00000, 0x00000000efe00000, 0x00000000efe00000|100%| O|  |TAMS 0x00000000efd00000| PB 0x00000000efd00000| Untracked 
| 254|0x00000000efe00000, 0x00000000eff00000, 0x00000000eff00000|100%| O|  |TAMS 0x00000000efe00000| PB 0x00000000efe00000| Untracked 
| 255|0x00000000eff00000, 0x00000000f0000000, 0x00000000f0000000|100%| O|  |TAMS 0x00000000eff00000| PB 0x00000000eff00000| Untracked 
| 256|0x00000000f0000000, 0x00000000f0100000, 0x00000000f0100000|100%| O|  |TAMS 0x00000000f0000000| PB 0x00000000f0000000| Untracked 
| 257|0x00000000f0100000, 0x00000000f0200000, 0x00000000f0200000|100%| O|  |TAMS 0x00000000f0100000| PB 0x00000000f0100000| Untracked 
| 258|0x00000000f0200000, 0x00000000f0300000, 0x00000000f0300000|100%| O|  |TAMS 0x00000000f0200000| PB 0x00000000f0200000| Untracked 
| 259|0x00000000f0300000, 0x00000000f0400000, 0x00000000f0400000|100%| O|  |TAMS 0x00000000f0300000| PB 0x00000000f0300000| Untracked 
| 260|0x00000000f0400000, 0x00000000f0500000, 0x00000000f0500000|100%| O|  |TAMS 0x00000000f0400000| PB 0x00000000f0400000| Untracked 
| 261|0x00000000f0500000, 0x00000000f0600000, 0x00000000f0600000|100%| O|  |TAMS 0x00000000f0500000| PB 0x00000000f0500000| Untracked 
| 262|0x00000000f0600000, 0x00000000f06df9e0, 0x00000000f0700000| 87%| O|  |TAMS 0x00000000f0600000| PB 0x00000000f0600000| Untracked 
| 263|0x00000000f0700000, 0x00000000f0700000, 0x00000000f0800000|  0%| F|  |TAMS 0x00000000f0700000| PB 0x00000000f0700000| Untracked 
| 264|0x00000000f0800000, 0x00000000f0800000, 0x00000000f0900000|  0%| F|  |TAMS 0x00000000f0800000| PB 0x00000000f0800000| Untracked 
| 265|0x00000000f0900000, 0x00000000f0900000, 0x00000000f0a00000|  0%| F|  |TAMS 0x00000000f0900000| PB 0x00000000f0900000| Untracked 
| 266|0x00000000f0a00000, 0x00000000f0a00000, 0x00000000f0b00000|  0%| F|  |TAMS 0x00000000f0a00000| PB 0x00000000f0a00000| Untracked 
| 267|0x00000000f0b00000, 0x00000000f0b00000, 0x00000000f0c00000|  0%| F|  |TAMS 0x00000000f0b00000| PB 0x00000000f0b00000| Untracked 
| 268|0x00000000f0c00000, 0x00000000f0c00000, 0x00000000f0d00000|  0%| F|  |TAMS 0x00000000f0c00000| PB 0x00000000f0c00000| Untracked 
| 269|0x00000000f0d00000, 0x00000000f0d00000, 0x00000000f0e00000|  0%| F|  |TAMS 0x00000000f0d00000| PB 0x00000000f0d00000| Untracked 
| 270|0x00000000f0e00000, 0x00000000f0e00000, 0x00000000f0f00000|  0%| F|  |TAMS 0x00000000f0e00000| PB 0x00000000f0e00000| Untracked 
| 271|0x00000000f0f00000, 0x00000000f0f00000, 0x00000000f1000000|  0%| F|  |TAMS 0x00000000f0f00000| PB 0x00000000f0f00000| Untracked 
| 272|0x00000000f1000000, 0x00000000f1000000, 0x00000000f1100000|  0%| F|  |TAMS 0x00000000f1000000| PB 0x00000000f1000000| Untracked 
| 273|0x00000000f1100000, 0x00000000f1100000, 0x00000000f1200000|  0%| F|  |TAMS 0x00000000f1100000| PB 0x00000000f1100000| Untracked 
| 274|0x00000000f1200000, 0x00000000f1200000, 0x00000000f1300000|  0%| F|  |TAMS 0x00000000f1200000| PB 0x00000000f1200000| Untracked 
| 275|0x00000000f1300000, 0x00000000f1300000, 0x00000000f1400000|  0%| F|  |TAMS 0x00000000f1300000| PB 0x00000000f1300000| Untracked 
| 276|0x00000000f1400000, 0x00000000f1400000, 0x00000000f1500000|  0%| F|  |TAMS 0x00000000f1400000| PB 0x00000000f1400000| Untracked 
| 277|0x00000000f1500000, 0x00000000f1500000, 0x00000000f1600000|  0%| F|  |TAMS 0x00000000f1500000| PB 0x00000000f1500000| Untracked 
| 278|0x00000000f1600000, 0x00000000f1600000, 0x00000000f1700000|  0%| F|  |TAMS 0x00000000f1600000| PB 0x00000000f1600000| Untracked 
| 279|0x00000000f1700000, 0x00000000f1700000, 0x00000000f1800000|  0%| F|  |TAMS 0x00000000f1700000| PB 0x00000000f1700000| Untracked 
| 280|0x00000000f1800000, 0x00000000f1800000, 0x00000000f1900000|  0%| F|  |TAMS 0x00000000f1800000| PB 0x00000000f1800000| Untracked 
| 281|0x00000000f1900000, 0x00000000f1900000, 0x00000000f1a00000|  0%| F|  |TAMS 0x00000000f1900000| PB 0x00000000f1900000| Untracked 
| 282|0x00000000f1a00000, 0x00000000f1a00000, 0x00000000f1b00000|  0%| F|  |TAMS 0x00000000f1a00000| PB 0x00000000f1a00000| Untracked 
| 283|0x00000000f1b00000, 0x00000000f1b00000, 0x00000000f1c00000|  0%| F|  |TAMS 0x00000000f1b00000| PB 0x00000000f1b00000| Untracked 
| 284|0x00000000f1c00000, 0x00000000f1c00000, 0x00000000f1d00000|  0%| F|  |TAMS 0x00000000f1c00000| PB 0x00000000f1c00000| Untracked 
| 285|0x00000000f1d00000, 0x00000000f1d00000, 0x00000000f1e00000|  0%| F|  |TAMS 0x00000000f1d00000| PB 0x00000000f1d00000| Untracked 
| 286|0x00000000f1e00000, 0x00000000f1e00000, 0x00000000f1f00000|  0%| F|  |TAMS 0x00000000f1e00000| PB 0x00000000f1e00000| Untracked 
| 287|0x00000000f1f00000, 0x00000000f1f00000, 0x00000000f2000000|  0%| F|  |TAMS 0x00000000f1f00000| PB 0x00000000f1f00000| Untracked 
| 288|0x00000000f2000000, 0x00000000f2000000, 0x00000000f2100000|  0%| F|  |TAMS 0x00000000f2000000| PB 0x00000000f2000000| Untracked 
| 289|0x00000000f2100000, 0x00000000f2100000, 0x00000000f2200000|  0%| F|  |TAMS 0x00000000f2100000| PB 0x00000000f2100000| Untracked 
| 290|0x00000000f2200000, 0x00000000f2200000, 0x00000000f2300000|  0%| F|  |TAMS 0x00000000f2200000| PB 0x00000000f2200000| Untracked 
| 291|0x00000000f2300000, 0x00000000f2300000, 0x00000000f2400000|  0%| F|  |TAMS 0x00000000f2300000| PB 0x00000000f2300000| Untracked 
| 292|0x00000000f2400000, 0x00000000f2400000, 0x00000000f2500000|  0%| F|  |TAMS 0x00000000f2400000| PB 0x00000000f2400000| Untracked 
| 293|0x00000000f2500000, 0x00000000f2500000, 0x00000000f2600000|  0%| F|  |TAMS 0x00000000f2500000| PB 0x00000000f2500000| Untracked 
| 294|0x00000000f2600000, 0x00000000f2600000, 0x00000000f2700000|  0%| F|  |TAMS 0x00000000f2600000| PB 0x00000000f2600000| Untracked 
| 295|0x00000000f2700000, 0x00000000f2700000, 0x00000000f2800000|  0%| F|  |TAMS 0x00000000f2700000| PB 0x00000000f2700000| Untracked 
| 296|0x00000000f2800000, 0x00000000f2800000, 0x00000000f2900000|  0%| F|  |TAMS 0x00000000f2800000| PB 0x00000000f2800000| Untracked 
| 297|0x00000000f2900000, 0x00000000f2900000, 0x00000000f2a00000|  0%| F|  |TAMS 0x00000000f2900000| PB 0x00000000f2900000| Untracked 
| 298|0x00000000f2a00000, 0x00000000f2a00000, 0x00000000f2b00000|  0%| F|  |TAMS 0x00000000f2a00000| PB 0x00000000f2a00000| Untracked 
| 299|0x00000000f2b00000, 0x00000000f2b00000, 0x00000000f2c00000|  0%| F|  |TAMS 0x00000000f2b00000| PB 0x00000000f2b00000| Untracked 
| 300|0x00000000f2c00000, 0x00000000f2c00000, 0x00000000f2d00000|  0%| F|  |TAMS 0x00000000f2c00000| PB 0x00000000f2c00000| Untracked 
| 301|0x00000000f2d00000, 0x00000000f2d00000, 0x00000000f2e00000|  0%| F|  |TAMS 0x00000000f2d00000| PB 0x00000000f2d00000| Untracked 
| 302|0x00000000f2e00000, 0x00000000f2e00000, 0x00000000f2f00000|  0%| F|  |TAMS 0x00000000f2e00000| PB 0x00000000f2e00000| Untracked 
| 303|0x00000000f2f00000, 0x00000000f2f00000, 0x00000000f3000000|  0%| F|  |TAMS 0x00000000f2f00000| PB 0x00000000f2f00000| Untracked 
| 304|0x00000000f3000000, 0x00000000f3000000, 0x00000000f3100000|  0%| F|  |TAMS 0x00000000f3000000| PB 0x00000000f3000000| Untracked 
| 305|0x00000000f3100000, 0x00000000f3100000, 0x00000000f3200000|  0%| F|  |TAMS 0x00000000f3100000| PB 0x00000000f3100000| Untracked 
| 306|0x00000000f3200000, 0x00000000f3200000, 0x00000000f3300000|  0%| F|  |TAMS 0x00000000f3200000| PB 0x00000000f3200000| Untracked 
| 307|0x00000000f3300000, 0x00000000f3300000, 0x00000000f3400000|  0%| F|  |TAMS 0x00000000f3300000| PB 0x00000000f3300000| Untracked 
| 308|0x00000000f3400000, 0x00000000f3400000, 0x00000000f3500000|  0%| F|  |TAMS 0x00000000f3400000| PB 0x00000000f3400000| Untracked 
| 309|0x00000000f3500000, 0x00000000f3500000, 0x00000000f3600000|  0%| F|  |TAMS 0x00000000f3500000| PB 0x00000000f3500000| Untracked 
| 310|0x00000000f3600000, 0x00000000f3600000, 0x00000000f3700000|  0%| F|  |TAMS 0x00000000f3600000| PB 0x00000000f3600000| Untracked 
| 311|0x00000000f3700000, 0x00000000f3700000, 0x00000000f3800000|  0%| F|  |TAMS 0x00000000f3700000| PB 0x00000000f3700000| Untracked 
| 312|0x00000000f3800000, 0x00000000f3800000, 0x00000000f3900000|  0%| F|  |TAMS 0x00000000f3800000| PB 0x00000000f3800000| Untracked 
| 313|0x00000000f3900000, 0x00000000f3900000, 0x00000000f3a00000|  0%| F|  |TAMS 0x00000000f3900000| PB 0x00000000f3900000| Untracked 
| 314|0x00000000f3a00000, 0x00000000f3a00000, 0x00000000f3b00000|  0%| F|  |TAMS 0x00000000f3a00000| PB 0x00000000f3a00000| Untracked 
| 315|0x00000000f3b00000, 0x00000000f3b00000, 0x00000000f3c00000|  0%| F|  |TAMS 0x00000000f3b00000| PB 0x00000000f3b00000| Untracked 
| 316|0x00000000f3c00000, 0x00000000f3c00000, 0x00000000f3d00000|  0%| F|  |TAMS 0x00000000f3c00000| PB 0x00000000f3c00000| Untracked 
| 317|0x00000000f3d00000, 0x00000000f3d00000, 0x00000000f3e00000|  0%| F|  |TAMS 0x00000000f3d00000| PB 0x00000000f3d00000| Untracked 
| 318|0x00000000f3e00000, 0x00000000f3e00000, 0x00000000f3f00000|  0%| F|  |TAMS 0x00000000f3e00000| PB 0x00000000f3e00000| Untracked 
| 319|0x00000000f3f00000, 0x00000000f4000000, 0x00000000f4000000|100%| O|  |TAMS 0x00000000f3f00000| PB 0x00000000f3f00000| Untracked 
| 320|0x00000000f4000000, 0x00000000f4100000, 0x00000000f4100000|100%| O|  |TAMS 0x00000000f4000000| PB 0x00000000f4000000| Untracked 
| 321|0x00000000f4100000, 0x00000000f4100000, 0x00000000f4200000|  0%| F|  |TAMS 0x00000000f4100000| PB 0x00000000f4100000| Untracked 
| 322|0x00000000f4200000, 0x00000000f4200000, 0x00000000f4300000|  0%| F|  |TAMS 0x00000000f4200000| PB 0x00000000f4200000| Untracked 
| 323|0x00000000f4300000, 0x00000000f4300000, 0x00000000f4400000|  0%| F|  |TAMS 0x00000000f4300000| PB 0x00000000f4300000| Untracked 
| 324|0x00000000f4400000, 0x00000000f4400000, 0x00000000f4500000|  0%| F|  |TAMS 0x00000000f4400000| PB 0x00000000f4400000| Untracked 
| 325|0x00000000f4500000, 0x00000000f4500000, 0x00000000f4600000|  0%| F|  |TAMS 0x00000000f4500000| PB 0x00000000f4500000| Untracked 
| 326|0x00000000f4600000, 0x00000000f4600000, 0x00000000f4700000|  0%| F|  |TAMS 0x00000000f4600000| PB 0x00000000f4600000| Untracked 
| 327|0x00000000f4700000, 0x00000000f4700000, 0x00000000f4800000|  0%| F|  |TAMS 0x00000000f4700000| PB 0x00000000f4700000| Untracked 
| 328|0x00000000f4800000, 0x00000000f4800000, 0x00000000f4900000|  0%| F|  |TAMS 0x00000000f4800000| PB 0x00000000f4800000| Untracked 
| 329|0x00000000f4900000, 0x00000000f4900000, 0x00000000f4a00000|  0%| F|  |TAMS 0x00000000f4900000| PB 0x00000000f4900000| Untracked 
| 330|0x00000000f4a00000, 0x00000000f4a00000, 0x00000000f4b00000|  0%| F|  |TAMS 0x00000000f4a00000| PB 0x00000000f4a00000| Untracked 
| 331|0x00000000f4b00000, 0x00000000f4b00000, 0x00000000f4c00000|  0%| F|  |TAMS 0x00000000f4b00000| PB 0x00000000f4b00000| Untracked 
| 332|0x00000000f4c00000, 0x00000000f4c00000, 0x00000000f4d00000|  0%| F|  |TAMS 0x00000000f4c00000| PB 0x00000000f4c00000| Untracked 
| 333|0x00000000f4d00000, 0x00000000f4d00000, 0x00000000f4e00000|  0%| F|  |TAMS 0x00000000f4d00000| PB 0x00000000f4d00000| Untracked 
| 334|0x00000000f4e00000, 0x00000000f4f00000, 0x00000000f4f00000|100%| O|  |TAMS 0x00000000f4e00000| PB 0x00000000f4e00000| Untracked 
| 335|0x00000000f4f00000, 0x00000000f4f00000, 0x00000000f5000000|  0%| F|  |TAMS 0x00000000f4f00000| PB 0x00000000f4f00000| Untracked 
| 336|0x00000000f5000000, 0x00000000f5000000, 0x00000000f5100000|  0%| F|  |TAMS 0x00000000f5000000| PB 0x00000000f5000000| Untracked 
| 337|0x00000000f5100000, 0x00000000f5100000, 0x00000000f5200000|  0%| F|  |TAMS 0x00000000f5100000| PB 0x00000000f5100000| Untracked 
| 338|0x00000000f5200000, 0x00000000f5200000, 0x00000000f5300000|  0%| F|  |TAMS 0x00000000f5200000| PB 0x00000000f5200000| Untracked 
| 339|0x00000000f5300000, 0x00000000f5300000, 0x00000000f5400000|  0%| F|  |TAMS 0x00000000f5300000| PB 0x00000000f5300000| Untracked 
| 340|0x00000000f5400000, 0x00000000f5400000, 0x00000000f5500000|  0%| F|  |TAMS 0x00000000f5400000| PB 0x00000000f5400000| Untracked 
| 341|0x00000000f5500000, 0x00000000f5500000, 0x00000000f5600000|  0%| F|  |TAMS 0x00000000f5500000| PB 0x00000000f5500000| Untracked 
| 342|0x00000000f5600000, 0x00000000f5600000, 0x00000000f5700000|  0%| F|  |TAMS 0x00000000f5600000| PB 0x00000000f5600000| Untracked 
| 343|0x00000000f5700000, 0x00000000f5700000, 0x00000000f5800000|  0%| F|  |TAMS 0x00000000f5700000| PB 0x00000000f5700000| Untracked 
| 344|0x00000000f5800000, 0x00000000f5800000, 0x00000000f5900000|  0%| F|  |TAMS 0x00000000f5800000| PB 0x00000000f5800000| Untracked 
| 345|0x00000000f5900000, 0x00000000f5900000, 0x00000000f5a00000|  0%| F|  |TAMS 0x00000000f5900000| PB 0x00000000f5900000| Untracked 
| 346|0x00000000f5a00000, 0x00000000f5a00000, 0x00000000f5b00000|  0%| F|  |TAMS 0x00000000f5a00000| PB 0x00000000f5a00000| Untracked 
| 347|0x00000000f5b00000, 0x00000000f5b00000, 0x00000000f5c00000|  0%| F|  |TAMS 0x00000000f5b00000| PB 0x00000000f5b00000| Untracked 
| 348|0x00000000f5c00000, 0x00000000f5c00000, 0x00000000f5d00000|  0%| F|  |TAMS 0x00000000f5c00000| PB 0x00000000f5c00000| Untracked 
| 349|0x00000000f5d00000, 0x00000000f5d00000, 0x00000000f5e00000|  0%| F|  |TAMS 0x00000000f5d00000| PB 0x00000000f5d00000| Untracked 
| 350|0x00000000f5e00000, 0x00000000f5e00000, 0x00000000f5f00000|  0%| F|  |TAMS 0x00000000f5e00000| PB 0x00000000f5e00000| Untracked 
| 351|0x00000000f5f00000, 0x00000000f5f00000, 0x00000000f6000000|  0%| F|  |TAMS 0x00000000f5f00000| PB 0x00000000f5f00000| Untracked 
| 352|0x00000000f6000000, 0x00000000f6000000, 0x00000000f6100000|  0%| F|  |TAMS 0x00000000f6000000| PB 0x00000000f6000000| Untracked 
| 353|0x00000000f6100000, 0x00000000f6100000, 0x00000000f6200000|  0%| F|  |TAMS 0x00000000f6100000| PB 0x00000000f6100000| Untracked 
| 354|0x00000000f6200000, 0x00000000f6300000, 0x00000000f6300000|100%| O|  |TAMS 0x00000000f6200000| PB 0x00000000f6200000| Untracked 
| 355|0x00000000f6300000, 0x00000000f6400000, 0x00000000f6400000|100%| O|  |TAMS 0x00000000f6300000| PB 0x00000000f6300000| Untracked 
| 356|0x00000000f6400000, 0x00000000f6400000, 0x00000000f6500000|  0%| F|  |TAMS 0x00000000f6400000| PB 0x00000000f6400000| Untracked 
| 357|0x00000000f6500000, 0x00000000f6500000, 0x00000000f6600000|  0%| F|  |TAMS 0x00000000f6500000| PB 0x00000000f6500000| Untracked 
| 358|0x00000000f6600000, 0x00000000f6600000, 0x00000000f6700000|  0%| F|  |TAMS 0x00000000f6600000| PB 0x00000000f6600000| Untracked 
| 359|0x00000000f6700000, 0x00000000f6700000, 0x00000000f6800000|  0%| F|  |TAMS 0x00000000f6700000| PB 0x00000000f6700000| Untracked 
| 360|0x00000000f6800000, 0x00000000f6900000, 0x00000000f6900000|100%| O|  |TAMS 0x00000000f6800000| PB 0x00000000f6800000| Untracked 
| 361|0x00000000f6900000, 0x00000000f6a00000, 0x00000000f6a00000|100%| O|  |TAMS 0x00000000f6900000| PB 0x00000000f6900000| Untracked 
| 362|0x00000000f6a00000, 0x00000000f6a00000, 0x00000000f6b00000|  0%| F|  |TAMS 0x00000000f6a00000| PB 0x00000000f6a00000| Untracked 
| 363|0x00000000f6b00000, 0x00000000f6b00000, 0x00000000f6c00000|  0%| F|  |TAMS 0x00000000f6b00000| PB 0x00000000f6b00000| Untracked 
| 364|0x00000000f6c00000, 0x00000000f6c00000, 0x00000000f6d00000|  0%| F|  |TAMS 0x00000000f6c00000| PB 0x00000000f6c00000| Untracked 
| 365|0x00000000f6d00000, 0x00000000f6d00000, 0x00000000f6e00000|  0%| F|  |TAMS 0x00000000f6d00000| PB 0x00000000f6d00000| Untracked 
| 366|0x00000000f6e00000, 0x00000000f6e00000, 0x00000000f6f00000|  0%| F|  |TAMS 0x00000000f6e00000| PB 0x00000000f6e00000| Untracked 
| 367|0x00000000f6f00000, 0x00000000f6f00000, 0x00000000f7000000|  0%| F|  |TAMS 0x00000000f6f00000| PB 0x00000000f6f00000| Untracked 
| 368|0x00000000f7000000, 0x00000000f7000000, 0x00000000f7100000|  0%| F|  |TAMS 0x00000000f7000000| PB 0x00000000f7000000| Untracked 
| 369|0x00000000f7100000, 0x00000000f7100000, 0x00000000f7200000|  0%| F|  |TAMS 0x00000000f7100000| PB 0x00000000f7100000| Untracked 
| 370|0x00000000f7200000, 0x00000000f7200000, 0x00000000f7300000|  0%| F|  |TAMS 0x00000000f7200000| PB 0x00000000f7200000| Untracked 
| 371|0x00000000f7300000, 0x00000000f7300000, 0x00000000f7400000|  0%| F|  |TAMS 0x00000000f7300000| PB 0x00000000f7300000| Untracked 
| 372|0x00000000f7400000, 0x00000000f7400000, 0x00000000f7500000|  0%| F|  |TAMS 0x00000000f7400000| PB 0x00000000f7400000| Untracked 
| 373|0x00000000f7500000, 0x00000000f7500000, 0x00000000f7600000|  0%| F|  |TAMS 0x00000000f7500000| PB 0x00000000f7500000| Untracked 
| 374|0x00000000f7600000, 0x00000000f7600000, 0x00000000f7700000|  0%| F|  |TAMS 0x00000000f7600000| PB 0x00000000f7600000| Untracked 
| 375|0x00000000f7700000, 0x00000000f7700000, 0x00000000f7800000|  0%| F|  |TAMS 0x00000000f7700000| PB 0x00000000f7700000| Untracked 
| 376|0x00000000f7800000, 0x00000000f7800000, 0x00000000f7900000|  0%| F|  |TAMS 0x00000000f7800000| PB 0x00000000f7800000| Untracked 
| 377|0x00000000f7900000, 0x00000000f7900000, 0x00000000f7a00000|  0%| F|  |TAMS 0x00000000f7900000| PB 0x00000000f7900000| Untracked 
| 378|0x00000000f7a00000, 0x00000000f7a00000, 0x00000000f7b00000|  0%| F|  |TAMS 0x00000000f7a00000| PB 0x00000000f7a00000| Untracked 
| 379|0x00000000f7b00000, 0x00000000f7b00000, 0x00000000f7c00000|  0%| F|  |TAMS 0x00000000f7b00000| PB 0x00000000f7b00000| Untracked 
| 380|0x00000000f7c00000, 0x00000000f7c00000, 0x00000000f7d00000|  0%| F|  |TAMS 0x00000000f7c00000| PB 0x00000000f7c00000| Untracked 
| 381|0x00000000f7d00000, 0x00000000f7d00000, 0x00000000f7e00000|  0%| F|  |TAMS 0x00000000f7d00000| PB 0x00000000f7d00000| Untracked 
| 382|0x00000000f7e00000, 0x00000000f7e00000, 0x00000000f7f00000|  0%| F|  |TAMS 0x00000000f7e00000| PB 0x00000000f7e00000| Untracked 
| 383|0x00000000f7f00000, 0x00000000f7f00000, 0x00000000f8000000|  0%| F|  |TAMS 0x00000000f7f00000| PB 0x00000000f7f00000| Untracked 
| 384|0x00000000f8000000, 0x00000000f8000000, 0x00000000f8100000|  0%| F|  |TAMS 0x00000000f8000000| PB 0x00000000f8000000| Untracked 
| 385|0x00000000f8100000, 0x00000000f8200000, 0x00000000f8200000|100%| E|  |TAMS 0x00000000f8100000| PB 0x00000000f8100000| Complete 
| 386|0x00000000f8200000, 0x00000000f8300000, 0x00000000f8300000|100%| E|CS|TAMS 0x00000000f8200000| PB 0x00000000f8200000| Complete 
| 387|0x00000000f8300000, 0x00000000f8400000, 0x00000000f8400000|100%| E|CS|TAMS 0x00000000f8300000| PB 0x00000000f8300000| Complete 
| 388|0x00000000f8400000, 0x00000000f8500000, 0x00000000f8500000|100%| E|  |TAMS 0x00000000f8400000| PB 0x00000000f8400000| Complete 
| 389|0x00000000f8500000, 0x00000000f8600000, 0x00000000f8600000|100%| E|CS|TAMS 0x00000000f8500000| PB 0x00000000f8500000| Complete 
| 390|0x00000000f8600000, 0x00000000f8700000, 0x00000000f8700000|100%| E|CS|TAMS 0x00000000f8600000| PB 0x00000000f8600000| Complete 
| 391|0x00000000f8700000, 0x00000000f8800000, 0x00000000f8800000|100%| E|CS|TAMS 0x00000000f8700000| PB 0x00000000f8700000| Complete 
| 392|0x00000000f8800000, 0x00000000f8900000, 0x00000000f8900000|100%| E|CS|TAMS 0x00000000f8800000| PB 0x00000000f8800000| Complete 
| 393|0x00000000f8900000, 0x00000000f8a00000, 0x00000000f8a00000|100%| E|CS|TAMS 0x00000000f8900000| PB 0x00000000f8900000| Complete 
| 394|0x00000000f8a00000, 0x00000000f8b00000, 0x00000000f8b00000|100%| E|CS|TAMS 0x00000000f8a00000| PB 0x00000000f8a00000| Complete 
| 395|0x00000000f8b00000, 0x00000000f8c00000, 0x00000000f8c00000|100%| E|CS|TAMS 0x00000000f8b00000| PB 0x00000000f8b00000| Complete 
| 396|0x00000000f8c00000, 0x00000000f8d00000, 0x00000000f8d00000|100%| E|CS|TAMS 0x00000000f8c00000| PB 0x00000000f8c00000| Complete 
| 397|0x00000000f8d00000, 0x00000000f8e00000, 0x00000000f8e00000|100%| E|CS|TAMS 0x00000000f8d00000| PB 0x00000000f8d00000| Complete 
| 398|0x00000000f8e00000, 0x00000000f8f00000, 0x00000000f8f00000|100%| E|CS|TAMS 0x00000000f8e00000| PB 0x00000000f8e00000| Complete 
| 399|0x00000000f8f00000, 0x00000000f9000000, 0x00000000f9000000|100%| E|CS|TAMS 0x00000000f8f00000| PB 0x00000000f8f00000| Complete 
| 400|0x00000000f9000000, 0x00000000f9100000, 0x00000000f9100000|100%| E|CS|TAMS 0x00000000f9000000| PB 0x00000000f9000000| Complete 
| 401|0x00000000f9100000, 0x00000000f9200000, 0x00000000f9200000|100%| E|CS|TAMS 0x00000000f9100000| PB 0x00000000f9100000| Complete 
| 402|0x00000000f9200000, 0x00000000f9300000, 0x00000000f9300000|100%| E|CS|TAMS 0x00000000f9200000| PB 0x00000000f9200000| Complete 
| 403|0x00000000f9300000, 0x00000000f9400000, 0x00000000f9400000|100%| E|CS|TAMS 0x00000000f9300000| PB 0x00000000f9300000| Complete 
| 404|0x00000000f9400000, 0x00000000f9500000, 0x00000000f9500000|100%| E|CS|TAMS 0x00000000f9400000| PB 0x00000000f9400000| Complete 
| 405|0x00000000f9500000, 0x00000000f9600000, 0x00000000f9600000|100%| E|CS|TAMS 0x00000000f9500000| PB 0x00000000f9500000| Complete 
| 406|0x00000000f9600000, 0x00000000f9700000, 0x00000000f9700000|100%| E|CS|TAMS 0x00000000f9600000| PB 0x00000000f9600000| Complete 
| 407|0x00000000f9700000, 0x00000000f9800000, 0x00000000f9800000|100%| E|CS|TAMS 0x00000000f9700000| PB 0x00000000f9700000| Complete 
| 408|0x00000000f9800000, 0x00000000f9900000, 0x00000000f9900000|100%| E|CS|TAMS 0x00000000f9800000| PB 0x00000000f9800000| Complete 
| 409|0x00000000f9900000, 0x00000000f9a00000, 0x00000000f9a00000|100%| E|CS|TAMS 0x00000000f9900000| PB 0x00000000f9900000| Complete 
| 410|0x00000000f9a00000, 0x00000000f9b00000, 0x00000000f9b00000|100%| E|CS|TAMS 0x00000000f9a00000| PB 0x00000000f9a00000| Complete 
| 411|0x00000000f9b00000, 0x00000000f9c00000, 0x00000000f9c00000|100%| E|CS|TAMS 0x00000000f9b00000| PB 0x00000000f9b00000| Complete 
| 412|0x00000000f9c00000, 0x00000000f9d00000, 0x00000000f9d00000|100%| E|CS|TAMS 0x00000000f9c00000| PB 0x00000000f9c00000| Complete 
| 413|0x00000000f9d00000, 0x00000000f9e00000, 0x00000000f9e00000|100%| E|CS|TAMS 0x00000000f9d00000| PB 0x00000000f9d00000| Complete 
| 414|0x00000000f9e00000, 0x00000000f9f00000, 0x00000000f9f00000|100%| E|CS|TAMS 0x00000000f9e00000| PB 0x00000000f9e00000| Complete 
| 415|0x00000000f9f00000, 0x00000000fa000000, 0x00000000fa000000|100%| E|CS|TAMS 0x00000000f9f00000| PB 0x00000000f9f00000| Complete 
| 416|0x00000000fa000000, 0x00000000fa100000, 0x00000000fa100000|100%| E|CS|TAMS 0x00000000fa000000| PB 0x00000000fa000000| Complete 
| 417|0x00000000fa100000, 0x00000000fa200000, 0x00000000fa200000|100%| E|CS|TAMS 0x00000000fa100000| PB 0x00000000fa100000| Complete 
| 418|0x00000000fa200000, 0x00000000fa300000, 0x00000000fa300000|100%| E|CS|TAMS 0x00000000fa200000| PB 0x00000000fa200000| Complete 
| 419|0x00000000fa300000, 0x00000000fa400000, 0x00000000fa400000|100%| E|CS|TAMS 0x00000000fa300000| PB 0x00000000fa300000| Complete 
| 420|0x00000000fa400000, 0x00000000fa500000, 0x00000000fa500000|100%| E|CS|TAMS 0x00000000fa400000| PB 0x00000000fa400000| Complete 
| 421|0x00000000fa500000, 0x00000000fa600000, 0x00000000fa600000|100%| E|CS|TAMS 0x00000000fa500000| PB 0x00000000fa500000| Complete 
| 422|0x00000000fa600000, 0x00000000fa700000, 0x00000000fa700000|100%| E|CS|TAMS 0x00000000fa600000| PB 0x00000000fa600000| Complete 
| 423|0x00000000fa700000, 0x00000000fa800000, 0x00000000fa800000|100%| E|CS|TAMS 0x00000000fa700000| PB 0x00000000fa700000| Complete 
| 424|0x00000000fa800000, 0x00000000fa900000, 0x00000000fa900000|100%| E|CS|TAMS 0x00000000fa800000| PB 0x00000000fa800000| Complete 
| 425|0x00000000fa900000, 0x00000000faa00000, 0x00000000faa00000|100%| E|CS|TAMS 0x00000000fa900000| PB 0x00000000fa900000| Complete 
| 426|0x00000000faa00000, 0x00000000fab00000, 0x00000000fab00000|100%| E|CS|TAMS 0x00000000faa00000| PB 0x00000000faa00000| Complete 
| 427|0x00000000fab00000, 0x00000000fac00000, 0x00000000fac00000|100%| E|CS|TAMS 0x00000000fab00000| PB 0x00000000fab00000| Complete 
| 428|0x00000000fac00000, 0x00000000fad00000, 0x00000000fad00000|100%| E|CS|TAMS 0x00000000fac00000| PB 0x00000000fac00000| Complete 
| 429|0x00000000fad00000, 0x00000000fae00000, 0x00000000fae00000|100%| E|CS|TAMS 0x00000000fad00000| PB 0x00000000fad00000| Complete 
| 430|0x00000000fae00000, 0x00000000faf00000, 0x00000000faf00000|100%| E|CS|TAMS 0x00000000fae00000| PB 0x00000000fae00000| Complete 
| 431|0x00000000faf00000, 0x00000000fb000000, 0x00000000fb000000|100%| E|CS|TAMS 0x00000000faf00000| PB 0x00000000faf00000| Complete 
| 432|0x00000000fb000000, 0x00000000fb100000, 0x00000000fb100000|100%| E|CS|TAMS 0x00000000fb000000| PB 0x00000000fb000000| Complete 
| 433|0x00000000fb100000, 0x00000000fb200000, 0x00000000fb200000|100%| E|CS|TAMS 0x00000000fb100000| PB 0x00000000fb100000| Complete 
| 434|0x00000000fb200000, 0x00000000fb300000, 0x00000000fb300000|100%| E|CS|TAMS 0x00000000fb200000| PB 0x00000000fb200000| Complete 
| 435|0x00000000fb300000, 0x00000000fb400000, 0x00000000fb400000|100%| E|CS|TAMS 0x00000000fb300000| PB 0x00000000fb300000| Complete 
| 436|0x00000000fb400000, 0x00000000fb480000, 0x00000000fb500000| 50%| S|CS|TAMS 0x00000000fb400000| PB 0x00000000fb400000| Complete 
| 437|0x00000000fb500000, 0x00000000fb600000, 0x00000000fb600000|100%| S|CS|TAMS 0x00000000fb500000| PB 0x00000000fb500000| Complete 
| 438|0x00000000fb600000, 0x00000000fb700000, 0x00000000fb700000|100%| S|CS|TAMS 0x00000000fb600000| PB 0x00000000fb600000| Complete 
| 439|0x00000000fb700000, 0x00000000fb800000, 0x00000000fb800000|100%| S|CS|TAMS 0x00000000fb700000| PB 0x00000000fb700000| Complete 
| 440|0x00000000fb800000, 0x00000000fb900000, 0x00000000fb900000|100%| S|CS|TAMS 0x00000000fb800000| PB 0x00000000fb800000| Complete 
| 441|0x00000000fb900000, 0x00000000fba00000, 0x00000000fba00000|100%| S|CS|TAMS 0x00000000fb900000| PB 0x00000000fb900000| Complete 
| 442|0x00000000fba00000, 0x00000000fbb00000, 0x00000000fbb00000|100%| S|CS|TAMS 0x00000000fba00000| PB 0x00000000fba00000| Complete 
| 443|0x00000000fbb00000, 0x00000000fbc00000, 0x00000000fbc00000|100%| S|CS|TAMS 0x00000000fbb00000| PB 0x00000000fbb00000| Complete 
| 444|0x00000000fbc00000, 0x00000000fbd00000, 0x00000000fbd00000|100%| E|CS|TAMS 0x00000000fbc00000| PB 0x00000000fbc00000| Complete 
| 445|0x00000000fbd00000, 0x00000000fbe00000, 0x00000000fbe00000|100%| E|CS|TAMS 0x00000000fbd00000| PB 0x00000000fbd00000| Complete 
| 446|0x00000000fbe00000, 0x00000000fbf00000, 0x00000000fbf00000|100%| E|CS|TAMS 0x00000000fbe00000| PB 0x00000000fbe00000| Complete 
| 447|0x00000000fbf00000, 0x00000000fc000000, 0x00000000fc000000|100%| E|CS|TAMS 0x00000000fbf00000| PB 0x00000000fbf00000| Complete 
| 448|0x00000000fc000000, 0x00000000fc100000, 0x00000000fc100000|100%| E|CS|TAMS 0x00000000fc000000| PB 0x00000000fc000000| Complete 
| 449|0x00000000fc100000, 0x00000000fc200000, 0x00000000fc200000|100%| E|CS|TAMS 0x00000000fc100000| PB 0x00000000fc100000| Complete 
| 450|0x00000000fc200000, 0x00000000fc300000, 0x00000000fc300000|100%| E|CS|TAMS 0x00000000fc200000| PB 0x00000000fc200000| Complete 
| 451|0x00000000fc300000, 0x00000000fc400000, 0x00000000fc400000|100%| E|CS|TAMS 0x00000000fc300000| PB 0x00000000fc300000| Complete 
| 452|0x00000000fc400000, 0x00000000fc500000, 0x00000000fc500000|100%| E|CS|TAMS 0x00000000fc400000| PB 0x00000000fc400000| Complete 
| 453|0x00000000fc500000, 0x00000000fc600000, 0x00000000fc600000|100%| E|CS|TAMS 0x00000000fc500000| PB 0x00000000fc500000| Complete 
| 454|0x00000000fc600000, 0x00000000fc700000, 0x00000000fc700000|100%| E|CS|TAMS 0x00000000fc600000| PB 0x00000000fc600000| Complete 
| 455|0x00000000fc700000, 0x00000000fc800000, 0x00000000fc800000|100%| E|CS|TAMS 0x00000000fc700000| PB 0x00000000fc700000| Complete 
| 456|0x00000000fc800000, 0x00000000fc900000, 0x00000000fc900000|100%| E|CS|TAMS 0x00000000fc800000| PB 0x00000000fc800000| Complete 
| 457|0x00000000fc900000, 0x00000000fca00000, 0x00000000fca00000|100%| E|CS|TAMS 0x00000000fc900000| PB 0x00000000fc900000| Complete 
| 458|0x00000000fca00000, 0x00000000fcb00000, 0x00000000fcb00000|100%| E|CS|TAMS 0x00000000fca00000| PB 0x00000000fca00000| Complete 
| 459|0x00000000fcb00000, 0x00000000fcc00000, 0x00000000fcc00000|100%| E|CS|TAMS 0x00000000fcb00000| PB 0x00000000fcb00000| Complete 
| 460|0x00000000fcc00000, 0x00000000fcd00000, 0x00000000fcd00000|100%| E|CS|TAMS 0x00000000fcc00000| PB 0x00000000fcc00000| Complete 
| 461|0x00000000fcd00000, 0x00000000fce00000, 0x00000000fce00000|100%| E|CS|TAMS 0x00000000fcd00000| PB 0x00000000fcd00000| Complete 
| 462|0x00000000fce00000, 0x00000000fcf00000, 0x00000000fcf00000|100%| E|CS|TAMS 0x00000000fce00000| PB 0x00000000fce00000| Complete 
| 463|0x00000000fcf00000, 0x00000000fd000000, 0x00000000fd000000|100%| E|CS|TAMS 0x00000000fcf00000| PB 0x00000000fcf00000| Complete 
| 464|0x00000000fd000000, 0x00000000fd100000, 0x00000000fd100000|100%| E|CS|TAMS 0x00000000fd000000| PB 0x00000000fd000000| Complete 
| 465|0x00000000fd100000, 0x00000000fd200000, 0x00000000fd200000|100%| E|CS|TAMS 0x00000000fd100000| PB 0x00000000fd100000| Complete 
| 466|0x00000000fd200000, 0x00000000fd300000, 0x00000000fd300000|100%| E|CS|TAMS 0x00000000fd200000| PB 0x00000000fd200000| Complete 
| 467|0x00000000fd300000, 0x00000000fd400000, 0x00000000fd400000|100%| E|CS|TAMS 0x00000000fd300000| PB 0x00000000fd300000| Complete 
| 468|0x00000000fd400000, 0x00000000fd500000, 0x00000000fd500000|100%| E|CS|TAMS 0x00000000fd400000| PB 0x00000000fd400000| Complete 
| 469|0x00000000fd500000, 0x00000000fd600000, 0x00000000fd600000|100%| E|CS|TAMS 0x00000000fd500000| PB 0x00000000fd500000| Complete 
| 470|0x00000000fd600000, 0x00000000fd700000, 0x00000000fd700000|100%| E|CS|TAMS 0x00000000fd600000| PB 0x00000000fd600000| Complete 
| 471|0x00000000fd700000, 0x00000000fd800000, 0x00000000fd800000|100%| E|CS|TAMS 0x00000000fd700000| PB 0x00000000fd700000| Complete 
| 472|0x00000000fd800000, 0x00000000fd900000, 0x00000000fd900000|100%| E|CS|TAMS 0x00000000fd800000| PB 0x00000000fd800000| Complete 
| 473|0x00000000fd900000, 0x00000000fda00000, 0x00000000fda00000|100%| E|CS|TAMS 0x00000000fd900000| PB 0x00000000fd900000| Complete 
| 474|0x00000000fda00000, 0x00000000fdb00000, 0x00000000fdb00000|100%| E|CS|TAMS 0x00000000fda00000| PB 0x00000000fda00000| Complete 
| 475|0x00000000fdb00000, 0x00000000fdc00000, 0x00000000fdc00000|100%| E|CS|TAMS 0x00000000fdb00000| PB 0x00000000fdb00000| Complete 
| 476|0x00000000fdc00000, 0x00000000fdd00000, 0x00000000fdd00000|100%| E|CS|TAMS 0x00000000fdc00000| PB 0x00000000fdc00000| Complete 
| 477|0x00000000fdd00000, 0x00000000fde00000, 0x00000000fde00000|100%| E|CS|TAMS 0x00000000fdd00000| PB 0x00000000fdd00000| Complete 
| 478|0x00000000fde00000, 0x00000000fdf00000, 0x00000000fdf00000|100%| E|CS|TAMS 0x00000000fde00000| PB 0x00000000fde00000| Complete 
| 479|0x00000000fdf00000, 0x00000000fe000000, 0x00000000fe000000|100%| E|CS|TAMS 0x00000000fdf00000| PB 0x00000000fdf00000| Complete 
| 480|0x00000000fe000000, 0x00000000fe100000, 0x00000000fe100000|100%| E|CS|TAMS 0x00000000fe000000| PB 0x00000000fe000000| Complete 
| 481|0x00000000fe100000, 0x00000000fe200000, 0x00000000fe200000|100%| E|CS|TAMS 0x00000000fe100000| PB 0x00000000fe100000| Complete 
| 482|0x00000000fe200000, 0x00000000fe300000, 0x00000000fe300000|100%| E|CS|TAMS 0x00000000fe200000| PB 0x00000000fe200000| Complete 
| 483|0x00000000fe300000, 0x00000000fe400000, 0x00000000fe400000|100%| E|CS|TAMS 0x00000000fe300000| PB 0x00000000fe300000| Complete 
| 484|0x00000000fe400000, 0x00000000fe500000, 0x00000000fe500000|100%| E|CS|TAMS 0x00000000fe400000| PB 0x00000000fe400000| Complete 
| 485|0x00000000fe500000, 0x00000000fe600000, 0x00000000fe600000|100%| E|CS|TAMS 0x00000000fe500000| PB 0x00000000fe500000| Complete 
| 486|0x00000000fe600000, 0x00000000fe700000, 0x00000000fe700000|100%| E|CS|TAMS 0x00000000fe600000| PB 0x00000000fe600000| Complete 
| 487|0x00000000fe700000, 0x00000000fe800000, 0x00000000fe800000|100%| E|CS|TAMS 0x00000000fe700000| PB 0x00000000fe700000| Complete 
| 488|0x00000000fe800000, 0x00000000fe900000, 0x00000000fe900000|100%| E|CS|TAMS 0x00000000fe800000| PB 0x00000000fe800000| Complete 
| 489|0x00000000fe900000, 0x00000000fea00000, 0x00000000fea00000|100%| E|CS|TAMS 0x00000000fe900000| PB 0x00000000fe900000| Complete 
| 490|0x00000000fea00000, 0x00000000feb00000, 0x00000000feb00000|100%| E|CS|TAMS 0x00000000fea00000| PB 0x00000000fea00000| Complete 
| 491|0x00000000feb00000, 0x00000000fec00000, 0x00000000fec00000|100%| E|CS|TAMS 0x00000000feb00000| PB 0x00000000feb00000| Complete 
| 492|0x00000000fec00000, 0x00000000fed00000, 0x00000000fed00000|100%| E|CS|TAMS 0x00000000fec00000| PB 0x00000000fec00000| Complete 
| 493|0x00000000fed00000, 0x00000000fee00000, 0x00000000fee00000|100%| E|CS|TAMS 0x00000000fed00000| PB 0x00000000fed00000| Complete 
| 494|0x00000000fee00000, 0x00000000fef00000, 0x00000000fef00000|100%| E|CS|TAMS 0x00000000fee00000| PB 0x00000000fee00000| Complete 
| 495|0x00000000fef00000, 0x00000000ff000000, 0x00000000ff000000|100%| E|CS|TAMS 0x00000000fef00000| PB 0x00000000fef00000| Complete 
| 496|0x00000000ff000000, 0x00000000ff100000, 0x00000000ff100000|100%| E|CS|TAMS 0x00000000ff000000| PB 0x00000000ff000000| Complete 
| 497|0x00000000ff100000, 0x00000000ff200000, 0x00000000ff200000|100%| E|CS|TAMS 0x00000000ff100000| PB 0x00000000ff100000| Complete 
| 498|0x00000000ff200000, 0x00000000ff300000, 0x00000000ff300000|100%| E|CS|TAMS 0x00000000ff200000| PB 0x00000000ff200000| Complete 
| 499|0x00000000ff300000, 0x00000000ff400000, 0x00000000ff400000|100%| E|CS|TAMS 0x00000000ff300000| PB 0x00000000ff300000| Complete 
| 500|0x00000000ff400000, 0x00000000ff500000, 0x00000000ff500000|100%| E|CS|TAMS 0x00000000ff400000| PB 0x00000000ff400000| Complete 
| 501|0x00000000ff500000, 0x00000000ff600000, 0x00000000ff600000|100%| E|CS|TAMS 0x00000000ff500000| PB 0x00000000ff500000| Complete 
| 502|0x00000000ff600000, 0x00000000ff700000, 0x00000000ff700000|100%| E|CS|TAMS 0x00000000ff600000| PB 0x00000000ff600000| Complete 
| 503|0x00000000ff700000, 0x00000000ff800000, 0x00000000ff800000|100%| E|CS|TAMS 0x00000000ff700000| PB 0x00000000ff700000| Complete 
| 504|0x00000000ff800000, 0x00000000ff900000, 0x00000000ff900000|100%| E|CS|TAMS 0x00000000ff800000| PB 0x00000000ff800000| Complete 
| 505|0x00000000ff900000, 0x00000000ffa00000, 0x00000000ffa00000|100%| E|CS|TAMS 0x00000000ff900000| PB 0x00000000ff900000| Complete 
| 506|0x00000000ffa00000, 0x00000000ffb00000, 0x00000000ffb00000|100%| E|CS|TAMS 0x00000000ffa00000| PB 0x00000000ffa00000| Complete 
| 507|0x00000000ffb00000, 0x00000000ffc00000, 0x00000000ffc00000|100%| E|CS|TAMS 0x00000000ffb00000| PB 0x00000000ffb00000| Complete 
| 508|0x00000000ffc00000, 0x00000000ffd00000, 0x00000000ffd00000|100%| E|CS|TAMS 0x00000000ffc00000| PB 0x00000000ffc00000| Complete 
| 509|0x00000000ffd00000, 0x00000000ffe00000, 0x00000000ffe00000|100%| E|CS|TAMS 0x00000000ffd00000| PB 0x00000000ffd00000| Complete 
| 510|0x00000000ffe00000, 0x00000000fff00000, 0x00000000fff00000|100%| E|CS|TAMS 0x00000000ffe00000| PB 0x00000000ffe00000| Complete 
| 511|0x00000000fff00000, 0x0000000100000000, 0x0000000100000000|100%| E|CS|TAMS 0x00000000fff00000| PB 0x00000000fff00000| Complete 

Card table byte_map: [0x000002e0470a0000,0x000002e0471a0000] _byte_map_base: 0x000002e0469a0000

Marking Bits: (CMBitMap*) 0x000002e034a98c40
 Bits: [0x000002e0471a0000, 0x000002e0479a0000)

Polling page: 0x000002e032ac0000

Metaspace:

Usage:
  Non-class:    141.39 MB used.
      Class:     20.71 MB used.
       Both:    162.09 MB used.

Virtual space:
  Non-class space:      192.00 MB reserved,     142.25 MB ( 74%) committed,  3 nodes.
      Class space:      320.00 MB reserved,      21.50 MB (  7%) committed,  1 nodes.
             Both:      512.00 MB reserved,     163.75 MB ( 32%) committed. 

Chunk freelists:
   Non-Class:  17.19 MB
       Class:  10.48 MB
        Both:  27.67 MB

MaxMetaspaceSize: 384.00 MB
CompressedClassSpaceSize: 320.00 MB
Initial GC threshold: 21.00 MB
Current GC threshold: 286.50 MB
CDS: on
 - commit_granule_bytes: 65536.
 - commit_granule_words: 8192.
 - virtual_space_node_default_size: 8388608.
 - enlarge_chunks_in_place: 1.
 - use_allocation_guard: 0.


Internal statistics:

num_allocs_failed_limit: 18.
num_arena_births: 6474.
num_arena_deaths: 3762.
num_vsnodes_births: 4.
num_vsnodes_deaths: 0.
num_space_committed: 2907.
num_space_uncommitted: 109.
num_chunks_returned_to_freelist: 6385.
num_chunks_taken_from_freelist: 16332.
num_chunk_merges: 1997.
num_chunk_splits: 9715.
num_chunks_enlarged: 6616.
num_inconsistent_stats: 0.

CodeHeap 'non-profiled nmethods': size=120000Kb used=16009Kb max_used=16009Kb free=103990Kb
 bounds [0x000002e03f740000, 0x000002e0406f0000, 0x000002e046c70000]
CodeHeap 'profiled nmethods': size=120000Kb used=27709Kb max_used=35077Kb free=92290Kb
 bounds [0x000002e037c70000, 0x000002e039f60000, 0x000002e03f1a0000]
CodeHeap 'non-nmethods': size=5760Kb used=3019Kb max_used=3081Kb free=2740Kb
 bounds [0x000002e03f1a0000, 0x000002e03f4b0000, 0x000002e03f740000]
CodeCache: size=245760Kb, used=46737Kb, max_used=54167Kb, free=199020Kb
 total_blobs=16281, nmethods=15042, adapters=1141, full_count=0
Compilation: enabled, stopped_count=0, restarted_count=0

Compilation events (20 events):
Event: 7754.977 Thread 0x000002e04a42d910 nmethod 35747 0x000002e0406deb90 code [0x000002e0406ded20, 0x000002e0406def08]
Event: 7755.002 Thread 0x000002e04a42d910 35748       4       org.gradle.api.internal.artifacts.result.DefaultResolvedArtifactResult::<init> (44 bytes)
Event: 7755.045 Thread 0x000002e04a42d910 nmethod 35748 0x000002e0406df090 code [0x000002e0406df2a0, 0x000002e0406dfef8]
Event: 7755.045 Thread 0x000002e04a42d910 35749   !   4       org.gradle.api.internal.artifacts.ivyservice.ResolvedArtifactCollectingVisitor::visitArtifact (77 bytes)
Event: 7755.122 Thread 0x000002e04a42d910 nmethod 35749 0x000002e0406e0390 code [0x000002e0406e06c0, 0x000002e0406e19b0]
Event: 7755.191 Thread 0x000002e04a4310e0 35750   !   3       java.security.Permissions::createPermissionCollection (126 bytes)
Event: 7755.196 Thread 0x000002e04a4310e0 nmethod 35750 0x000002e038c63490 code [0x000002e038c636c0, 0x000002e038c64080]
Event: 7755.210 Thread 0x000002e04a42d910 35751       4       org.gradle.internal.reflect.ClassInspector::inspectClass (179 bytes)
Event: 7755.230 Thread 0x000002e04a4310e0 35752       3       org.gradle.process.internal.DefaultExecActionFactory$BuilderImpl::withInstantiator (7 bytes)
Event: 7755.230 Thread 0x000002e04a4310e0 nmethod 35752 0x000002e038c63110 code [0x000002e038c632a0, 0x000002e038c633f8]
Event: 7755.255 Thread 0x000002e04a4310e0 35754   !   3       java.util.concurrent.ConcurrentHashMap::merge (545 bytes)
Event: 7755.264 Thread 0x000002e04a4310e0 nmethod 35754 0x000002e038c60190 code [0x000002e038c60580, 0x000002e038c62310]
Event: 7755.265 Thread 0x000002e04a4310e0 35753       3       java.io.FilePermissionCollection::add (78 bytes)
Event: 7755.271 Thread 0x000002e04a4310e0 nmethod 35753 0x000002e038c5ec90 code [0x000002e038c5ef40, 0x000002e038c5fd20]
Event: 7755.312 Thread 0x000002e04a4310e0 35755       3       com.google.common.collect.Iterables$5::iterator (17 bytes)
Event: 7755.318 Thread 0x000002e04a4310e0 nmethod 35755 0x000002e038c5df90 code [0x000002e038c5e1c0, 0x000002e038c5ea10]
Event: 7755.318 Thread 0x000002e04a4310e0 35756       3       com.google.common.collect.Iterators::transform (15 bytes)
Event: 7755.319 Thread 0x000002e04a4310e0 nmethod 35756 0x000002e038c5d490 code [0x000002e038c5d6a0, 0x000002e038c5dd80]
Event: 7755.319 Thread 0x000002e04a4310e0 35757       3       com.google.common.collect.Iterators$6::<init> (11 bytes)
Event: 7755.320 Thread 0x000002e04a4310e0 nmethod 35757 0x000002e038c5cc10 code [0x000002e038c5ce00, 0x000002e038c5d2e8]

GC Heap History (20 events):
Event: 357.475 GC heap before
{Heap before GC invocations=154 (full 0):
 garbage-first heap   total 524288K, used 494592K [0x00000000e0000000, 0x0000000100000000)
  region size 1024K, 113 young (115712K), 27 survivors (27648K)
 Metaspace       used 174976K, committed 176512K, reserved 524288K
  class space    used 22626K, committed 23360K, reserved 327680K
}
Event: 357.545 GC heap after
{Heap after GC invocations=155 (full 0):
 garbage-first heap   total 524288K, used 521216K [0x00000000e0000000, 0x0000000100000000)
  region size 1024K, 7 young (7168K), 7 survivors (7168K)
 Metaspace       used 174976K, committed 176512K, reserved 524288K
  class space    used 22626K, committed 23360K, reserved 327680K
}
Event: 357.559 GC heap before
{Heap before GC invocations=155 (full 0):
 garbage-first heap   total 524288K, used 524288K [0x00000000e0000000, 0x0000000100000000)
  region size 1024K, 10 young (10240K), 7 survivors (7168K)
 Metaspace       used 174976K, committed 176512K, reserved 524288K
  class space    used 22626K, committed 23360K, reserved 327680K
}
Event: 357.572 GC heap after
{Heap after GC invocations=156 (full 0):
 garbage-first heap   total 524288K, used 524288K [0x00000000e0000000, 0x0000000100000000)
  region size 1024K, 0 young (0K), 0 survivors (0K)
 Metaspace       used 174976K, committed 176512K, reserved 524288K
  class space    used 22626K, committed 23360K, reserved 327680K
}
Event: 357.580 GC heap before
{Heap before GC invocations=156 (full 0):
 garbage-first heap   total 524288K, used 524288K [0x00000000e0000000, 0x0000000100000000)
  region size 1024K, 0 young (0K), 0 survivors (0K)
 Metaspace       used 174976K, committed 176512K, reserved 524288K
  class space    used 22626K, committed 23360K, reserved 327680K
}
Event: 357.890 GC heap after
{Heap after GC invocations=157 (full 1):
 garbage-first heap   total 524288K, used 196895K [0x00000000e0000000, 0x0000000100000000)
  region size 1024K, 0 young (0K), 0 survivors (0K)
 Metaspace       used 149884K, committed 158400K, reserved 524288K
  class space    used 19063K, committed 21760K, reserved 327680K
}
Event: 358.793 GC heap before
{Heap before GC invocations=157 (full 1):
 garbage-first heap   total 524288K, used 427295K [0x00000000e0000000, 0x0000000100000000)
  region size 1024K, 227 young (232448K), 0 survivors (0K)
 Metaspace       used 149897K, committed 158400K, reserved 524288K
  class space    used 19066K, committed 21760K, reserved 327680K
}
Event: 358.814 GC heap after
{Heap after GC invocations=158 (full 1):
 garbage-first heap   total 524288K, used 218657K [0x00000000e0000000, 0x0000000100000000)
  region size 1024K, 22 young (22528K), 22 survivors (22528K)
 Metaspace       used 149897K, committed 158400K, reserved 524288K
  class space    used 19066K, committed 21760K, reserved 327680K
}
Event: 360.021 GC heap before
{Heap before GC invocations=159 (full 1):
 garbage-first heap   total 524288K, used 448033K [0x00000000e0000000, 0x0000000100000000)
  region size 1024K, 265 young (271360K), 22 survivors (22528K)
 Metaspace       used 149897K, committed 158400K, reserved 524288K
  class space    used 19066K, committed 21760K, reserved 327680K
}
Event: 360.071 GC heap after
{Heap after GC invocations=160 (full 1):
 garbage-first heap   total 524288K, used 214026K [0x00000000e0000000, 0x0000000100000000)
  region size 1024K, 17 young (17408K), 17 survivors (17408K)
 Metaspace       used 149897K, committed 158400K, reserved 524288K
  class space    used 19066K, committed 21760K, reserved 327680K
}
Event: 2827.729 GC heap before
{Heap before GC invocations=160 (full 1):
 garbage-first heap   total 524288K, used 471050K [0x00000000e0000000, 0x0000000100000000)
  region size 1024K, 262 young (268288K), 17 survivors (17408K)
 Metaspace       used 150457K, committed 158464K, reserved 524288K
  class space    used 19145K, committed 21760K, reserved 327680K
}
Event: 2828.182 GC heap after
{Heap after GC invocations=161 (full 1):
 garbage-first heap   total 524288K, used 225418K [0x00000000e0000000, 0x0000000100000000)
  region size 1024K, 23 young (23552K), 23 survivors (23552K)
 Metaspace       used 150457K, committed 158464K, reserved 524288K
  class space    used 19145K, committed 21760K, reserved 327680K
}
Event: 7348.706 GC heap before
{Heap before GC invocations=161 (full 1):
 garbage-first heap   total 524288K, used 473226K [0x00000000e0000000, 0x0000000100000000)
  region size 1024K, 265 young (271360K), 23 survivors (23552K)
 Metaspace       used 151109K, committed 158464K, reserved 524288K
  class space    used 19259K, committed 21760K, reserved 327680K
}
Event: 7348.943 GC heap after
{Heap after GC invocations=162 (full 1):
 garbage-first heap   total 524288K, used 226903K [0x00000000e0000000, 0x0000000100000000)
  region size 1024K, 11 young (11264K), 11 survivors (11264K)
 Metaspace       used 151109K, committed 158464K, reserved 524288K
  class space    used 19259K, committed 21760K, reserved 327680K
}
Event: 7367.308 GC heap before
{Heap before GC invocations=163 (full 1):
 garbage-first heap   total 524288K, used 476759K [0x00000000e0000000, 0x0000000100000000)
  region size 1024K, 257 young (263168K), 11 survivors (11264K)
 Metaspace       used 156154K, committed 158720K, reserved 524288K
  class space    used 19946K, committed 21760K, reserved 327680K
}
Event: 7367.349 GC heap after
{Heap after GC invocations=164 (full 1):
 garbage-first heap   total 524288K, used 222807K [0x00000000e0000000, 0x0000000100000000)
  region size 1024K, 15 young (15360K), 15 survivors (15360K)
 Metaspace       used 156154K, committed 158720K, reserved 524288K
  class space    used 19946K, committed 21760K, reserved 327680K
}
Event: 7474.582 GC heap before
{Heap before GC invocations=164 (full 1):
 garbage-first heap   total 524288K, used 486999K [0x00000000e0000000, 0x0000000100000000)
  region size 1024K, 267 young (273408K), 15 survivors (15360K)
 Metaspace       used 165288K, committed 166976K, reserved 524288K
  class space    used 21096K, committed 21888K, reserved 327680K
}
Event: 7474.798 GC heap after
{Heap after GC invocations=165 (full 1):
 garbage-first heap   total 524288K, used 242421K [0x00000000e0000000, 0x0000000100000000)
  region size 1024K, 30 young (30720K), 30 survivors (30720K)
 Metaspace       used 165288K, committed 166976K, reserved 524288K
  class space    used 21096K, committed 21888K, reserved 327680K
}
Event: 7627.738 GC heap before
{Heap before GC invocations=165 (full 1):
 garbage-first heap   total 524288K, used 315125K [0x00000000e0000000, 0x0000000100000000)
  region size 1024K, 98 young (100352K), 30 survivors (30720K)
 Metaspace       used 165796K, committed 167488K, reserved 524288K
  class space    used 21185K, committed 21952K, reserved 327680K
}
Event: 7627.979 GC heap after
{Heap after GC invocations=166 (full 1):
 garbage-first heap   total 524288K, used 246623K [0x00000000e0000000, 0x0000000100000000)
  region size 1024K, 8 young (8192K), 8 survivors (8192K)
 Metaspace       used 165796K, committed 167488K, reserved 524288K
  class space    used 21185K, committed 21952K, reserved 327680K
}

Dll operation events (14 events):
Event: 0.033 Loaded shared library C:\Users\hp\.antigravity-ide\extensions\redhat.java-1.55.0-win32-x64\jre\21.0.11-win32-x86_64\bin\java.dll
Event: 0.166 Loaded shared library C:\Users\hp\.antigravity-ide\extensions\redhat.java-1.55.0-win32-x64\jre\21.0.11-win32-x86_64\bin\zip.dll
Event: 0.224 Loaded shared library C:\Users\hp\.antigravity-ide\extensions\redhat.java-1.55.0-win32-x64\jre\21.0.11-win32-x86_64\bin\instrument.dll
Event: 0.240 Loaded shared library C:\Users\hp\.antigravity-ide\extensions\redhat.java-1.55.0-win32-x64\jre\21.0.11-win32-x86_64\bin\net.dll
Event: 0.247 Loaded shared library C:\Users\hp\.antigravity-ide\extensions\redhat.java-1.55.0-win32-x64\jre\21.0.11-win32-x86_64\bin\nio.dll
Event: 0.256 Loaded shared library C:\Users\hp\.antigravity-ide\extensions\redhat.java-1.55.0-win32-x64\jre\21.0.11-win32-x86_64\bin\zip.dll
Event: 0.920 Loaded shared library C:\Users\hp\.antigravity-ide\extensions\redhat.java-1.55.0-win32-x64\jre\21.0.11-win32-x86_64\bin\jimage.dll
Event: 1.371 Loaded shared library C:\Users\hp\.antigravity-ide\extensions\redhat.java-1.55.0-win32-x64\jre\21.0.11-win32-x86_64\bin\verify.dll
Event: 1.790 Loaded shared library C:\Users\hp\.gradle\native\c067742578af261105cb4f569cf0c3c89f3d7b1fecec35dd04571415982c5e48\windows-amd64\native-platform.dll
Event: 1.823 Loaded shared library C:\Users\hp\.gradle\native\100fb08df4bc3b14c8652ba06237920a3bd2aa13389f12d3474272988ae205f9\windows-amd64\native-platform-file-events.dll
Event: 6.467 Loaded shared library C:\Users\hp\.antigravity-ide\extensions\redhat.java-1.55.0-win32-x64\jre\21.0.11-win32-x86_64\bin\management.dll
Event: 6.483 Loaded shared library C:\Users\hp\.antigravity-ide\extensions\redhat.java-1.55.0-win32-x64\jre\21.0.11-win32-x86_64\bin\management_ext.dll
Event: 7.244 Loaded shared library C:\Users\hp\.antigravity-ide\extensions\redhat.java-1.55.0-win32-x64\jre\21.0.11-win32-x86_64\bin\extnet.dll
Event: 7.803 Loaded shared library C:\Users\hp\.antigravity-ide\extensions\redhat.java-1.55.0-win32-x64\jre\21.0.11-win32-x86_64\bin\sunmscapi.dll

Deoptimization events (20 events):
Event: 7482.449 Thread 0x000002e065bba700 Uncommon trap: trap_request=0xffffffde fr.pc=0x000002e03ff3bfec relative=0x000000000000004c
Event: 7482.449 Thread 0x000002e065bba700 Uncommon trap: reason=class_check action=maybe_recompile pc=0x000002e03ff3bfec method=java.lang.StringConcatHelper.stringOf(Ljava/lang/Object;)Ljava/lang/String; @ 5 c2
Event: 7482.449 Thread 0x000002e065bba700 DEOPT PACKING pc=0x000002e03ff3bfec sp=0x000000fdc0ff83d0
Event: 7482.449 Thread 0x000002e065bba700 DEOPT UNPACKING pc=0x000002e03f1f4422 sp=0x000000fdc0ff8360 mode 2
Event: 7482.449 Thread 0x000002e065bba700 Uncommon trap: trap_request=0xffffffde fr.pc=0x000002e03ff3bfec relative=0x000000000000004c
Event: 7482.449 Thread 0x000002e065bba700 Uncommon trap: reason=class_check action=maybe_recompile pc=0x000002e03ff3bfec method=java.lang.StringConcatHelper.stringOf(Ljava/lang/Object;)Ljava/lang/String; @ 5 c2
Event: 7482.449 Thread 0x000002e065bba700 DEOPT PACKING pc=0x000002e03ff3bfec sp=0x000000fdc0ff83d0
Event: 7482.449 Thread 0x000002e065bba700 DEOPT UNPACKING pc=0x000002e03f1f4422 sp=0x000000fdc0ff8360 mode 2
Event: 7689.564 Thread 0x000002e07322a8f0 Uncommon trap: trap_request=0xffffff45 fr.pc=0x000002e04051a720 relative=0x0000000000001060
Event: 7689.565 Thread 0x000002e07322a8f0 Uncommon trap: reason=unstable_if action=reinterpret pc=0x000002e04051a720 method=groovy.lang.MetaClassImpl.checkIfStdMethod(Lgroovy/lang/MetaMethod;)V @ 55 c2
Event: 7689.565 Thread 0x000002e07322a8f0 DEOPT PACKING pc=0x000002e04051a720 sp=0x000000fdc0ff7d50
Event: 7689.567 Thread 0x000002e07322a8f0 DEOPT UNPACKING pc=0x000002e03f1f4422 sp=0x000000fdc0ff7ca8 mode 2
Event: 7689.572 Thread 0x000002e07322a8f0 Uncommon trap: trap_request=0xffffff45 fr.pc=0x000002e0404845bc relative=0x000000000000361c
Event: 7689.572 Thread 0x000002e07322a8f0 Uncommon trap: reason=unstable_if action=reinterpret pc=0x000002e0404845bc method=groovy.lang.MetaClassImpl.checkIfStdMethod(Lgroovy/lang/MetaMethod;)V @ 78 c2
Event: 7689.572 Thread 0x000002e07322a8f0 DEOPT PACKING pc=0x000002e0404845bc sp=0x000000fdc0ff7e00
Event: 7689.574 Thread 0x000002e07322a8f0 DEOPT UNPACKING pc=0x000002e03f1f4422 sp=0x000000fdc0ff7d08 mode 2
Event: 7689.578 Thread 0x000002e07322a8f0 DEOPT PACKING pc=0x000002e03941e4a0 sp=0x000000fdc0ff7ea0
Event: 7689.581 Thread 0x000002e07322a8f0 DEOPT UNPACKING pc=0x000002e03f1f4bc2 sp=0x000000fdc0ff7320 mode 0
Event: 7694.199 Thread 0x000002e07322a8f0 DEOPT PACKING pc=0x000002e038b7e34b sp=0x000000fdc0ffbcf0
Event: 7694.199 Thread 0x000002e07322a8f0 DEOPT UNPACKING pc=0x000002e03f1f4bc2 sp=0x000000fdc0ffb1a8 mode 0

Classes loaded (20 events):
Event: 344.980 Loading class java/lang/NumberCustomizer
Event: 344.980 Loading class java/lang/NumberCustomizer done
Event: 344.980 Loading class java/lang/NumberCustomizer
Event: 344.980 Loading class java/lang/NumberCustomizer done
Event: 344.981 Loading class java/lang/IntegerCustomizer
Event: 344.981 Loading class java/lang/IntegerCustomizer done
Event: 344.981 Loading class java/lang/IntegerCustomizer
Event: 344.981 Loading class java/lang/IntegerCustomizer done
Event: 345.094 Loading class java/beans/IntrospectionException
Event: 345.095 Loading class java/beans/IntrospectionException done
Event: 354.813 Loading class sun/security/rsa/RSASignature$SHA256withRSA
Event: 354.814 Loading class sun/security/rsa/RSASignature$SHA256withRSA done
Event: 354.816 Loading class sun/security/rsa/RSASignature$SHA384withRSA
Event: 354.816 Loading class sun/security/rsa/RSASignature$SHA384withRSA done
Event: 355.037 Loading class java/util/concurrent/CompletableFuture$Signaller
Event: 355.039 Loading class java/util/concurrent/CompletableFuture$Signaller done
Event: 7359.133 Loading class java/time/temporal/WeekFields
Event: 7359.135 Loading class java/time/temporal/WeekFields done
Event: 7359.136 Loading class java/time/temporal/WeekFields$ComputedDayOfField
Event: 7359.137 Loading class java/time/temporal/WeekFields$ComputedDayOfField done

Classes unloaded (20 events):
Event: 7350.199 Thread 0x000002e04a3f7990 Unloading class 0x000002e04cef7a30 'com/diffplug/gradle/spotless/SpotlessPluginRedirect'
Event: 7350.199 Thread 0x000002e04a3f7990 Unloading class 0x000002e04cef7800 'com/diffplug/gradle/spotless/SpotlessPlugin'
Event: 7350.199 Thread 0x000002e04a3f7990 Unloading class 0x000002e04d328850 'spotless_89fu057rmp0wndtn6mut2zq10$_run_closure2$_closure6'
Event: 7350.200 Thread 0x000002e04a3f7990 Unloading class 0x000002e04d328428 'spotless_89fu057rmp0wndtn6mut2zq10$_run_closure2$_closure5'
Event: 7350.200 Thread 0x000002e04a3f7990 Unloading class 0x000002e04d328000 'spotless_89fu057rmp0wndtn6mut2zq10$_run_closure2$_closure4'
Event: 7350.200 Thread 0x000002e04a3f7990 Unloading class 0x000002e04d32c000 'spotless_89fu057rmp0wndtn6mut2zq10$_run_closure2'
Event: 7350.201 Thread 0x000002e04a3f7990 Unloading class 0x000002e04d6c8980 'spotless_89fu057rmp0wndtn6mut2zq10$_run_closure1$_closure3'
Event: 7350.202 Thread 0x000002e04a3f7990 Unloading class 0x000002e04d6c8558 'spotless_89fu057rmp0wndtn6mut2zq10$_run_closure1'
Event: 7350.202 Thread 0x000002e04a3f7990 Unloading class 0x000002e04d6c8000 'spotless_89fu057rmp0wndtn6mut2zq10'
Event: 7350.202 Thread 0x000002e04a3f7990 Unloading class 0x000002e04d6c3800 'build_1fvt3gp1tt01tot09xqkjpxse'
Event: 7350.203 Thread 0x000002e04a3f7990 Unloading class 0x000002e04d6c3000 'build_1fvt3gp1tt01tot09xqkjpxse$_run_closure1$_closure3'
Event: 7350.203 Thread 0x000002e04a3f7990 Unloading class 0x000002e04d6c2998 'build_1fvt3gp1tt01tot09xqkjpxse$_run_closure1$_closure2'
Event: 7350.203 Thread 0x000002e04a3f7990 Unloading class 0x000002e04d6c2570 'build_1fvt3gp1tt01tot09xqkjpxse$_run_closure1'
Event: 7350.203 Thread 0x000002e04a3f7990 Unloading class 0x000002e04d6c2000 'build_1fvt3gp1tt01tot09xqkjpxse'
Event: 7350.203 Thread 0x000002e04a3f7990 Unloading class 0x000002e04d595800 'java/lang/invoke/LambdaForm$MH+0x000002e04d595800'
Event: 7350.203 Thread 0x000002e04a3f7990 Unloading class 0x000002e04d469c00 'java/lang/invoke/LambdaForm$MH+0x000002e04d469c00'
Event: 7350.203 Thread 0x000002e04a3f7990 Unloading class 0x000002e04d46e800 'java/lang/invoke/LambdaForm$MH+0x000002e04d46e800'
Event: 7350.204 Thread 0x000002e04a3f7990 Unloading class 0x000002e04c9fc400 'jdk/internal/reflect/GeneratedSerializationConstructorAccessor36'
Event: 7350.205 Thread 0x000002e04a3f7990 Unloading class 0x000002e04c9fc000 'jdk/internal/reflect/GeneratedSerializationConstructorAccessor35'
Event: 7350.205 Thread 0x000002e04a3f7990 Unloading class 0x000002e04c9e8000 'jdk/internal/reflect/GeneratedSerializationConstructorAccessor34'

Classes redefined (0 events):
No events

Internal exceptions (20 events):
Event: 7472.331 Thread 0x000002e065bba700 Exception <a 'java/lang/ClassNotFoundException'{0x00000000f1227080}: build_1gvuw250xxsqgln21a93j4alxBeanInfo> (0x00000000f1227080) 
thrown [s\src\hotspot\share\classfile\systemDictionary.cpp, line 313]
Event: 7472.340 Thread 0x000002e065bba700 Exception <a 'java/lang/ClassNotFoundException'{0x00000000f122d9b8}: build_1gvuw250xxsqgln21a93j4alxCustomizer> (0x00000000f122d9b8) 
thrown [s\src\hotspot\share\classfile\systemDictionary.cpp, line 313]
Event: 7478.718 Thread 0x000002e065bba700 Exception <a 'java/lang/ClassNotFoundException'{0x00000000fd669650}: build_1gvuw250xxsqgln21a93j4alxBeanInfo> (0x00000000fd669650) 
thrown [s\src\hotspot\share\classfile\systemDictionary.cpp, line 313]
Event: 7478.737 Thread 0x000002e065bba700 Exception <a 'java/lang/ClassNotFoundException'{0x00000000fd66ff70}: build_1gvuw250xxsqgln21a93j4alxCustomizer> (0x00000000fd66ff70) 
thrown [s\src\hotspot\share\classfile\systemDictionary.cpp, line 313]
Event: 7687.358 Thread 0x000002e07322a8f0 Exception <a 'sun/nio/fs/WindowsException'{0x00000000ff98dbf8}> (0x00000000ff98dbf8) 
thrown [s\src\hotspot\share\prims\jni.cpp, line 520]
Event: 7687.380 Thread 0x000002e07322a8f0 Exception <a 'sun/nio/fs/WindowsException'{0x00000000ff98efc0}> (0x00000000ff98efc0) 
thrown [s\src\hotspot\share\prims\jni.cpp, line 520]
Event: 7687.382 Thread 0x000002e07322a8f0 Exception <a 'sun/nio/fs/WindowsException'{0x00000000ff990378}> (0x00000000ff990378) 
thrown [s\src\hotspot\share\prims\jni.cpp, line 520]
Event: 7687.384 Thread 0x000002e07322a8f0 Exception <a 'sun/nio/fs/WindowsException'{0x00000000ff991708}> (0x00000000ff991708) 
thrown [s\src\hotspot\share\prims\jni.cpp, line 520]
Event: 7689.031 Thread 0x000002e07322a8f0 Exception <a 'java/lang/ClassNotFoundException'{0x00000000ff8b34d0}: build_78x3fx8ukpzy37qqm9hanlx8pBeanInfo> (0x00000000ff8b34d0) 
thrown [s\src\hotspot\share\classfile\systemDictionary.cpp, line 313]
Event: 7689.043 Thread 0x000002e07322a8f0 Exception <a 'java/lang/ClassNotFoundException'{0x00000000ff8b9e08}: build_78x3fx8ukpzy37qqm9hanlx8pCustomizer> (0x00000000ff8b9e08) 
thrown [s\src\hotspot\share\classfile\systemDictionary.cpp, line 313]
Event: 7693.680 Thread 0x000002e07322a8f0 Exception <a 'java/lang/ClassNotFoundException'{0x00000000fe3db3a8}: build_78x3fx8ukpzy37qqm9hanlx8pBeanInfo> (0x00000000fe3db3a8) 
thrown [s\src\hotspot\share\classfile\systemDictionary.cpp, line 313]
Event: 7693.681 Thread 0x000002e07322a8f0 Exception <a 'java/lang/ClassNotFoundException'{0x00000000fe3e1cc8}: build_78x3fx8ukpzy37qqm9hanlx8pCustomizer> (0x00000000fe3e1cc8) 
thrown [s\src\hotspot\share\classfile\systemDictionary.cpp, line 313]
Event: 7750.971 Thread 0x000002e07322a8f0 Exception <a 'sun/nio/fs/WindowsException'{0x00000000fce10ce0}> (0x00000000fce10ce0) 
thrown [s\src\hotspot\share\prims\jni.cpp, line 520]
Event: 7750.977 Thread 0x000002e07322a8f0 Exception <a 'sun/nio/fs/WindowsException'{0x00000000fce120a8}> (0x00000000fce120a8) 
thrown [s\src\hotspot\share\prims\jni.cpp, line 520]
Event: 7750.979 Thread 0x000002e07322a8f0 Exception <a 'sun/nio/fs/WindowsException'{0x00000000fce13460}> (0x00000000fce13460) 
thrown [s\src\hotspot\share\prims\jni.cpp, line 520]
Event: 7750.981 Thread 0x000002e07322a8f0 Exception <a 'sun/nio/fs/WindowsException'{0x00000000fce147f0}> (0x00000000fce147f0) 
thrown [s\src\hotspot\share\prims\jni.cpp, line 520]
Event: 7751.905 Thread 0x000002e07322a8f0 Exception <a 'java/lang/ClassNotFoundException'{0x00000000fcd14ae0}: build_1w8choicbjly8plnw07dy48hdBeanInfo> (0x00000000fcd14ae0) 
thrown [s\src\hotspot\share\classfile\systemDictionary.cpp, line 313]
Event: 7751.923 Thread 0x000002e07322a8f0 Exception <a 'java/lang/ClassNotFoundException'{0x00000000fcd1b418}: build_1w8choicbjly8plnw07dy48hdCustomizer> (0x00000000fcd1b418) 
thrown [s\src\hotspot\share\classfile\systemDictionary.cpp, line 313]
Event: 7755.224 Thread 0x000002e07322a8f0 Exception <a 'java/lang/ClassNotFoundException'{0x00000000f821f490}: build_1w8choicbjly8plnw07dy48hdBeanInfo> (0x00000000f821f490) 
thrown [s\src\hotspot\share\classfile\systemDictionary.cpp, line 313]
Event: 7755.225 Thread 0x000002e07322a8f0 Exception <a 'java/lang/ClassNotFoundException'{0x00000000f8225db0}: build_1w8choicbjly8plnw07dy48hdCustomizer> (0x00000000f8225db0) 
thrown [s\src\hotspot\share\classfile\systemDictionary.cpp, line 313]

ZGC Phase Switch (0 events):
No events

VM Operations (20 events):
Event: 7692.777 Executing safepoint VM operation: Cleanup
Event: 7692.918 Executing safepoint VM operation: Cleanup done
Event: 7693.931 Executing safepoint VM operation: Cleanup
Event: 7693.948 Executing safepoint VM operation: Cleanup done
Event: 7694.948 Executing safepoint VM operation: Cleanup
Event: 7694.995 Executing safepoint VM operation: Cleanup done
Event: 7697.618 Executing non-safepoint VM operation: HandshakeAllThreads (HandshakeForDeflation)
Event: 7697.618 Executing non-safepoint VM operation: HandshakeAllThreads (HandshakeForDeflation) done
Event: 7697.618 Executing non-safepoint VM operation: RendezvousGCThreads
Event: 7697.618 Executing non-safepoint VM operation: RendezvousGCThreads done
Event: 7751.056 Executing safepoint VM operation: Cleanup
Event: 7751.072 Executing safepoint VM operation: Cleanup done
Event: 7752.087 Executing safepoint VM operation: Cleanup
Event: 7752.117 Executing safepoint VM operation: Cleanup done
Event: 7753.126 Executing safepoint VM operation: Cleanup
Event: 7753.126 Executing safepoint VM operation: Cleanup done
Event: 7754.140 Executing safepoint VM operation: Cleanup
Event: 7754.201 Executing safepoint VM operation: Cleanup done
Event: 7755.213 Executing safepoint VM operation: Cleanup
Event: 7755.215 Executing safepoint VM operation: Cleanup done

Memory protections (0 events):
No events

Nmethod flushes (20 events):
Event: 7350.837 Thread 0x000002e04a3f7990 flushing  nmethod 0x000002e039e8af10
Event: 7350.837 Thread 0x000002e04a3f7990 flushing  nmethod 0x000002e037c98590
Event: 7350.837 Thread 0x000002e04a3f7990 flushing  nmethod 0x000002e038e27c10
Event: 7350.838 Thread 0x000002e04a3f7990 flushing  nmethod 0x000002e038e5fb90
Event: 7350.839 Thread 0x000002e04a3f7990 flushing  nmethod 0x000002e039b78090
Event: 7350.839 Thread 0x000002e04a3f7990 flushing  nmethod 0x000002e037d4d710
Event: 7350.839 Thread 0x000002e04a3f7990 flushing  nmethod 0x000002e037f59690
Event: 7350.839 Thread 0x000002e04a3f7990 flushing  nmethod 0x000002e03fe5de10
Event: 7350.839 Thread 0x000002e04a3f7990 flushing  nmethod 0x000002e037de7690
Event: 7350.839 Thread 0x000002e04a3f7990 flushing  nmethod 0x000002e0381f1690
Event: 7350.840 Thread 0x000002e04a3f7990 flushing  nmethod 0x000002e038235510
Event: 7350.840 Thread 0x000002e04a3f7990 flushing osr nmethod 0x000002e038abe590
Event: 7350.840 Thread 0x000002e04a3f7990 flushing  nmethod 0x000002e038bcc710
Event: 7350.840 Thread 0x000002e04a3f7990 flushing  nmethod 0x000002e03911e210
Event: 7350.840 Thread 0x000002e04a3f7990 flushing  nmethod 0x000002e0394c2810
Event: 7350.841 Thread 0x000002e04a3f7990 flushing  nmethod 0x000002e03806ea10
Event: 7350.841 Thread 0x000002e04a3f7990 flushing  nmethod 0x000002e038b83010
Event: 7350.841 Thread 0x000002e04a3f7990 flushing  nmethod 0x000002e038c8f590
Event: 7350.841 Thread 0x000002e04a3f7990 flushing  nmethod 0x000002e039356290
Event: 7350.841 Thread 0x000002e04a3f7990 flushing  nmethod 0x000002e039357090

Events (20 events):
Event: 7753.533 Thread 0x000002e07322a8f0 Thread added: 0x000002e0672cc760
Event: 7753.534 Thread 0x000002e07322a8f0 Thread added: 0x000002e0672ccdf0
Event: 7753.535 Thread 0x000002e07322a8f0 Thread added: 0x000002e0672cc0d0
Event: 7753.535 Thread 0x000002e07322a8f0 Thread added: 0x000002e0672cd480
Event: 7753.536 Thread 0x000002e07322a8f0 Thread added: 0x000002e0672ca690
Event: 7753.537 Thread 0x000002e07322a8f0 Thread added: 0x000002e0672cdb10
Event: 7754.043 Thread 0x000002e07322a8f0 Thread added: 0x000002e0672cad20
Event: 7754.045 Thread 0x000002e07322a8f0 Thread added: 0x000002e072712990
Event: 7754.047 Thread 0x000002e07322a8f0 Thread added: 0x000002e072710f50
Event: 7754.050 Thread 0x000002e07322a8f0 Thread added: 0x000002e0727136b0
Event: 7754.053 Thread 0x000002e07322a8f0 Thread added: 0x000002e072712300
Event: 7754.059 Thread 0x000002e07322a8f0 Thread added: 0x000002e072713d40
Event: 7754.096 Thread 0x000002e07322a8f0 Thread added: 0x000002e0727115e0
Event: 7754.419 Thread 0x000002e07322a8f0 Thread added: 0x000002e072711c70
Event: 7754.421 Thread 0x000002e07322a8f0 Thread added: 0x000002e0727143d0
Event: 7754.424 Thread 0x000002e07322a8f0 Thread added: 0x000002e072713020
Event: 7754.425 Thread 0x000002e07322a8f0 Thread added: 0x000002e0733ba6e0
Event: 7754.426 Thread 0x000002e07322a8f0 Thread added: 0x000002e0733ba050
Event: 7754.428 Thread 0x000002e07322a8f0 Thread added: 0x000002e0733b7f80
Event: 7754.429 Thread 0x000002e07322a8f0 Thread added: 0x000002e0733bad70


Dynamic libraries:
0x00007ff72cbb0000 - 0x00007ff72cbbe000 	C:\Users\hp\.antigravity-ide\extensions\redhat.java-1.55.0-win32-x64\jre\21.0.11-win32-x86_64\bin\java.exe
0x00007ffc73660000 - 0x00007ffc738c6000 	C:\WINDOWS\SYSTEM32\ntdll.dll
0x00007ffc71f00000 - 0x00007ffc71fc9000 	C:\WINDOWS\System32\KERNEL32.DLL
0x00007ffc70c10000 - 0x00007ffc7100e000 	C:\WINDOWS\System32\KERNELBASE.dll
0x00007ffc70910000 - 0x00007ffc70a5c000 	C:\WINDOWS\System32\ucrtbase.dll
0x00007ffc36e10000 - 0x00007ffc36e2e000 	C:\Users\hp\.antigravity-ide\extensions\redhat.java-1.55.0-win32-x64\jre\21.0.11-win32-x86_64\bin\VCRUNTIME140.dll
0x00007ffc36df0000 - 0x00007ffc36e08000 	C:\Users\hp\.antigravity-ide\extensions\redhat.java-1.55.0-win32-x64\jre\21.0.11-win32-x86_64\bin\jli.dll
0x00007ffc71c00000 - 0x00007ffc71dc7000 	C:\WINDOWS\System32\USER32.dll
0x00007ffc70be0000 - 0x00007ffc70c07000 	C:\WINDOWS\System32\win32u.dll
0x00007ffc5f4f0000 - 0x00007ffc5f782000 	C:\WINDOWS\WinSxS\amd64_microsoft.windows.common-controls_6595b64144ccf1df_6.0.26100.8875_none_3e0d5d42e32fe9dd\COMCTL32.dll
0x00007ffc71600000 - 0x00007ffc7162b000 	C:\WINDOWS\System32\GDI32.dll
0x00007ffc71390000 - 0x00007ffc71439000 	C:\WINDOWS\System32\msvcrt.dll
0x00007ffc710e0000 - 0x00007ffc7120a000 	C:\WINDOWS\System32\gdi32full.dll
0x00007ffc70b30000 - 0x00007ffc70bd3000 	C:\WINDOWS\System32\msvcp_win.dll
0x00007ffc71bc0000 - 0x00007ffc71bf2000 	C:\WINDOWS\System32\IMM32.DLL
0x00007ffc6b6c0000 - 0x00007ffc6b6cc000 	C:\Users\hp\.antigravity-ide\extensions\redhat.java-1.55.0-win32-x64\jre\21.0.11-win32-x86_64\bin\vcruntime140_1.dll
0x00007ffb79ab0000 - 0x00007ffb79b3d000 	C:\Users\hp\.antigravity-ide\extensions\redhat.java-1.55.0-win32-x64\jre\21.0.11-win32-x86_64\bin\msvcp140.dll
0x00007ffb68930000 - 0x00007ffb696d2000 	C:\Users\hp\.antigravity-ide\extensions\redhat.java-1.55.0-win32-x64\jre\21.0.11-win32-x86_64\bin\server\jvm.dll
0x00007ffc72190000 - 0x00007ffc72247000 	C:\WINDOWS\System32\ADVAPI32.dll
0x00007ffc73570000 - 0x00007ffc7361a000 	C:\WINDOWS\System32\sechost.dll
0x00007ffc72510000 - 0x00007ffc72628000 	C:\WINDOWS\System32\RPCRT4.dll
0x00007ffc71b30000 - 0x00007ffc71bb0000 	C:\WINDOWS\System32\WS2_32.dll
0x00007ffc706e0000 - 0x00007ffc7073e000 	C:\WINDOWS\SYSTEM32\POWRPROF.dll
0x00007ffc64030000 - 0x00007ffc6403b000 	C:\WINDOWS\SYSTEM32\VERSION.dll
0x00007ffc65020000 - 0x00007ffc65056000 	C:\WINDOWS\SYSTEM32\WINMM.dll
0x00007ffc706c0000 - 0x00007ffc706d4000 	C:\WINDOWS\SYSTEM32\UMPDC.dll
0x00007ffc6f560000 - 0x00007ffc6f57b000 	C:\WINDOWS\SYSTEM32\kernel.appcore.dll
0x00007ffc64c30000 - 0x00007ffc64c3a000 	C:\Users\hp\.antigravity-ide\extensions\redhat.java-1.55.0-win32-x64\jre\21.0.11-win32-x86_64\bin\jimage.dll
0x00007ffc5ce10000 - 0x00007ffc5d052000 	C:\WINDOWS\SYSTEM32\DBGHELP.DLL
0x00007ffc71640000 - 0x00007ffc719c3000 	C:\WINDOWS\System32\combase.dll
0x00007ffc72430000 - 0x00007ffc72509000 	C:\WINDOWS\System32\OLEAUT32.dll
0x00007ffc4adc0000 - 0x00007ffc4adfb000 	C:\WINDOWS\SYSTEM32\dbgcore.DLL
0x00007ffc70a70000 - 0x00007ffc70b1c000 	C:\WINDOWS\System32\bcryptPrimitives.dll
0x00007ffc50000000 - 0x00007ffc5000f000 	C:\Users\hp\.antigravity-ide\extensions\redhat.java-1.55.0-win32-x64\jre\21.0.11-win32-x86_64\bin\instrument.dll
0x00007ffc35220000 - 0x00007ffc35240000 	C:\Users\hp\.antigravity-ide\extensions\redhat.java-1.55.0-win32-x64\jre\21.0.11-win32-x86_64\bin\java.dll
0x00007ffc72680000 - 0x00007ffc72e12000 	C:\WINDOWS\System32\SHELL32.dll
0x00007ffc6e320000 - 0x00007ffc6ebb2000 	C:\WINDOWS\SYSTEM32\windows.storage.dll
0x00007ffc71dd0000 - 0x00007ffc71ec7000 	C:\WINDOWS\System32\SHCORE.dll
0x00007ffc71440000 - 0x00007ffc714a7000 	C:\WINDOWS\System32\shlwapi.dll
0x00007ffc707a0000 - 0x00007ffc707c9000 	C:\WINDOWS\SYSTEM32\profapi.dll
0x00007ffc35d60000 - 0x00007ffc35d78000 	C:\Users\hp\.antigravity-ide\extensions\redhat.java-1.55.0-win32-x64\jre\21.0.11-win32-x86_64\bin\zip.dll
0x00007ffc5d990000 - 0x00007ffc5d9a0000 	C:\Users\hp\.antigravity-ide\extensions\redhat.java-1.55.0-win32-x64\jre\21.0.11-win32-x86_64\bin\net.dll
0x00007ffc64d20000 - 0x00007ffc64e47000 	C:\WINDOWS\SYSTEM32\WINHTTP.dll
0x00007ffc6fb10000 - 0x00007ffc6fb7c000 	C:\WINDOWS\system32\mswsock.dll
0x00007ffc35280000 - 0x00007ffc35296000 	C:\Users\hp\.antigravity-ide\extensions\redhat.java-1.55.0-win32-x64\jre\21.0.11-win32-x86_64\bin\nio.dll
0x00007ffc42900000 - 0x00007ffc42910000 	C:\Users\hp\.antigravity-ide\extensions\redhat.java-1.55.0-win32-x64\jre\21.0.11-win32-x86_64\bin\verify.dll
0x00007ffc13220000 - 0x00007ffc13247000 	C:\Users\hp\.gradle\native\c067742578af261105cb4f569cf0c3c89f3d7b1fecec35dd04571415982c5e48\windows-amd64\native-platform.dll
0x00007ffc04230000 - 0x00007ffc04374000 	C:\Users\hp\.gradle\native\100fb08df4bc3b14c8652ba06237920a3bd2aa13389f12d3474272988ae205f9\windows-amd64\native-platform-file-events.dll
0x00007ffc4b260000 - 0x00007ffc4b26a000 	C:\Users\hp\.antigravity-ide\extensions\redhat.java-1.55.0-win32-x64\jre\21.0.11-win32-x86_64\bin\management.dll
0x00007ffc42180000 - 0x00007ffc4218c000 	C:\Users\hp\.antigravity-ide\extensions\redhat.java-1.55.0-win32-x64\jre\21.0.11-win32-x86_64\bin\management_ext.dll
0x00007ffc72e20000 - 0x00007ffc72e28000 	C:\WINDOWS\System32\PSAPI.DLL
0x00007ffc6fe10000 - 0x00007ffc6fe2b000 	C:\WINDOWS\SYSTEM32\CRYPTSP.dll
0x00007ffc6f4c0000 - 0x00007ffc6f4f9000 	C:\WINDOWS\system32\rsaenh.dll
0x00007ffc6fbd0000 - 0x00007ffc6fc02000 	C:\WINDOWS\SYSTEM32\USERENV.dll
0x00007ffc70770000 - 0x00007ffc7079a000 	C:\WINDOWS\SYSTEM32\bcrypt.dll
0x00007ffc6fe30000 - 0x00007ffc6fe3c000 	C:\WINDOWS\SYSTEM32\CRYPTBASE.dll
0x00007ffc6ef10000 - 0x00007ffc6ef43000 	C:\WINDOWS\SYSTEM32\IPHLPAPI.DLL
0x00007ffc71630000 - 0x00007ffc7163a000 	C:\WINDOWS\System32\NSI.dll
0x00007ffc40e40000 - 0x00007ffc40e49000 	C:\Users\hp\.antigravity-ide\extensions\redhat.java-1.55.0-win32-x64\jre\21.0.11-win32-x86_64\bin\extnet.dll
0x00007ffc4b290000 - 0x00007ffc4b29e000 	C:\Users\hp\.antigravity-ide\extensions\redhat.java-1.55.0-win32-x64\jre\21.0.11-win32-x86_64\bin\sunmscapi.dll
0x00007ffc71210000 - 0x00007ffc71388000 	C:\WINDOWS\System32\CRYPT32.dll
0x00007ffc70050000 - 0x00007ffc70080000 	C:\WINDOWS\SYSTEM32\ncrypt.dll
0x00007ffc70000000 - 0x00007ffc7003f000 	C:\WINDOWS\SYSTEM32\NTASN1.dll
0x00007ffbf1520000 - 0x00007ffbf1528000 	C:\WINDOWS\system32\wshunix.dll
0x00007ffbe9610000 - 0x00007ffbe9628000 	C:\WINDOWS\system32\napinsp.dll
0x00007ffc6efa0000 - 0x00007ffc6f0f6000 	C:\WINDOWS\SYSTEM32\DNSAPI.dll
0x00007ffc6f8f0000 - 0x00007ffc6f8fd000 	C:\WINDOWS\SYSTEM32\DSPARSE.dll
0x00007ffbf0e20000 - 0x00007ffbf0e33000 	C:\WINDOWS\System32\winrnr.dll
0x00007ffbf0df0000 - 0x00007ffbf0e12000 	C:\WINDOWS\system32\nlansp_c.dll
0x00007ffc42150000 - 0x00007ffc42166000 	C:\WINDOWS\system32\wshbth.dll
0x00007ffc64490000 - 0x00007ffc6449b000 	C:\Windows\System32\rasadhlp.dll
0x00007ffc6af40000 - 0x00007ffc6afc6000 	C:\WINDOWS\System32\fwpuclnt.dll

JVMTI agents:
C:\Users\hp\.gradle\wrapper\dists\gradle-8.9-bin\90cnw93cvbtalezasaz0blq0a\gradle-8.9\lib\agents\gradle-instrumentation-agent-8.9.jar path:C:\Users\hp\.antigravity-ide\extensions\redhat.java-1.55.0-win32-x64\jre\21.0.11-win32-x86_64\bin\instrument.dll, loaded, initialized, instrumentlib options:none

dbghelp: loaded successfully - version: 4.0.5 - missing functions: none
symbol engine: initialized successfully - sym options: 0x614 - pdb path: .;C:\Users\hp\.antigravity-ide\extensions\redhat.java-1.55.0-win32-x64\jre\21.0.11-win32-x86_64\bin;C:\WINDOWS\SYSTEM32;C:\WINDOWS\WinSxS\amd64_microsoft.windows.common-controls_6595b64144ccf1df_6.0.26100.8875_none_3e0d5d42e32fe9dd;C:\Users\hp\.antigravity-ide\extensions\redhat.java-1.55.0-win32-x64\jre\21.0.11-win32-x86_64\bin\server;C:\Users\hp\.gradle\native\c067742578af261105cb4f569cf0c3c89f3d7b1fecec35dd04571415982c5e48\windows-amd64;C:\Users\hp\.gradle\native\100fb08df4bc3b14c8652ba06237920a3bd2aa13389f12d3474272988ae205f9\windows-amd64

VM Arguments:
jvm_args: --add-opens=java.base/java.util=ALL-UNNAMED --add-opens=java.base/java.lang=ALL-UNNAMED --add-opens=java.base/java.lang.invoke=ALL-UNNAMED --add-opens=java.prefs/java.util.prefs=ALL-UNNAMED --add-exports=jdk.compiler/com.sun.tools.javac.api=ALL-UNNAMED --add-exports=jdk.compiler/com.sun.tools.javac.util=ALL-UNNAMED --add-opens=java.base/java.nio.charset=ALL-UNNAMED --add-opens=java.base/java.net=ALL-UNNAMED --add-opens=java.base/java.util.concurrent.atomic=ALL-UNNAMED -XX:MaxMetaspaceSize=384m -XX:+HeapDumpOnOutOfMemoryError -Xms256m -Xmx512m -Dfile.encoding=utf8 -Duser.country=IN -Duser.language=en -Duser.variant -javaagent:C:\Users\hp\.gradle\wrapper\dists\gradle-8.9-bin\90cnw93cvbtalezasaz0blq0a\gradle-8.9\lib\agents\gradle-instrumentation-agent-8.9.jar 
java_command: org.gradle.launcher.daemon.bootstrap.GradleDaemon 8.9
java_class_path (initial): C:\Users\hp\.gradle\wrapper\dists\gradle-8.9-bin\90cnw93cvbtalezasaz0blq0a\gradle-8.9\lib\gradle-daemon-main-8.9.jar
Launcher Type: SUN_STANDARD

[Global flags]
     intx CICompilerCount                          = 4                                         {product} {ergonomic}
   size_t CompressedClassSpaceSize                 = 335544320                                 {product} {ergonomic}
     uint ConcGCThreads                            = 2                                         {product} {ergonomic}
     uint G1ConcRefinementThreads                  = 8                                         {product} {ergonomic}
   size_t G1HeapRegionSize                         = 1048576                                   {product} {ergonomic}
    uintx GCDrainStackTargetSize                   = 64                                        {product} {ergonomic}
     bool HeapDumpOnOutOfMemoryError               = true                                   {manageable} {command line}
   size_t InitialHeapSize                          = 268435456                                 {product} {command line}
   size_t MarkStackSize                            = 4194304                                   {product} {ergonomic}
   size_t MaxHeapSize                              = 536870912                                 {product} {command line}
   size_t MaxMetaspaceSize                         = 402653184                                 {product} {command line}
   size_t MaxNewSize                               = 321912832                                 {product} {ergonomic}
   size_t MinHeapDeltaBytes                        = 1048576                                   {product} {ergonomic}
   size_t MinHeapSize                              = 268435456                                 {product} {command line}
    uintx NonNMethodCodeHeapSize                   = 5839372                                {pd product} {ergonomic}
    uintx NonProfiledCodeHeapSize                  = 122909434                              {pd product} {ergonomic}
    uintx ProfiledCodeHeapSize                     = 122909434                              {pd product} {ergonomic}
    uintx ReservedCodeCacheSize                    = 251658240                              {pd product} {ergonomic}
     bool SegmentedCodeCache                       = true                                      {product} {ergonomic}
   size_t SoftMaxHeapSize                          = 536870912                              {manageable} {ergonomic}
     bool UseCompressedOops                        = true                           {product lp64_product} {ergonomic}
     bool UseG1GC                                  = true                                      {product} {ergonomic}
     bool UseLargePagesIndividualAllocation        = false                                  {pd product} {ergonomic}

Logging:
Log output configuration:
 #0: stdout all=warning uptime,level,tags foldmultilines=false
 #1: stderr all=off uptime,level,tags foldmultilines=false

Release file:
JAVA_VERSION="21.0.11" 
MODULES="java.base java.compiler java.datatransfer java.xml java.prefs java.desktop java.instrument java.logging java.management java.security.sasl java.naming java.rmi java.management.rmi java.net.http java.scripting java.security.jgss java.transaction.xa java.sql java.sql.rowset java.xml.crypto java.se java.smartcardio jdk.accessibility jdk.internal.jvmstat jdk.attach jdk.charsets jdk.internal.opt jdk.zipfs jdk.compiler jdk.crypto.ec jdk.crypto.cryptoki jdk.crypto.mscapi jdk.dynalink jdk.internal.ed jdk.editpad jdk.hotspot.agent jdk.httpserver jdk.internal.le jdk.internal.vm.ci jdk.internal.vm.compiler jdk.internal.vm.compiler.management jdk.jartool jdk.javadoc jdk.jcmd jdk.management jdk.management.agent jdk.jconsole jdk.jdeps jdk.jdwp.agent jdk.jdi jdk.jfr jdk.jshell jdk.jsobject jdk.jstatd jdk.localedata jdk.management.jfr jdk.naming.dns jdk.naming.rmi jdk.net jdk.nio.mapmode jdk.random jdk.sctp jdk.security.auth jdk.security.jgss jdk.unsupported jdk.unsupported.desktop jdk.xml.dom" 

Environment Variables:
PATH=C:\Program Files\Common Files\Oracle\Java\javapath;C:\Program Files (x86)\Common Files\Oracle\Java\javapath;C:\WINDOWS\system32;C:\WINDOWS;C:\WINDOWS\System32\Wbem;C:\WINDOWS\System32\WindowsPowerShell\v1.0\;C:\WINDOWS\System32\OpenSSH\;C:\Program Files\nodejs\;C:\Program Files\Git\cmd;C:\Program Files\GitHub CLI\;C:\Program Files\Docker\Docker\resources\bin;C:\Users\hp\.kimi-code\bin;C:\Users\hp\AppData\Local\Programs\Python\Python311\Scripts\;C:\Users\hp\AppData\Local\Programs\Python\Python311\;C:\Users\hp\AppData\Local\Microsoft\WindowsApps;C:\Users\hp\AppData\Local\Programs\Antigravity\bin;C:\Users\hp\AppData\Local\Programs\Microsoft VS Code\bin;C:\Users\hp\AppData\Local\Python\bin;C:\Users\hp\AppData\Roaming\npm;C:\Users\hp\AppData\Local\Programs\Ollama;C:\Users\hp\AppData\Local\Programs\Antigravity IDE\bin;C:\Users\hp\AppData\Local\Microsoft\WinGet\Packages\Gyan.FFmpeg_Microsoft.Winget.Source_8wekyb3d8bbwe\ffmpeg-8.1.2-full_build\bin;%WPSCLI_HOME%
USERNAME=hp
OS=Windows_NT
PROCESSOR_IDENTIFIER=AMD64 Family 23 Model 160 Stepping 0, AuthenticAMD
TMP=C:\Users\hp\AppData\Local\Temp
TEMP=C:\Users\hp\AppData\Local\Temp




Periodic native trim disabled

---------------  S Y S T E M  ---------------

OS:
 Windows 11 , 64 bit Build 26100 (10.0.26100.8875)
OS uptime: 0 days 3:15 hours
Hyper-V role detected

CPU: total 8 (initial active 8) (8 cores per cpu, 2 threads per core) family 23 model 160 stepping 0 microcode 0x8a0000b, cx8, cmov, fxsr, ht, mmx, 3dnowpref, sse, sse2, sse3, ssse3, sse4a, sse4.1, sse4.2, popcnt, lzcnt, tsc, tscinvbit, avx, avx2, aes, clmul, bmi1, bmi2, adx, sha, fma, vzeroupper, clflush, clflushopt, hv, rdtscp, rdpid, f16c
Processor Information for the first 8 processors :
  Max Mhz: 2401, Current Mhz: 2401, Mhz Limit: 2401

Memory: 4k page, system-wide physical 7418M (275M free)
TotalPageFile size 29946M (AvailPageFile size 0M)
current process WorkingSet (physical memory assigned to process): 236M, peak: 874M
current process commit charge ("private bytes"): 1000M, peak: 1036M

vm_info: OpenJDK 64-Bit Server VM (21.0.11+10-LTS) for windows-amd64 JRE (21.0.11+10-LTS), built on 2026-04-21T00:00:00Z by "admin" with MS VC++ 17.12 (VS2022)

END.
