#
# There is insufficient memory for the Java Runtime Environment to continue.
# Native memory allocation (malloc) failed to allocate 1399392 bytes. Error detail: Chunk::new
# Possible reasons:
#   The system is out of physical RAM or swap space
#   This process is running with CompressedOops enabled, and the Java Heap may be blocking the growth of the native heap
# Possible solutions:
#   Reduce memory load on the system
#   Increase physical memory or swap space
#   Check if swap backing store is full
#   Decrease Java heap size (-Xmx/-Xms)
#   Decrease number of Java threads
#   Decrease Java thread stack sizes (-Xss)
#   Set larger code cache with -XX:ReservedCodeCacheSize=
#   JVM is running with Unscaled Compressed Oops mode in which the Java heap is
#     placed in the first 4GB address space. The Java Heap base address is the
#     maximum limit for the native heap growth. Please use -XX:HeapBaseMinAddress
#     to set the Java Heap base and to place the Java Heap above 4GB virtual address.
# This output file may be truncated or incomplete.
#
#  Out of Memory Error (arena.cpp:168), pid=22748, tid=21540
#
# JRE version: OpenJDK Runtime Environment Temurin-21.0.12+8 (21.0.12+8) (build 21.0.12+8-LTS)
# Java VM: OpenJDK 64-Bit Server VM Temurin-21.0.12+8 (21.0.12+8-LTS, mixed mode, sharing, tiered, compressed oops, compressed class ptrs, g1 gc, windows-amd64)
# No core dump will be written. Minidumps are not enabled by default on client versions of Windows
#

---------------  S U M M A R Y ------------

Command Line: -XX:MaxMetaspaceSize=512m --add-opens=java.base/java.util=ALL-UNNAMED --add-opens=java.base/java.lang=ALL-UNNAMED --add-opens=java.base/java.lang.invoke=ALL-UNNAMED --add-opens=java.prefs/java.util.prefs=ALL-UNNAMED --add-exports=jdk.compiler/com.sun.tools.javac.api=ALL-UNNAMED --add-exports=jdk.compiler/com.sun.tools.javac.util=ALL-UNNAMED --add-opens=java.base/java.nio.charset=ALL-UNNAMED --add-opens=java.base/java.net=ALL-UNNAMED --add-opens=java.base/java.util.concurrent.atomic=ALL-UNNAMED -Xmx2048m -Dfile.encoding=UTF-8 -Duser.country=IN -Duser.language=en -Duser.variant -javaagent:C:\Users\hp\.gradle\wrapper\dists\gradle-8.10.2-all\7iv73wktx1xtkvlq19urqw1wm\gradle-8.10.2\lib\agents\gradle-instrumentation-agent-8.10.2.jar org.gradle.launcher.daemon.bootstrap.GradleDaemon 8.10.2

Host: AMD Ryzen 3 7320U with Radeon Graphics         , 8 cores, 7G,  Windows 11 , 64 bit Build 26100 (10.0.26100.9168)
Time: Sun Aug 23 10:53:32 2026 India Standard Time elapsed time: 133.350431 seconds (0d 0h 2m 13s)

---------------  T H R E A D  ---------------

Current thread (0x000002c5ff82c290):  JavaThread "C2 CompilerThread0" daemon [_thread_in_native, id=21540, stack(0x000000cbb8e00000,0x000000cbb8f00000) (1024K)]


Current CompileTask:
C2:133350 22233       4       javax.management.ObjectName::construct (1135 bytes)

Stack: [0x000000cbb8e00000,0x000000cbb8f00000]
Native frames: (J=compiled Java code, j=interpreted, Vv=VM code, C=native code)
V  [jvm.dll+0x6d83e9]
V  [jvm.dll+0x8b5736]
V  [jvm.dll+0x8b7cee]
V  [jvm.dll+0x8b83d3]
V  [jvm.dll+0x284596]
V  [jvm.dll+0xc685d]
V  [jvm.dll+0xc6da1]
V  [jvm.dll+0x3bf18b]
V  [jvm.dll+0x38b6d2]
V  [jvm.dll+0x38ab1a]
V  [jvm.dll+0x24c700]
V  [jvm.dll+0x24bce0]
V  [jvm.dll+0x1cb4ae]
V  [jvm.dll+0x25baad]
V  [jvm.dll+0x25a03a]
V  [jvm.dll+0x3f8aae]
V  [jvm.dll+0x8600cd]
V  [jvm.dll+0x6d6c1d]
C  [ucrtbase.dll+0x2cd30]
C  [KERNEL32.DLL+0x2ccb7]
C  [ntdll.dll+0xaad6c]


---------------  P R O C E S S  ---------------

Threads class SMR info:
_java_thread_list=0x000002c5b2a6a010, length=147, elements={
0x000002c5e482d4b0, 0x000002c5ff80df80, 0x000002c5ff80f700, 0x000002c5ff8147e0,
0x000002c5ff81d5c0, 0x000002c5ff820d50, 0x000002c5ff823580, 0x000002c5ff82c290,
0x000002c5ff82fff0, 0x000002c5ffa0b270, 0x000002c5ffb687f0, 0x000002c5a451a320,
0x000002c5a4743e70, 0x000002c5a47add90, 0x000002c5a490a490, 0x000002c5a490ab00,
0x000002c5a46a7e70, 0x000002c5a46a5080, 0x000002c5a46a8500, 0x000002c5a46a6430,
0x000002c5a46a7150, 0x000002c5a46a5da0, 0x000002c5a46a77e0, 0x000002c5a46a6ac0,
0x000002c5a4abbb70, 0x000002c5a4abc890, 0x000002c5a4abc200, 0x000002c5a4abe2d0,
0x000002c5a4abae50, 0x000002c5a4abe960, 0x000002c5a4abfd10, 0x000002c5a4abeff0,
0x000002c5a4ac03a0, 0x000002c5a4abcf20, 0x000002c5a4ac2470, 0x000002c5a4e207c0,
0x000002c5a4e20130, 0x000002c5a4e1d9d0, 0x000002c5a4e20e50, 0x000002c5a4e214e0,
0x000002c5a4e1e6f0, 0x000002c5a4e1f410, 0x000002c5a4e22200, 0x000002c5a4e1ed80,
0x000002c5a4e22890, 0x000002c5a4e22f20, 0x000002c5a4e24960, 0x000002c5a4e23c40,
0x000002c5a4e24ff0, 0x000002c5a4e235b0, 0x000002c5a4e242d0, 0x000002c5ff9eb990,
0x000002c5ff9ec6b0, 0x000002c5ff9ec020, 0x000002c5ff9e9230, 0x000002c5ff9e98c0,
0x000002c5ff9e9f50, 0x000002c5ff9eda60, 0x000002c5ff9ecd40, 0x000002c5ff9ed3d0,
0x000002c5ff9ea5e0, 0x000002c5ff9ee0f0, 0x000002c5ff9ef4a0, 0x000002c5a540a260,
0x000002c5a540c9c0, 0x000002c5a5409bd0, 0x000002c5a540d050, 0x000002c5a540bca0,
0x000002c5a540d6e0, 0x000002c5a540dd70, 0x000002c5a540a8f0, 0x000002c5a540e400,
0x000002c5a540af80, 0x000002c5a8da2f30, 0x000002c5a8da35c0, 0x000002c5a8da1b80,
0x000002c5a8da28a0, 0x000002c5a8da3c50, 0x000002c5a8da42e0, 0x000002c5a8da0e60,
0x000002c5a8da14f0, 0x000002c5a8da4970, 0x000002c5a8da5000, 0x000002c5a8da5690,
0x000002c5a8da2210, 0x000002c5a8da8480, 0x000002c5a8da63b0, 0x000002c5a8da7760,
0x000002c5a8da6a40, 0x000002c5a8da5d20, 0x000002c5a8da7df0, 0x000002c5a8da70d0,
0x000002c5a8aa1e50, 0x000002c5a8aa17c0, 0x000002c5a8aa0aa0, 0x000002c5a8aa1130,
0x000002c5a8a9fd80, 0x000002c5a8a9f060, 0x000002c5a8aa2b70, 0x000002c5a8a9f6f0,
0x000002c5a8aa3200, 0x000002c5a8aa3890, 0x000002c5a8aa0410, 0x000002c5a8aa45b0,
0x000002c5a8aa4c40, 0x000002c5a8aa3f20, 0x000002c5a8aa5960, 0x000002c5a8aa5ff0,
0x000002c5a8aa52d0, 0x000002c5a8aa6680, 0x000002c5a540f120, 0x000002c5a54104d0,
0x000002c5a540ea90, 0x000002c5a540fe40, 0x000002c5a540f7b0, 0x000002c5a5410b60,
0x000002c5a54111f0, 0x000002c5ff9f01c0, 0x000002c5ff9ee780, 0x000002c5ff9f0850,
0x000002c5a5bd1510, 0x000002c5a5bd28c0, 0x000002c5a5bd35e0, 0x000002c5a5bd0e80,
0x000002c5a5bd1ba0, 0x000002c5a5bd0160, 0x000002c5a5bd2f50, 0x000002c5a5bd2230,
0x000002c5a5bd3c70, 0x000002c5a5bd07f0, 0x000002c5a5bd56b0, 0x000002c5a5bd6a60,
0x000002c5a5bd63d0, 0x000002c5a844f000, 0x000002c5a8452b10, 0x000002c5a844f690,
0x000002c5a8454550, 0x000002c5a84531a0, 0x000002c5a8453830, 0x000002c5a8453ec0,
0x000002c5a8454be0, 0x000002c5a84510d0, 0x000002c5a844e970, 0x000002c5a89a7750,
0x000002c5a8329ad0, 0x000002c5a99aec70, 0x000002c5b0947290
}

Java Threads: ( => current thread )
  0x000002c5e482d4b0 JavaThread "main"                              [_thread_blocked, id=24396, stack(0x000000cbb8000000,0x000000cbb8100000) (1024K)]
  0x000002c5ff80df80 JavaThread "Reference Handler"          daemon [_thread_blocked, id=24496, stack(0x000000cbb8800000,0x000000cbb8900000) (1024K)]
  0x000002c5ff80f700 JavaThread "Finalizer"                  daemon [_thread_blocked, id=16792, stack(0x000000cbb8900000,0x000000cbb8a00000) (1024K)]
  0x000002c5ff8147e0 JavaThread "Signal Dispatcher"          daemon [_thread_blocked, id=21292, stack(0x000000cbb8a00000,0x000000cbb8b00000) (1024K)]
  0x000002c5ff81d5c0 JavaThread "Attach Listener"            daemon [_thread_blocked, id=21560, stack(0x000000cbb8b00000,0x000000cbb8c00000) (1024K)]
  0x000002c5ff820d50 JavaThread "Service Thread"             daemon [_thread_blocked, id=23220, stack(0x000000cbb8c00000,0x000000cbb8d00000) (1024K)]
  0x000002c5ff823580 JavaThread "Monitor Deflation Thread"   daemon [_thread_blocked, id=8156, stack(0x000000cbb8d00000,0x000000cbb8e00000) (1024K)]
=>0x000002c5ff82c290 JavaThread "C2 CompilerThread0"         daemon [_thread_in_native, id=21540, stack(0x000000cbb8e00000,0x000000cbb8f00000) (1024K)]
  0x000002c5ff82fff0 JavaThread "C1 CompilerThread0"         daemon [_thread_blocked, id=11544, stack(0x000000cbb8f00000,0x000000cbb9000000) (1024K)]
  0x000002c5ffa0b270 JavaThread "Common-Cleaner"             daemon [_thread_blocked, id=15820, stack(0x000000cbb9000000,0x000000cbb9100000) (1024K)]
  0x000002c5ffb687f0 JavaThread "Notification Thread"        daemon [_thread_blocked, id=25868, stack(0x000000cbb9100000,0x000000cbb9200000) (1024K)]
  0x000002c5a451a320 JavaThread "Daemon health stats"               [_thread_blocked, id=21928, stack(0x000000cbb9700000,0x000000cbb9800000) (1024K)]
  0x000002c5a4743e70 JavaThread "Incoming local TCP Connector on port 59322"        [_thread_in_native, id=13108, stack(0x000000cbb9800000,0x000000cbb9900000) (1024K)]
  0x000002c5a47add90 JavaThread "Daemon periodic checks"            [_thread_blocked, id=18420, stack(0x000000cbb9900000,0x000000cbb9a00000) (1024K)]
  0x000002c5a490a490 JavaThread "Daemon"                            [_thread_blocked, id=25904, stack(0x000000cbb9a00000,0x000000cbb9b00000) (1024K)]
  0x000002c5a490ab00 JavaThread "Handler for socket connection from /127.0.0.1:59322 to /127.0.0.1:59323"        [_thread_in_native, id=16912, stack(0x000000cbb9b00000,0x000000cbb9c00000) (1024K)]
  0x000002c5a46a7e70 JavaThread "Cancel handler"                    [_thread_blocked, id=12328, stack(0x000000cbb9c00000,0x000000cbb9d00000) (1024K)]
  0x000002c5a46a5080 JavaThread "Daemon worker"                     [_thread_blocked, id=13476, stack(0x000000cbb9d00000,0x000000cbb9e00000) (1024K)]
  0x000002c5a46a8500 JavaThread "Asynchronous log dispatcher for DefaultDaemonConnection: socket connection from /127.0.0.1:59322 to /127.0.0.1:59323"        [_thread_blocked, id=19352, stack(0x000000cbb9e00000,0x000000cbb9f00000) (1024K)]
  0x000002c5a46a6430 JavaThread "Stdin handler"                     [_thread_blocked, id=19656, stack(0x000000cbb9f00000,0x000000cbba000000) (1024K)]
  0x000002c5a46a7150 JavaThread "Daemon client event forwarder"        [_thread_blocked, id=13864, stack(0x000000cbba000000,0x000000cbba100000) (1024K)]
  0x000002c5a46a5da0 JavaThread "Cache worker for journal cache (C:\Users\hp\.gradle\caches\journal-1)"        [_thread_blocked, id=8788, stack(0x000000cbba100000,0x000000cbba200000) (1024K)]
  0x000002c5a46a77e0 JavaThread "File lock request listener"        [_thread_in_native, id=18532, stack(0x000000cbba200000,0x000000cbba300000) (1024K)]
  0x000002c5a46a6ac0 JavaThread "Cache worker for file hash cache (C:\Users\hp\.gradle\caches\8.10.2\fileHashes)"        [_thread_blocked, id=3228, stack(0x000000cbba300000,0x000000cbba400000) (1024K)]
  0x000002c5a4abbb70 JavaThread "Cache worker for file hash cache (C:\Users\hp\Music\AURA\frontend\android\.gradle\8.10.2\fileHashes)"        [_thread_blocked, id=26484, stack(0x000000cbba800000,0x000000cbba900000) (1024K)]
  0x000002c5a4abc890 JavaThread "Cache worker for Build Output Cleanup Cache (C:\Users\hp\Music\AURA\frontend\android\.gradle\buildOutputCleanup)"        [_thread_blocked, id=13132, stack(0x000000cbba900000,0x000000cbbaa00000) (1024K)]
  0x000002c5a4abc200 JavaThread "File watcher server"        daemon [_thread_in_native, id=16340, stack(0x000000cbbaa00000,0x000000cbbab00000) (1024K)]
  0x000002c5a4abe2d0 JavaThread "File watcher consumer"      daemon [_thread_blocked, id=22416, stack(0x000000cbbab00000,0x000000cbbac00000) (1024K)]
  0x000002c5a4abae50 JavaThread "Cache worker for checksums cache (C:\Users\hp\Music\AURA\frontend\android\.gradle\8.10.2\checksums)"        [_thread_blocked, id=1028, stack(0x000000cbbac00000,0x000000cbbad00000) (1024K)]
  0x000002c5a4abe960 JavaThread "Cache worker for file content cache (C:\Users\hp\.gradle\caches\8.10.2\fileContent)"        [_thread_blocked, id=14784, stack(0x000000cbbad00000,0x000000cbbae00000) (1024K)]
  0x000002c5a4abfd10 JavaThread "Cache worker for cache directory md-rule (C:\Users\hp\.gradle\caches\8.10.2\md-rule)"        [_thread_blocked, id=17004, stack(0x000000cbbae00000,0x000000cbbaf00000) (1024K)]
  0x000002c5a4abeff0 JavaThread "Cache worker for cache directory md-supplier (C:\Users\hp\.gradle\caches\8.10.2\md-supplier)"        [_thread_blocked, id=2592, stack(0x000000cbbaf00000,0x000000cbbb000000) (1024K)]
  0x000002c5a4ac03a0 JavaThread "jar transforms"                    [_thread_blocked, id=24528, stack(0x000000cbba400000,0x000000cbba500000) (1024K)]
  0x000002c5a4abcf20 JavaThread "Cache worker for Build Output Cleanup Cache (C:\Users\hp\Music\AURA\frontend\node_modules\@react-native\gradle-plugin\.gradle\buildOutputCleanup)"        [_thread_blocked, id=12712, stack(0x000000cbbb000000,0x000000cbbb100000) (1024K)]
  0x000002c5a4ac2470 JavaThread "Unconstrained build operations"        [_thread_blocked, id=7316, stack(0x000000cbbb100000,0x000000cbbb200000) (1024K)]
  0x000002c5a4e207c0 JavaThread "Unconstrained build operations Thread 2"        [_thread_blocked, id=14876, stack(0x000000cbbb200000,0x000000cbbb300000) (1024K)]
  0x000002c5a4e20130 JavaThread "Unconstrained build operations Thread 3"        [_thread_blocked, id=26200, stack(0x000000cbbb300000,0x000000cbbb400000) (1024K)]
  0x000002c5a4e1d9d0 JavaThread "Unconstrained build operations Thread 4"        [_thread_blocked, id=20228, stack(0x000000cbbb400000,0x000000cbbb500000) (1024K)]
  0x000002c5a4e20e50 JavaThread "Unconstrained build operations Thread 5"        [_thread_blocked, id=24908, stack(0x000000cbbb500000,0x000000cbbb600000) (1024K)]
  0x000002c5a4e214e0 JavaThread "Unconstrained build operations Thread 6"        [_thread_blocked, id=16044, stack(0x000000cbbb600000,0x000000cbbb700000) (1024K)]
  0x000002c5a4e1e6f0 JavaThread "Unconstrained build operations Thread 7"        [_thread_blocked, id=19292, stack(0x000000cbbb700000,0x000000cbbb800000) (1024K)]
  0x000002c5a4e1f410 JavaThread "Unconstrained build operations Thread 8"        [_thread_blocked, id=18388, stack(0x000000cbbb800000,0x000000cbbb900000) (1024K)]
  0x000002c5a4e22200 JavaThread "Unconstrained build operations Thread 9"        [_thread_blocked, id=20076, stack(0x000000cbbb900000,0x000000cbbba00000) (1024K)]
  0x000002c5a4e1ed80 JavaThread "Unconstrained build operations Thread 10"        [_thread_blocked, id=23200, stack(0x000000cbbba00000,0x000000cbbbb00000) (1024K)]
  0x000002c5a4e22890 JavaThread "Unconstrained build operations Thread 11"        [_thread_blocked, id=17188, stack(0x000000cbbbb00000,0x000000cbbbc00000) (1024K)]
  0x000002c5a4e22f20 JavaThread "Unconstrained build operations Thread 12"        [_thread_blocked, id=21532, stack(0x000000cbbbc00000,0x000000cbbbd00000) (1024K)]
  0x000002c5a4e24960 JavaThread "Unconstrained build operations Thread 13"        [_thread_blocked, id=26284, stack(0x000000cbbbd00000,0x000000cbbbe00000) (1024K)]
  0x000002c5a4e23c40 JavaThread "Unconstrained build operations Thread 14"        [_thread_blocked, id=20004, stack(0x000000cbbbe00000,0x000000cbbbf00000) (1024K)]
  0x000002c5a4e24ff0 JavaThread "Unconstrained build operations Thread 15"        [_thread_blocked, id=25364, stack(0x000000cbbbf00000,0x000000cbbc000000) (1024K)]
  0x000002c5a4e235b0 JavaThread "Unconstrained build operations Thread 16"        [_thread_blocked, id=19492, stack(0x000000cbbc000000,0x000000cbbc100000) (1024K)]
  0x000002c5a4e242d0 JavaThread "Unconstrained build operations Thread 17"        [_thread_blocked, id=24364, stack(0x000000cbbc100000,0x000000cbbc200000) (1024K)]
  0x000002c5ff9eb990 JavaThread "Unconstrained build operations Thread 18"        [_thread_blocked, id=17000, stack(0x000000cbbc200000,0x000000cbbc300000) (1024K)]
  0x000002c5ff9ec6b0 JavaThread "Unconstrained build operations Thread 19"        [_thread_blocked, id=20380, stack(0x000000cbbc300000,0x000000cbbc400000) (1024K)]
  0x000002c5ff9ec020 JavaThread "Unconstrained build operations Thread 20"        [_thread_blocked, id=20648, stack(0x000000cbbc400000,0x000000cbbc500000) (1024K)]
  0x000002c5ff9e9230 JavaThread "Unconstrained build operations Thread 21"        [_thread_blocked, id=25372, stack(0x000000cbbc500000,0x000000cbbc600000) (1024K)]
  0x000002c5ff9e98c0 JavaThread "Unconstrained build operations Thread 22"        [_thread_blocked, id=20140, stack(0x000000cbbc600000,0x000000cbbc700000) (1024K)]
  0x000002c5ff9e9f50 JavaThread "Unconstrained build operations Thread 23"        [_thread_blocked, id=24180, stack(0x000000cbbc700000,0x000000cbbc800000) (1024K)]
  0x000002c5ff9eda60 JavaThread "Unconstrained build operations Thread 24"        [_thread_blocked, id=2236, stack(0x000000cbbc800000,0x000000cbbc900000) (1024K)]
  0x000002c5ff9ecd40 JavaThread "Unconstrained build operations Thread 25"        [_thread_blocked, id=23296, stack(0x000000cbbc900000,0x000000cbbca00000) (1024K)]
  0x000002c5ff9ed3d0 JavaThread "Unconstrained build operations Thread 26"        [_thread_blocked, id=14164, stack(0x000000cbbca00000,0x000000cbbcb00000) (1024K)]
  0x000002c5ff9ea5e0 JavaThread "Unconstrained build operations Thread 27"        [_thread_blocked, id=12412, stack(0x000000cbbcb00000,0x000000cbbcc00000) (1024K)]
  0x000002c5ff9ee0f0 JavaThread "Memory manager"                    [_thread_blocked, id=23664, stack(0x000000cbbcc00000,0x000000cbbcd00000) (1024K)]
  0x000002c5ff9ef4a0 JavaThread "build event listener"              [_thread_blocked, id=25308, stack(0x000000cbbcd00000,0x000000cbbce00000) (1024K)]
  0x000002c5a540a260 JavaThread "ForkJoinPool.commonPool-worker-1" daemon [_thread_blocked, id=16344, stack(0x000000cbbce00000,0x000000cbbcf00000) (1024K)]
  0x000002c5a540c9c0 JavaThread "ForkJoinPool.commonPool-worker-2" daemon [_thread_blocked, id=2748, stack(0x000000cbbcf00000,0x000000cbbd000000) (1024K)]
  0x000002c5a5409bd0 JavaThread "ForkJoinPool.commonPool-worker-3" daemon [_thread_blocked, id=1464, stack(0x000000cbbd000000,0x000000cbbd100000) (1024K)]
  0x000002c5a540d050 JavaThread "ForkJoinPool.commonPool-worker-4" daemon [_thread_blocked, id=5028, stack(0x000000cbbd100000,0x000000cbbd200000) (1024K)]
  0x000002c5a540bca0 JavaThread "ForkJoinPool.commonPool-worker-5" daemon [_thread_blocked, id=3448, stack(0x000000cbbd200000,0x000000cbbd300000) (1024K)]
  0x000002c5a540d6e0 JavaThread "ForkJoinPool.commonPool-worker-6" daemon [_thread_blocked, id=15596, stack(0x000000cbbd300000,0x000000cbbd400000) (1024K)]
  0x000002c5a540dd70 JavaThread "ForkJoinPool.commonPool-worker-7" daemon [_thread_blocked, id=12912, stack(0x000000cbbd400000,0x000000cbbd500000) (1024K)]
  0x000002c5a540a8f0 JavaThread "Exec process"                      [_thread_in_native, id=23904, stack(0x000000cbbd500000,0x000000cbbd600000) (1024K)]
  0x000002c5a540e400 JavaThread "Exec process Thread 2"             [_thread_in_native, id=10960, stack(0x000000cbbd600000,0x000000cbbd700000) (1024K)]
  0x000002c5a540af80 JavaThread "Exec process Thread 3"             [_thread_in_native, id=5968, stack(0x000000cbbd700000,0x000000cbbd800000) (1024K)]
  0x000002c5a8da2f30 JavaThread "included builds"                   [_thread_blocked, id=19684, stack(0x000000cbbd800000,0x000000cbbd900000) (1024K)]
  0x000002c5a8da35c0 JavaThread "Execution worker"                  [_thread_blocked, id=24756, stack(0x000000cbbd900000,0x000000cbbda00000) (1024K)]
  0x000002c5a8da1b80 JavaThread "Execution worker Thread 2"         [_thread_blocked, id=8524, stack(0x000000cbbda00000,0x000000cbbdb00000) (1024K)]
  0x000002c5a8da28a0 JavaThread "Execution worker Thread 3"         [_thread_blocked, id=23644, stack(0x000000cbbdb00000,0x000000cbbdc00000) (1024K)]
  0x000002c5a8da3c50 JavaThread "Execution worker Thread 4"         [_thread_blocked, id=1776, stack(0x000000cbbdc00000,0x000000cbbdd00000) (1024K)]
  0x000002c5a8da42e0 JavaThread "Execution worker Thread 5"         [_thread_blocked, id=17380, stack(0x000000cbbdd00000,0x000000cbbde00000) (1024K)]
  0x000002c5a8da0e60 JavaThread "Execution worker Thread 6"         [_thread_blocked, id=18192, stack(0x000000cbbde00000,0x000000cbbdf00000) (1024K)]
  0x000002c5a8da14f0 JavaThread "Execution worker Thread 7"         [_thread_blocked, id=25268, stack(0x000000cbbdf00000,0x000000cbbe000000) (1024K)]
  0x000002c5a8da4970 JavaThread "Cache worker for execution history cache (C:\Users\hp\Music\AURA\frontend\node_modules\@react-native\gradle-plugin\.gradle\8.10.2\executionHistory)"        [_thread_blocked, id=22484, stack(0x000000cbbe000000,0x000000cbbe100000) (1024K)]
  0x000002c5a8da5000 JavaThread "Unconstrained build operations Thread 28"        [_thread_blocked, id=25744, stack(0x000000cbbe100000,0x000000cbbe200000) (1024K)]
  0x000002c5a8da5690 JavaThread "Unconstrained build operations Thread 29"        [_thread_blocked, id=20784, stack(0x000000cbbe200000,0x000000cbbe300000) (1024K)]
  0x000002c5a8da2210 JavaThread "Unconstrained build operations Thread 30"        [_thread_blocked, id=6472, stack(0x000000cbbe300000,0x000000cbbe400000) (1024K)]
  0x000002c5a8da8480 JavaThread "Unconstrained build operations Thread 31"        [_thread_blocked, id=25728, stack(0x000000cbbe400000,0x000000cbbe500000) (1024K)]
  0x000002c5a8da63b0 JavaThread "Unconstrained build operations Thread 32"        [_thread_blocked, id=25140, stack(0x000000cbbe500000,0x000000cbbe600000) (1024K)]
  0x000002c5a8da7760 JavaThread "Unconstrained build operations Thread 33"        [_thread_blocked, id=18568, stack(0x000000cbbe600000,0x000000cbbe700000) (1024K)]
  0x000002c5a8da6a40 JavaThread "Unconstrained build operations Thread 34"        [_thread_blocked, id=13828, stack(0x000000cbbe700000,0x000000cbbe800000) (1024K)]
  0x000002c5a8da5d20 JavaThread "Unconstrained build operations Thread 35"        [_thread_blocked, id=19576, stack(0x000000cbbe800000,0x000000cbbe900000) (1024K)]
  0x000002c5a8da7df0 JavaThread "Unconstrained build operations Thread 36"        [_thread_blocked, id=10256, stack(0x000000cbbe900000,0x000000cbbea00000) (1024K)]
  0x000002c5a8da70d0 JavaThread "Unconstrained build operations Thread 37"        [_thread_blocked, id=19308, stack(0x000000cbbea00000,0x000000cbbeb00000) (1024K)]
  0x000002c5a8aa1e50 JavaThread "Unconstrained build operations Thread 38"        [_thread_blocked, id=24288, stack(0x000000cbbeb00000,0x000000cbbec00000) (1024K)]
  0x000002c5a8aa17c0 JavaThread "Unconstrained build operations Thread 39"        [_thread_blocked, id=5388, stack(0x000000cbbec00000,0x000000cbbed00000) (1024K)]
  0x000002c5a8aa0aa0 JavaThread "Unconstrained build operations Thread 40"        [_thread_blocked, id=23700, stack(0x000000cbbed00000,0x000000cbbee00000) (1024K)]
  0x000002c5a8aa1130 JavaThread "Unconstrained build operations Thread 41"        [_thread_blocked, id=17856, stack(0x000000cbbee00000,0x000000cbbef00000) (1024K)]
  0x000002c5a8a9fd80 JavaThread "Unconstrained build operations Thread 42"        [_thread_blocked, id=23156, stack(0x000000cbbef00000,0x000000cbbf000000) (1024K)]
  0x000002c5a8a9f060 JavaThread "Unconstrained build operations Thread 43"        [_thread_blocked, id=19348, stack(0x000000cbbf000000,0x000000cbbf100000) (1024K)]
  0x000002c5a8aa2b70 JavaThread "Unconstrained build operations Thread 44"        [_thread_blocked, id=20420, stack(0x000000cbbf100000,0x000000cbbf200000) (1024K)]
  0x000002c5a8a9f6f0 JavaThread "Unconstrained build operations Thread 45"        [_thread_blocked, id=18932, stack(0x000000cbbf200000,0x000000cbbf300000) (1024K)]
  0x000002c5a8aa3200 JavaThread "Unconstrained build operations Thread 46"        [_thread_blocked, id=21692, stack(0x000000cbbf300000,0x000000cbbf400000) (1024K)]
  0x000002c5a8aa3890 JavaThread "Unconstrained build operations Thread 47"        [_thread_blocked, id=23304, stack(0x000000cbbf400000,0x000000cbbf500000) (1024K)]
  0x000002c5a8aa0410 JavaThread "Unconstrained build operations Thread 48"        [_thread_blocked, id=11736, stack(0x000000cbbf500000,0x000000cbbf600000) (1024K)]
  0x000002c5a8aa45b0 JavaThread "Unconstrained build operations Thread 49"        [_thread_blocked, id=7688, stack(0x000000cbbf600000,0x000000cbbf700000) (1024K)]
  0x000002c5a8aa4c40 JavaThread "Unconstrained build operations Thread 50"        [_thread_blocked, id=5332, stack(0x000000cbbf700000,0x000000cbbf800000) (1024K)]
  0x000002c5a8aa3f20 JavaThread "Unconstrained build operations Thread 51"        [_thread_blocked, id=3776, stack(0x000000cbbf800000,0x000000cbbf900000) (1024K)]
  0x000002c5a8aa5960 JavaThread "Unconstrained build operations Thread 52"        [_thread_blocked, id=21464, stack(0x000000cbbf900000,0x000000cbbfa00000) (1024K)]
  0x000002c5a8aa5ff0 JavaThread "Unconstrained build operations Thread 53"        [_thread_blocked, id=23528, stack(0x000000cbbfa00000,0x000000cbbfb00000) (1024K)]
  0x000002c5a8aa52d0 JavaThread "Unconstrained build operations Thread 54"        [_thread_blocked, id=3644, stack(0x000000cbbfb00000,0x000000cbbfc00000) (1024K)]
  0x000002c5a8aa6680 JavaThread "Unconstrained build operations Thread 55"        [_thread_blocked, id=15480, stack(0x000000cbbfc00000,0x000000cbbfd00000) (1024K)]
  0x000002c5a540f120 JavaThread "Unconstrained build operations Thread 56"        [_thread_blocked, id=25260, stack(0x000000cbbfd00000,0x000000cbbfe00000) (1024K)]
  0x000002c5a54104d0 JavaThread "Unconstrained build operations Thread 57"        [_thread_blocked, id=7736, stack(0x000000cbbfe00000,0x000000cbbff00000) (1024K)]
  0x000002c5a540ea90 JavaThread "Unconstrained build operations Thread 58"        [_thread_blocked, id=22320, stack(0x000000cbbff00000,0x000000cbc0000000) (1024K)]
  0x000002c5a540fe40 JavaThread "Unconstrained build operations Thread 59"        [_thread_blocked, id=20124, stack(0x000000cbc0000000,0x000000cbc0100000) (1024K)]
  0x000002c5a540f7b0 JavaThread "Unconstrained build operations Thread 60"        [_thread_blocked, id=8476, stack(0x000000cbc0100000,0x000000cbc0200000) (1024K)]
  0x000002c5a5410b60 JavaThread "Unconstrained build operations Thread 61"        [_thread_blocked, id=18676, stack(0x000000cbc0200000,0x000000cbc0300000) (1024K)]
  0x000002c5a54111f0 JavaThread "Unconstrained build operations Thread 62"        [_thread_blocked, id=5204, stack(0x000000cbc0300000,0x000000cbc0400000) (1024K)]
  0x000002c5ff9f01c0 JavaThread "Unconstrained build operations Thread 63"        [_thread_blocked, id=19080, stack(0x000000cbc0400000,0x000000cbc0500000) (1024K)]
  0x000002c5ff9ee780 JavaThread "Unconstrained build operations Thread 64"        [_thread_blocked, id=22340, stack(0x000000cbc0500000,0x000000cbc0600000) (1024K)]
  0x000002c5ff9f0850 JavaThread "Unconstrained build operations Thread 65"        [_thread_blocked, id=14684, stack(0x000000cbc0600000,0x000000cbc0700000) (1024K)]
  0x000002c5a5bd1510 JavaThread "Unconstrained build operations Thread 66"        [_thread_blocked, id=25352, stack(0x000000cbc0700000,0x000000cbc0800000) (1024K)]
  0x000002c5a5bd28c0 JavaThread "Unconstrained build operations Thread 67"        [_thread_blocked, id=24664, stack(0x000000cbc0800000,0x000000cbc0900000) (1024K)]
  0x000002c5a5bd35e0 JavaThread "Unconstrained build operations Thread 68"        [_thread_blocked, id=5228, stack(0x000000cbc0900000,0x000000cbc0a00000) (1024K)]
  0x000002c5a5bd0e80 JavaThread "Unconstrained build operations Thread 69"        [_thread_blocked, id=16620, stack(0x000000cbc0a00000,0x000000cbc0b00000) (1024K)]
  0x000002c5a5bd1ba0 JavaThread "Unconstrained build operations Thread 70"        [_thread_blocked, id=23988, stack(0x000000cbc0b00000,0x000000cbc0c00000) (1024K)]
  0x000002c5a5bd0160 JavaThread "Unconstrained build operations Thread 71"        [_thread_blocked, id=20184, stack(0x000000cbc0c00000,0x000000cbc0d00000) (1024K)]
  0x000002c5a5bd2f50 JavaThread "Unconstrained build operations Thread 72"        [_thread_blocked, id=19488, stack(0x000000cbc0d00000,0x000000cbc0e00000) (1024K)]
  0x000002c5a5bd2230 JavaThread "jar transforms Thread 2"           [_thread_blocked, id=24588, stack(0x000000cbc0e00000,0x000000cbc0f00000) (1024K)]
  0x000002c5a5bd3c70 JavaThread "jar transforms Thread 3"           [_thread_blocked, id=21268, stack(0x000000cbc0f00000,0x000000cbc1000000) (1024K)]
  0x000002c5a5bd07f0 JavaThread "jar transforms Thread 4"           [_thread_blocked, id=18428, stack(0x000000cbc1000000,0x000000cbc1100000) (1024K)]
  0x000002c5a5bd56b0 JavaThread "jar transforms Thread 5"           [_thread_blocked, id=18924, stack(0x000000cbc1100000,0x000000cbc1200000) (1024K)]
  0x000002c5a5bd6a60 JavaThread "jar transforms Thread 6"           [_thread_blocked, id=5100, stack(0x000000cbc1200000,0x000000cbc1300000) (1024K)]
  0x000002c5a5bd63d0 JavaThread "Cache worker for Build Output Cleanup Cache (C:\Users\hp\Music\AURA\frontend\node_modules\expo-updates\expo-updates-gradle-plugin\.gradle\buildOutputCleanup)"        [_thread_blocked, id=24972, stack(0x000000cbc1300000,0x000000cbc1400000) (1024K)]
  0x000002c5a844f000 JavaThread "Unconstrained build operations Thread 73"        [_thread_blocked, id=23012, stack(0x000000cbc1400000,0x000000cbc1500000) (1024K)]
  0x000002c5a8452b10 JavaThread "Unconstrained build operations Thread 74"        [_thread_blocked, id=24620, stack(0x000000cbc1500000,0x000000cbc1600000) (1024K)]
  0x000002c5a844f690 JavaThread "Unconstrained build operations Thread 75"        [_thread_blocked, id=13324, stack(0x000000cbc1600000,0x000000cbc1700000) (1024K)]
  0x000002c5a8454550 JavaThread "Unconstrained build operations Thread 76"        [_thread_blocked, id=20080, stack(0x000000cbc1700000,0x000000cbc1800000) (1024K)]
  0x000002c5a84531a0 JavaThread "Unconstrained build operations Thread 77"        [_thread_blocked, id=24012, stack(0x000000cbc1800000,0x000000cbc1900000) (1024K)]
  0x000002c5a8453830 JavaThread "Unconstrained build operations Thread 78"        [_thread_blocked, id=19516, stack(0x000000cbc1900000,0x000000cbc1a00000) (1024K)]
  0x000002c5a8453ec0 JavaThread "Unconstrained build operations Thread 79"        [_thread_blocked, id=24676, stack(0x000000cbc1a00000,0x000000cbc1b00000) (1024K)]
  0x000002c5a8454be0 JavaThread "Unconstrained build operations Thread 80"        [_thread_blocked, id=12236, stack(0x000000cbc1b00000,0x000000cbc1c00000) (1024K)]
  0x000002c5a84510d0 JavaThread "build event listener"              [_thread_blocked, id=24184, stack(0x000000cbc1c00000,0x000000cbc1d00000) (1024K)]
  0x000002c5a844e970 JavaThread "jar transforms Thread 7"           [_thread_blocked, id=12104, stack(0x000000cbc1d00000,0x000000cbc1e00000) (1024K)]
  0x000002c5a89a7750 JavaThread "Cache worker for execution history cache (C:\Users\hp\Music\AURA\frontend\node_modules\expo-updates\expo-updates-gradle-plugin\.gradle\8.10.2\executionHistory)"        [_thread_blocked, id=20336, stack(0x000000cbc1f00000,0x000000cbc2000000) (1024K)]
  0x000002c5a8329ad0 JavaThread "jar transforms Thread 8"           [_thread_blocked, id=14088, stack(0x000000cbc2100000,0x000000cbc2200000) (1024K)]
  0x000002c5a99aec70 JavaThread "build event listener"              [_thread_blocked, id=25136, stack(0x000000cbc2000000,0x000000cbc2100000) (1024K)]
  0x000002c5b0947290 JavaThread "Cache worker for execution history cache (C:\Users\hp\Music\AURA\frontend\android\.gradle\8.10.2\executionHistory)"        [_thread_blocked, id=21572, stack(0x000000cbb7e00000,0x000000cbb7f00000) (1024K)]
Total: 147

Other Threads:
  0x000002c5ff7ee170 VMThread "VM Thread"                           [id=24084, stack(0x000000cbb8700000,0x000000cbb8800000) (1024K)]
  0x000002c5ff7dce10 WatcherThread "VM Periodic Task Thread"        [id=20860, stack(0x000000cbb8600000,0x000000cbb8700000) (1024K)]
  0x000002c5e4d4e4e0 WorkerThread "GC Thread#0"                     [id=25720, stack(0x000000cbb8100000,0x000000cbb8200000) (1024K)]
  0x000002c5a30d2130 WorkerThread "GC Thread#1"                     [id=22512, stack(0x000000cbb9300000,0x000000cbb9400000) (1024K)]
  0x000002c5a3025910 WorkerThread "GC Thread#2"                     [id=25228, stack(0x000000cbb9400000,0x000000cbb9500000) (1024K)]
  0x000002c5a3565990 WorkerThread "GC Thread#3"                     [id=20584, stack(0x000000cbb9500000,0x000000cbb9600000) (1024K)]
  0x000002c5a3a7c4e0 WorkerThread "GC Thread#4"                     [id=22596, stack(0x000000cbb9200000,0x000000cbb9300000) (1024K)]
  0x000002c5a4582c30 WorkerThread "GC Thread#5"                     [id=20560, stack(0x000000cbb9600000,0x000000cbb9700000) (1024K)]
  0x000002c5a5070e70 WorkerThread "GC Thread#6"                     [id=4064, stack(0x000000cbba500000,0x000000cbba600000) (1024K)]
  0x000002c5a5070710 WorkerThread "GC Thread#7"                     [id=19256, stack(0x000000cbba600000,0x000000cbba700000) (1024K)]
  0x000002c5e4d60260 ConcurrentGCThread "G1 Main Marker"            [id=24740, stack(0x000000cbb8200000,0x000000cbb8300000) (1024K)]
  0x000002c5e4d61420 WorkerThread "G1 Conc#0"                       [id=24120, stack(0x000000cbb8300000,0x000000cbb8400000) (1024K)]
  0x000002c5a5056870 WorkerThread "G1 Conc#1"                       [id=6292, stack(0x000000cbba700000,0x000000cbba800000) (1024K)]
  0x000002c5ff6ae550 ConcurrentGCThread "G1 Refine#0"               [id=23716, stack(0x000000cbb8400000,0x000000cbb8500000) (1024K)]
  0x000002c5ff6aed80 ConcurrentGCThread "G1 Service"                [id=7160, stack(0x000000cbb8500000,0x000000cbb8600000) (1024K)]
Total: 15

Threads with active compile tasks:
C2 CompilerThread0  133460 22233       4       javax.management.ObjectName::construct (1135 bytes)
Total: 1

VM state: not at safepoint (normal execution)

VM Mutex/Monitor currently owned by a thread: None

Heap address: 0x0000000080000000, size: 2048 MB, Compressed Oops mode: 32-bit

CDS archive(s) mapped at: [0x000002c584000000-0x000002c584c80000-0x000002c584c80000), size 13107200, SharedBaseAddress: 0x000002c584000000, ArchiveRelocationMode: 1.
Compressed class space mapped at: 0x000002c585000000-0x000002c59f000000, reserved size: 436207616
Narrow klass base: 0x000002c584000000, Narrow klass shift: 0, Narrow klass range: 0x100000000

GC Precious Log:
 CardTable entry size: 512
 Card Set container configuration: InlinePtr #cards 5 size 8 Array Of Cards #cards 12 size 40 Howl #buckets 4 coarsen threshold 1843 Howl Bitmap #cards 512 size 80 coarsen threshold 460 Card regions per heap region 1 cards per card region 2048
 CPUs: 8 total, 8 available
 Memory: 7418M
 Large Page Support: Disabled
 NUMA Support: Disabled
 Compressed Oops: Enabled (32-bit)
 Heap Region Size: 1M
 Heap Min Capacity: 8M
 Heap Initial Capacity: 116M
 Heap Max Capacity: 2G
 Pre-touch: Disabled
 Parallel Workers: 8
 Concurrent Workers: 2
 Concurrent Refinement Workers: 8
 Periodic GC: Disabled

Heap:
 garbage-first heap   total 582656K, used 481280K [0x0000000080000000, 0x0000000100000000)
  region size 1024K, 134 young (137216K), 21 survivors (21504K)
 Metaspace       used 130915K, committed 134144K, reserved 557056K
  class space    used 18385K, committed 19904K, reserved 425984K

Heap Regions: E=young(eden), S=young(survivor), O=old, HS=humongous(starts), HC=humongous(continues), CS=collection set, F=free, TAMS=top-at-mark-start, PB=parsable bottom
|   0|0x0000000080000000, 0x0000000080100000, 0x0000000080100000|100%| O|  |TAMS 0x0000000080000000| PB 0x0000000080000000| Untracked 
|   1|0x0000000080100000, 0x0000000080200000, 0x0000000080200000|100%| O|  |TAMS 0x0000000080100000| PB 0x0000000080100000| Untracked 
|   2|0x0000000080200000, 0x0000000080300000, 0x0000000080300000|100%|HS|  |TAMS 0x0000000080200000| PB 0x0000000080200000| Complete 
|   3|0x0000000080300000, 0x0000000080400000, 0x0000000080400000|100%|HC|  |TAMS 0x0000000080300000| PB 0x0000000080300000| Complete 
|   4|0x0000000080400000, 0x0000000080500000, 0x0000000080500000|100%|HC|  |TAMS 0x0000000080400000| PB 0x0000000080400000| Complete 
|   5|0x0000000080500000, 0x0000000080600000, 0x0000000080600000|100%|HC|  |TAMS 0x0000000080500000| PB 0x0000000080500000| Complete 
|   6|0x0000000080600000, 0x0000000080700000, 0x0000000080700000|100%| O|  |TAMS 0x0000000080600000| PB 0x0000000080600000| Untracked 
|   7|0x0000000080700000, 0x0000000080800000, 0x0000000080800000|100%| O|  |TAMS 0x0000000080700000| PB 0x0000000080700000| Untracked 
|   8|0x0000000080800000, 0x0000000080900000, 0x0000000080900000|100%| O|  |TAMS 0x0000000080800000| PB 0x0000000080800000| Untracked 
|   9|0x0000000080900000, 0x0000000080a00000, 0x0000000080a00000|100%|HS|  |TAMS 0x0000000080900000| PB 0x0000000080900000| Complete 
|  10|0x0000000080a00000, 0x0000000080b00000, 0x0000000080b00000|100%| O|  |TAMS 0x0000000080a00000| PB 0x0000000080a00000| Untracked 
|  11|0x0000000080b00000, 0x0000000080c00000, 0x0000000080c00000|100%| O|  |TAMS 0x0000000080b00000| PB 0x0000000080b00000| Untracked 
|  12|0x0000000080c00000, 0x0000000080d00000, 0x0000000080d00000|100%| O|  |TAMS 0x0000000080c00000| PB 0x0000000080c00000| Untracked 
|  13|0x0000000080d00000, 0x0000000080e00000, 0x0000000080e00000|100%| O|  |TAMS 0x0000000080d00000| PB 0x0000000080d00000| Untracked 
|  14|0x0000000080e00000, 0x0000000080f00000, 0x0000000080f00000|100%| O|  |TAMS 0x0000000080e00000| PB 0x0000000080e00000| Untracked 
|  15|0x0000000080f00000, 0x0000000081000000, 0x0000000081000000|100%| O|  |TAMS 0x0000000080f00000| PB 0x0000000080f00000| Untracked 
|  16|0x0000000081000000, 0x0000000081100000, 0x0000000081100000|100%| O|  |TAMS 0x0000000081000000| PB 0x0000000081000000| Untracked 
|  17|0x0000000081100000, 0x0000000081200000, 0x0000000081200000|100%| O|  |TAMS 0x0000000081100000| PB 0x0000000081100000| Untracked 
|  18|0x0000000081200000, 0x0000000081300000, 0x0000000081300000|100%| O|  |TAMS 0x0000000081200000| PB 0x0000000081200000| Untracked 
|  19|0x0000000081300000, 0x0000000081400000, 0x0000000081400000|100%| O|  |TAMS 0x0000000081300000| PB 0x0000000081300000| Untracked 
|  20|0x0000000081400000, 0x0000000081500000, 0x0000000081500000|100%| O|  |TAMS 0x0000000081400000| PB 0x0000000081400000| Untracked 
|  21|0x0000000081500000, 0x0000000081600000, 0x0000000081600000|100%| O|  |TAMS 0x0000000081500000| PB 0x0000000081500000| Untracked 
|  22|0x0000000081600000, 0x0000000081700000, 0x0000000081700000|100%| O|  |TAMS 0x0000000081600000| PB 0x0000000081600000| Untracked 
|  23|0x0000000081700000, 0x0000000081800000, 0x0000000081800000|100%| O|  |TAMS 0x0000000081700000| PB 0x0000000081700000| Untracked 
|  24|0x0000000081800000, 0x0000000081900000, 0x0000000081900000|100%| O|  |TAMS 0x0000000081800000| PB 0x0000000081800000| Untracked 
|  25|0x0000000081900000, 0x0000000081a00000, 0x0000000081a00000|100%| O|  |TAMS 0x0000000081900000| PB 0x0000000081900000| Untracked 
|  26|0x0000000081a00000, 0x0000000081b00000, 0x0000000081b00000|100%| O|  |TAMS 0x0000000081a00000| PB 0x0000000081a00000| Untracked 
|  27|0x0000000081b00000, 0x0000000081c00000, 0x0000000081c00000|100%| O|  |TAMS 0x0000000081b00000| PB 0x0000000081b00000| Untracked 
|  28|0x0000000081c00000, 0x0000000081d00000, 0x0000000081d00000|100%| O|  |TAMS 0x0000000081c00000| PB 0x0000000081c00000| Untracked 
|  29|0x0000000081d00000, 0x0000000081e00000, 0x0000000081e00000|100%| O|  |TAMS 0x0000000081d00000| PB 0x0000000081d00000| Untracked 
|  30|0x0000000081e00000, 0x0000000081f00000, 0x0000000081f00000|100%| O|  |TAMS 0x0000000081e00000| PB 0x0000000081e00000| Untracked 
|  31|0x0000000081f00000, 0x0000000082000000, 0x0000000082000000|100%| O|  |TAMS 0x0000000081f00000| PB 0x0000000081f00000| Untracked 
|  32|0x0000000082000000, 0x0000000082100000, 0x0000000082100000|100%| O|  |TAMS 0x0000000082000000| PB 0x0000000082000000| Untracked 
|  33|0x0000000082100000, 0x0000000082200000, 0x0000000082200000|100%| O|  |TAMS 0x0000000082100000| PB 0x0000000082100000| Untracked 
|  34|0x0000000082200000, 0x0000000082300000, 0x0000000082300000|100%| O|  |TAMS 0x0000000082200000| PB 0x0000000082200000| Untracked 
|  35|0x0000000082300000, 0x0000000082400000, 0x0000000082400000|100%| O|  |TAMS 0x0000000082300000| PB 0x0000000082300000| Untracked 
|  36|0x0000000082400000, 0x0000000082500000, 0x0000000082500000|100%| O|  |TAMS 0x0000000082400000| PB 0x0000000082400000| Untracked 
|  37|0x0000000082500000, 0x0000000082600000, 0x0000000082600000|100%| O|  |TAMS 0x0000000082500000| PB 0x0000000082500000| Untracked 
|  38|0x0000000082600000, 0x0000000082700000, 0x0000000082700000|100%| O|  |TAMS 0x0000000082600000| PB 0x0000000082600000| Untracked 
|  39|0x0000000082700000, 0x0000000082800000, 0x0000000082800000|100%| O|  |TAMS 0x0000000082700000| PB 0x0000000082700000| Untracked 
|  40|0x0000000082800000, 0x0000000082900000, 0x0000000082900000|100%| O|  |TAMS 0x0000000082800000| PB 0x0000000082800000| Untracked 
|  41|0x0000000082900000, 0x0000000082a00000, 0x0000000082a00000|100%| O|  |TAMS 0x0000000082900000| PB 0x0000000082900000| Untracked 
|  42|0x0000000082a00000, 0x0000000082b00000, 0x0000000082b00000|100%| O|  |TAMS 0x0000000082a00000| PB 0x0000000082a00000| Untracked 
|  43|0x0000000082b00000, 0x0000000082c00000, 0x0000000082c00000|100%| O|  |TAMS 0x0000000082b00000| PB 0x0000000082b00000| Untracked 
|  44|0x0000000082c00000, 0x0000000082d00000, 0x0000000082d00000|100%| O|  |TAMS 0x0000000082c00000| PB 0x0000000082c00000| Untracked 
|  45|0x0000000082d00000, 0x0000000082e00000, 0x0000000082e00000|100%| O|  |TAMS 0x0000000082d00000| PB 0x0000000082d00000| Untracked 
|  46|0x0000000082e00000, 0x0000000082f00000, 0x0000000082f00000|100%| O|  |TAMS 0x0000000082e00000| PB 0x0000000082e00000| Untracked 
|  47|0x0000000082f00000, 0x0000000083000000, 0x0000000083000000|100%| O|  |TAMS 0x0000000082f00000| PB 0x0000000082f00000| Untracked 
|  48|0x0000000083000000, 0x0000000083100000, 0x0000000083100000|100%|HS|  |TAMS 0x0000000083000000| PB 0x0000000083000000| Complete 
|  49|0x0000000083100000, 0x0000000083200000, 0x0000000083200000|100%|HC|  |TAMS 0x0000000083100000| PB 0x0000000083100000| Complete 
|  50|0x0000000083200000, 0x0000000083300000, 0x0000000083300000|100%| O|  |TAMS 0x0000000083200000| PB 0x0000000083200000| Untracked 
|  51|0x0000000083300000, 0x0000000083400000, 0x0000000083400000|100%|HS|  |TAMS 0x0000000083300000| PB 0x0000000083300000| Complete 
|  52|0x0000000083400000, 0x0000000083500000, 0x0000000083500000|100%|HC|  |TAMS 0x0000000083400000| PB 0x0000000083400000| Complete 
|  53|0x0000000083500000, 0x0000000083600000, 0x0000000083600000|100%| O|  |TAMS 0x0000000083500000| PB 0x0000000083500000| Untracked 
|  54|0x0000000083600000, 0x0000000083700000, 0x0000000083700000|100%| O|  |TAMS 0x0000000083600000| PB 0x0000000083600000| Untracked 
|  55|0x0000000083700000, 0x0000000083800000, 0x0000000083800000|100%| O|  |TAMS 0x0000000083700000| PB 0x0000000083700000| Untracked 
|  56|0x0000000083800000, 0x0000000083900000, 0x0000000083900000|100%| O|  |TAMS 0x0000000083800000| PB 0x0000000083800000| Untracked 
|  57|0x0000000083900000, 0x0000000083a00000, 0x0000000083a00000|100%| O|  |TAMS 0x0000000083900000| PB 0x0000000083900000| Untracked 
|  58|0x0000000083a00000, 0x0000000083b00000, 0x0000000083b00000|100%|HS|  |TAMS 0x0000000083a00000| PB 0x0000000083a00000| Complete 
|  59|0x0000000083b00000, 0x0000000083c00000, 0x0000000083c00000|100%|HC|  |TAMS 0x0000000083b00000| PB 0x0000000083b00000| Complete 
|  60|0x0000000083c00000, 0x0000000083d00000, 0x0000000083d00000|100%|HC|  |TAMS 0x0000000083c00000| PB 0x0000000083c00000| Complete 
|  61|0x0000000083d00000, 0x0000000083e00000, 0x0000000083e00000|100%|HC|  |TAMS 0x0000000083d00000| PB 0x0000000083d00000| Complete 
|  62|0x0000000083e00000, 0x0000000083f00000, 0x0000000083f00000|100%|HS|  |TAMS 0x0000000083e00000| PB 0x0000000083e00000| Complete 
|  63|0x0000000083f00000, 0x0000000084000000, 0x0000000084000000|100%|HC|  |TAMS 0x0000000083f00000| PB 0x0000000083f00000| Complete 
|  64|0x0000000084000000, 0x0000000084100000, 0x0000000084100000|100%|HC|  |TAMS 0x0000000084000000| PB 0x0000000084000000| Complete 
|  65|0x0000000084100000, 0x0000000084200000, 0x0000000084200000|100%|HC|  |TAMS 0x0000000084100000| PB 0x0000000084100000| Complete 
|  66|0x0000000084200000, 0x0000000084300000, 0x0000000084300000|100%| O|  |TAMS 0x0000000084200000| PB 0x0000000084200000| Untracked 
|  67|0x0000000084300000, 0x0000000084400000, 0x0000000084400000|100%| O|  |TAMS 0x0000000084300000| PB 0x0000000084300000| Untracked 
|  68|0x0000000084400000, 0x0000000084500000, 0x0000000084500000|100%| O|  |TAMS 0x0000000084400000| PB 0x0000000084400000| Untracked 
|  69|0x0000000084500000, 0x0000000084600000, 0x0000000084600000|100%| O|  |TAMS 0x0000000084500000| PB 0x0000000084500000| Untracked 
|  70|0x0000000084600000, 0x0000000084700000, 0x0000000084700000|100%| O|  |TAMS 0x0000000084600000| PB 0x0000000084600000| Untracked 
|  71|0x0000000084700000, 0x0000000084800000, 0x0000000084800000|100%| O|  |TAMS 0x0000000084700000| PB 0x0000000084700000| Untracked 
|  72|0x0000000084800000, 0x0000000084900000, 0x0000000084900000|100%| O|  |TAMS 0x0000000084800000| PB 0x0000000084800000| Untracked 
|  73|0x0000000084900000, 0x0000000084a00000, 0x0000000084a00000|100%| O|  |TAMS 0x0000000084900000| PB 0x0000000084900000| Untracked 
|  74|0x0000000084a00000, 0x0000000084b00000, 0x0000000084b00000|100%| O|  |TAMS 0x0000000084a00000| PB 0x0000000084a00000| Untracked 
|  75|0x0000000084b00000, 0x0000000084c00000, 0x0000000084c00000|100%| O|  |TAMS 0x0000000084b00000| PB 0x0000000084b00000| Untracked 
|  76|0x0000000084c00000, 0x0000000084d00000, 0x0000000084d00000|100%| O|  |TAMS 0x0000000084c00000| PB 0x0000000084c00000| Untracked 
|  77|0x0000000084d00000, 0x0000000084e00000, 0x0000000084e00000|100%| O|  |TAMS 0x0000000084d00000| PB 0x0000000084d00000| Untracked 
|  78|0x0000000084e00000, 0x0000000084f00000, 0x0000000084f00000|100%|HS|  |TAMS 0x0000000084e00000| PB 0x0000000084e00000| Complete 
|  79|0x0000000084f00000, 0x0000000085000000, 0x0000000085000000|100%| O|  |TAMS 0x0000000084f00000| PB 0x0000000084f00000| Untracked 
|  80|0x0000000085000000, 0x0000000085100000, 0x0000000085100000|100%| O|  |TAMS 0x0000000085000000| PB 0x0000000085000000| Untracked 
|  81|0x0000000085100000, 0x0000000085200000, 0x0000000085200000|100%| O|  |TAMS 0x0000000085100000| PB 0x0000000085100000| Untracked 
|  82|0x0000000085200000, 0x0000000085300000, 0x0000000085300000|100%| O|  |TAMS 0x0000000085200000| PB 0x0000000085200000| Untracked 
|  83|0x0000000085300000, 0x0000000085400000, 0x0000000085400000|100%| O|  |TAMS 0x0000000085300000| PB 0x0000000085300000| Untracked 
|  84|0x0000000085400000, 0x0000000085500000, 0x0000000085500000|100%|HS|  |TAMS 0x0000000085400000| PB 0x0000000085400000| Complete 
|  85|0x0000000085500000, 0x0000000085600000, 0x0000000085600000|100%| O|  |TAMS 0x0000000085500000| PB 0x0000000085500000| Untracked 
|  86|0x0000000085600000, 0x0000000085700000, 0x0000000085700000|100%| O|  |TAMS 0x0000000085600000| PB 0x0000000085600000| Untracked 
|  87|0x0000000085700000, 0x0000000085800000, 0x0000000085800000|100%| O|  |TAMS 0x0000000085700000| PB 0x0000000085700000| Untracked 
|  88|0x0000000085800000, 0x0000000085900000, 0x0000000085900000|100%| O|  |TAMS 0x0000000085800000| PB 0x0000000085800000| Untracked 
|  89|0x0000000085900000, 0x0000000085a00000, 0x0000000085a00000|100%| O|  |TAMS 0x0000000085900000| PB 0x0000000085900000| Untracked 
|  90|0x0000000085a00000, 0x0000000085b00000, 0x0000000085b00000|100%| O|  |TAMS 0x0000000085a00000| PB 0x0000000085a00000| Untracked 
|  91|0x0000000085b00000, 0x0000000085c00000, 0x0000000085c00000|100%| O|  |TAMS 0x0000000085b00000| PB 0x0000000085b00000| Untracked 
|  92|0x0000000085c00000, 0x0000000085d00000, 0x0000000085d00000|100%| O|  |TAMS 0x0000000085c00000| PB 0x0000000085c00000| Untracked 
|  93|0x0000000085d00000, 0x0000000085e00000, 0x0000000085e00000|100%| O|  |TAMS 0x0000000085d00000| PB 0x0000000085d00000| Untracked 
|  94|0x0000000085e00000, 0x0000000085f00000, 0x0000000085f00000|100%| O|  |TAMS 0x0000000085e00000| PB 0x0000000085e00000| Untracked 
|  95|0x0000000085f00000, 0x0000000086000000, 0x0000000086000000|100%| O|  |TAMS 0x0000000085f00000| PB 0x0000000085f00000| Untracked 
|  96|0x0000000086000000, 0x0000000086100000, 0x0000000086100000|100%| O|  |TAMS 0x0000000086000000| PB 0x0000000086000000| Untracked 
|  97|0x0000000086100000, 0x0000000086200000, 0x0000000086200000|100%| O|  |TAMS 0x0000000086100000| PB 0x0000000086100000| Untracked 
|  98|0x0000000086200000, 0x0000000086300000, 0x0000000086300000|100%| O|  |TAMS 0x0000000086200000| PB 0x0000000086200000| Untracked 
|  99|0x0000000086300000, 0x0000000086400000, 0x0000000086400000|100%|HS|  |TAMS 0x0000000086300000| PB 0x0000000086300000| Complete 
| 100|0x0000000086400000, 0x0000000086500000, 0x0000000086500000|100%|HS|  |TAMS 0x0000000086400000| PB 0x0000000086400000| Complete 
| 101|0x0000000086500000, 0x0000000086600000, 0x0000000086600000|100%| O|  |TAMS 0x0000000086500000| PB 0x0000000086500000| Untracked 
| 102|0x0000000086600000, 0x0000000086700000, 0x0000000086700000|100%|HS|  |TAMS 0x0000000086600000| PB 0x0000000086600000| Complete 
| 103|0x0000000086700000, 0x0000000086800000, 0x0000000086800000|100%|HS|  |TAMS 0x0000000086700000| PB 0x0000000086700000| Complete 
| 104|0x0000000086800000, 0x0000000086900000, 0x0000000086900000|100%| O|  |TAMS 0x0000000086800000| PB 0x0000000086800000| Untracked 
| 105|0x0000000086900000, 0x0000000086a00000, 0x0000000086a00000|100%| O|  |TAMS 0x0000000086900000| PB 0x0000000086900000| Untracked 
| 106|0x0000000086a00000, 0x0000000086b00000, 0x0000000086b00000|100%|HS|  |TAMS 0x0000000086a00000| PB 0x0000000086a00000| Complete 
| 107|0x0000000086b00000, 0x0000000086c00000, 0x0000000086c00000|100%|HC|  |TAMS 0x0000000086b00000| PB 0x0000000086b00000| Complete 
| 108|0x0000000086c00000, 0x0000000086d00000, 0x0000000086d00000|100%| O|  |TAMS 0x0000000086c00000| PB 0x0000000086c00000| Untracked 
| 109|0x0000000086d00000, 0x0000000086e00000, 0x0000000086e00000|100%| O|  |TAMS 0x0000000086d00000| PB 0x0000000086d00000| Untracked 
| 110|0x0000000086e00000, 0x0000000086f00000, 0x0000000086f00000|100%| O|  |TAMS 0x0000000086e00000| PB 0x0000000086e00000| Untracked 
| 111|0x0000000086f00000, 0x0000000087000000, 0x0000000087000000|100%|HS|  |TAMS 0x0000000086f00000| PB 0x0000000086f00000| Complete 
| 112|0x0000000087000000, 0x0000000087100000, 0x0000000087100000|100%| O|  |TAMS 0x0000000087000000| PB 0x0000000087000000| Untracked 
| 113|0x0000000087100000, 0x0000000087200000, 0x0000000087200000|100%| O|  |TAMS 0x0000000087100000| PB 0x0000000087100000| Untracked 
| 114|0x0000000087200000, 0x0000000087300000, 0x0000000087300000|100%| O|  |TAMS 0x0000000087200000| PB 0x0000000087200000| Untracked 
| 115|0x0000000087300000, 0x0000000087400000, 0x0000000087400000|100%| O|  |TAMS 0x0000000087300000| PB 0x0000000087300000| Untracked 
| 116|0x0000000087400000, 0x0000000087500000, 0x0000000087500000|100%| O|  |TAMS 0x0000000087400000| PB 0x0000000087400000| Untracked 
| 117|0x0000000087500000, 0x0000000087600000, 0x0000000087600000|100%| O|  |TAMS 0x0000000087500000| PB 0x0000000087500000| Untracked 
| 118|0x0000000087600000, 0x0000000087700000, 0x0000000087700000|100%| O|  |TAMS 0x0000000087600000| PB 0x0000000087600000| Untracked 
| 119|0x0000000087700000, 0x0000000087800000, 0x0000000087800000|100%| O|  |TAMS 0x0000000087700000| PB 0x0000000087700000| Untracked 
| 120|0x0000000087800000, 0x0000000087900000, 0x0000000087900000|100%| O|  |TAMS 0x0000000087800000| PB 0x0000000087800000| Untracked 
| 121|0x0000000087900000, 0x0000000087a00000, 0x0000000087a00000|100%| O|  |TAMS 0x0000000087900000| PB 0x0000000087900000| Untracked 
| 122|0x0000000087a00000, 0x0000000087b00000, 0x0000000087b00000|100%|HS|  |TAMS 0x0000000087a00000| PB 0x0000000087a00000| Complete 
| 123|0x0000000087b00000, 0x0000000087c00000, 0x0000000087c00000|100%|HS|  |TAMS 0x0000000087b00000| PB 0x0000000087b00000| Complete 
| 124|0x0000000087c00000, 0x0000000087d00000, 0x0000000087d00000|100%| O|  |TAMS 0x0000000087c00000| PB 0x0000000087c00000| Untracked 
| 125|0x0000000087d00000, 0x0000000087e00000, 0x0000000087e00000|100%| O|  |TAMS 0x0000000087d00000| PB 0x0000000087d00000| Untracked 
| 126|0x0000000087e00000, 0x0000000087f00000, 0x0000000087f00000|100%| O|  |TAMS 0x0000000087e00000| PB 0x0000000087e00000| Untracked 
| 127|0x0000000087f00000, 0x0000000088000000, 0x0000000088000000|100%| O|  |TAMS 0x0000000087f00000| PB 0x0000000087f00000| Untracked 
| 128|0x0000000088000000, 0x0000000088100000, 0x0000000088100000|100%| O|  |TAMS 0x0000000088000000| PB 0x0000000088000000| Untracked 
| 129|0x0000000088100000, 0x0000000088200000, 0x0000000088200000|100%| O|  |TAMS 0x0000000088100000| PB 0x0000000088100000| Untracked 
| 130|0x0000000088200000, 0x0000000088300000, 0x0000000088300000|100%| O|  |TAMS 0x0000000088200000| PB 0x0000000088200000| Untracked 
| 131|0x0000000088300000, 0x0000000088400000, 0x0000000088400000|100%| O|  |TAMS 0x0000000088300000| PB 0x0000000088300000| Untracked 
| 132|0x0000000088400000, 0x0000000088500000, 0x0000000088500000|100%| O|  |TAMS 0x0000000088400000| PB 0x0000000088400000| Untracked 
| 133|0x0000000088500000, 0x0000000088600000, 0x0000000088600000|100%| O|  |TAMS 0x0000000088500000| PB 0x0000000088500000| Untracked 
| 134|0x0000000088600000, 0x0000000088700000, 0x0000000088700000|100%| O|  |TAMS 0x0000000088600000| PB 0x0000000088600000| Untracked 
| 135|0x0000000088700000, 0x0000000088800000, 0x0000000088800000|100%| O|  |TAMS 0x0000000088700000| PB 0x0000000088700000| Untracked 
| 136|0x0000000088800000, 0x0000000088900000, 0x0000000088900000|100%| O|  |TAMS 0x0000000088800000| PB 0x0000000088800000| Untracked 
| 137|0x0000000088900000, 0x0000000088a00000, 0x0000000088a00000|100%| O|  |TAMS 0x0000000088900000| PB 0x0000000088900000| Untracked 
| 138|0x0000000088a00000, 0x0000000088b00000, 0x0000000088b00000|100%| O|  |TAMS 0x0000000088a00000| PB 0x0000000088a00000| Untracked 
| 139|0x0000000088b00000, 0x0000000088c00000, 0x0000000088c00000|100%| O|  |TAMS 0x0000000088b00000| PB 0x0000000088b00000| Untracked 
| 140|0x0000000088c00000, 0x0000000088d00000, 0x0000000088d00000|100%| O|  |TAMS 0x0000000088c00000| PB 0x0000000088c00000| Untracked 
| 141|0x0000000088d00000, 0x0000000088e00000, 0x0000000088e00000|100%| O|  |TAMS 0x0000000088d00000| PB 0x0000000088d00000| Untracked 
| 142|0x0000000088e00000, 0x0000000088f00000, 0x0000000088f00000|100%| O|  |TAMS 0x0000000088e00000| PB 0x0000000088e00000| Untracked 
| 143|0x0000000088f00000, 0x0000000089000000, 0x0000000089000000|100%| O|  |TAMS 0x0000000088f00000| PB 0x0000000088f00000| Untracked 
| 144|0x0000000089000000, 0x0000000089100000, 0x0000000089100000|100%| O|  |TAMS 0x0000000089000000| PB 0x0000000089000000| Untracked 
| 145|0x0000000089100000, 0x0000000089200000, 0x0000000089200000|100%| O|  |TAMS 0x0000000089100000| PB 0x0000000089100000| Untracked 
| 146|0x0000000089200000, 0x0000000089300000, 0x0000000089300000|100%| O|  |TAMS 0x0000000089200000| PB 0x0000000089200000| Untracked 
| 147|0x0000000089300000, 0x0000000089400000, 0x0000000089400000|100%| O|  |TAMS 0x0000000089300000| PB 0x0000000089300000| Untracked 
| 148|0x0000000089400000, 0x0000000089500000, 0x0000000089500000|100%| O|  |TAMS 0x0000000089400000| PB 0x0000000089400000| Untracked 
| 149|0x0000000089500000, 0x0000000089600000, 0x0000000089600000|100%| O|  |TAMS 0x0000000089500000| PB 0x0000000089500000| Untracked 
| 150|0x0000000089600000, 0x0000000089700000, 0x0000000089700000|100%| O|  |TAMS 0x0000000089600000| PB 0x0000000089600000| Untracked 
| 151|0x0000000089700000, 0x0000000089800000, 0x0000000089800000|100%| O|  |TAMS 0x0000000089700000| PB 0x0000000089700000| Untracked 
| 152|0x0000000089800000, 0x0000000089900000, 0x0000000089900000|100%| O|  |TAMS 0x0000000089800000| PB 0x0000000089800000| Untracked 
| 153|0x0000000089900000, 0x0000000089a00000, 0x0000000089a00000|100%| O|  |TAMS 0x0000000089900000| PB 0x0000000089900000| Untracked 
| 154|0x0000000089a00000, 0x0000000089b00000, 0x0000000089b00000|100%| O|  |TAMS 0x0000000089a00000| PB 0x0000000089a00000| Untracked 
| 155|0x0000000089b00000, 0x0000000089c00000, 0x0000000089c00000|100%| O|  |TAMS 0x0000000089b00000| PB 0x0000000089b00000| Untracked 
| 156|0x0000000089c00000, 0x0000000089d00000, 0x0000000089d00000|100%| O|  |TAMS 0x0000000089c00000| PB 0x0000000089c00000| Untracked 
| 157|0x0000000089d00000, 0x0000000089e00000, 0x0000000089e00000|100%| O|  |TAMS 0x0000000089d00000| PB 0x0000000089d00000| Untracked 
| 158|0x0000000089e00000, 0x0000000089f00000, 0x0000000089f00000|100%| O|  |TAMS 0x0000000089e00000| PB 0x0000000089e00000| Untracked 
| 159|0x0000000089f00000, 0x000000008a000000, 0x000000008a000000|100%| O|  |TAMS 0x0000000089f00000| PB 0x0000000089f00000| Untracked 
| 160|0x000000008a000000, 0x000000008a100000, 0x000000008a100000|100%| O|  |TAMS 0x000000008a000000| PB 0x000000008a000000| Untracked 
| 161|0x000000008a100000, 0x000000008a200000, 0x000000008a200000|100%| O|  |TAMS 0x000000008a100000| PB 0x000000008a100000| Untracked 
| 162|0x000000008a200000, 0x000000008a300000, 0x000000008a300000|100%| O|  |TAMS 0x000000008a200000| PB 0x000000008a200000| Untracked 
| 163|0x000000008a300000, 0x000000008a400000, 0x000000008a400000|100%| O|  |TAMS 0x000000008a300000| PB 0x000000008a300000| Untracked 
| 164|0x000000008a400000, 0x000000008a500000, 0x000000008a500000|100%| O|  |TAMS 0x000000008a400000| PB 0x000000008a400000| Untracked 
| 165|0x000000008a500000, 0x000000008a600000, 0x000000008a600000|100%| O|  |TAMS 0x000000008a500000| PB 0x000000008a500000| Untracked 
| 166|0x000000008a600000, 0x000000008a700000, 0x000000008a700000|100%| O|  |TAMS 0x000000008a600000| PB 0x000000008a600000| Untracked 
| 167|0x000000008a700000, 0x000000008a800000, 0x000000008a800000|100%| O|  |TAMS 0x000000008a700000| PB 0x000000008a700000| Untracked 
| 168|0x000000008a800000, 0x000000008a900000, 0x000000008a900000|100%| O|  |TAMS 0x000000008a800000| PB 0x000000008a800000| Untracked 
| 169|0x000000008a900000, 0x000000008aa00000, 0x000000008aa00000|100%| O|  |TAMS 0x000000008a900000| PB 0x000000008a900000| Untracked 
| 170|0x000000008aa00000, 0x000000008ab00000, 0x000000008ab00000|100%| O|  |TAMS 0x000000008aa00000| PB 0x000000008aa00000| Untracked 
| 171|0x000000008ab00000, 0x000000008ac00000, 0x000000008ac00000|100%| O|  |TAMS 0x000000008ab00000| PB 0x000000008ab00000| Untracked 
| 172|0x000000008ac00000, 0x000000008ad00000, 0x000000008ad00000|100%| O|  |TAMS 0x000000008ac00000| PB 0x000000008ac00000| Untracked 
| 173|0x000000008ad00000, 0x000000008ae00000, 0x000000008ae00000|100%| O|  |TAMS 0x000000008ad00000| PB 0x000000008ad00000| Untracked 
| 174|0x000000008ae00000, 0x000000008af00000, 0x000000008af00000|100%| O|  |TAMS 0x000000008ae00000| PB 0x000000008ae00000| Untracked 
| 175|0x000000008af00000, 0x000000008b000000, 0x000000008b000000|100%| O|  |TAMS 0x000000008af00000| PB 0x000000008af00000| Untracked 
| 176|0x000000008b000000, 0x000000008b100000, 0x000000008b100000|100%| O|  |TAMS 0x000000008b000000| PB 0x000000008b000000| Untracked 
| 177|0x000000008b100000, 0x000000008b200000, 0x000000008b200000|100%|HS|  |TAMS 0x000000008b100000| PB 0x000000008b100000| Complete 
| 178|0x000000008b200000, 0x000000008b300000, 0x000000008b300000|100%|HS|  |TAMS 0x000000008b200000| PB 0x000000008b200000| Complete 
| 179|0x000000008b300000, 0x000000008b400000, 0x000000008b400000|100%|HC|  |TAMS 0x000000008b300000| PB 0x000000008b300000| Complete 
| 180|0x000000008b400000, 0x000000008b500000, 0x000000008b500000|100%| O|  |TAMS 0x000000008b400000| PB 0x000000008b400000| Untracked 
| 181|0x000000008b500000, 0x000000008b600000, 0x000000008b600000|100%| O|  |TAMS 0x000000008b500000| PB 0x000000008b500000| Untracked 
| 182|0x000000008b600000, 0x000000008b700000, 0x000000008b700000|100%| O|  |TAMS 0x000000008b600000| PB 0x000000008b600000| Untracked 
| 183|0x000000008b700000, 0x000000008b800000, 0x000000008b800000|100%| O|  |TAMS 0x000000008b700000| PB 0x000000008b700000| Untracked 
| 184|0x000000008b800000, 0x000000008b900000, 0x000000008b900000|100%| O|  |TAMS 0x000000008b800000| PB 0x000000008b800000| Untracked 
| 185|0x000000008b900000, 0x000000008ba00000, 0x000000008ba00000|100%| O|  |TAMS 0x000000008b900000| PB 0x000000008b900000| Untracked 
| 186|0x000000008ba00000, 0x000000008bb00000, 0x000000008bb00000|100%| O|  |TAMS 0x000000008ba00000| PB 0x000000008ba00000| Untracked 
| 187|0x000000008bb00000, 0x000000008bc00000, 0x000000008bc00000|100%| O|  |TAMS 0x000000008bb00000| PB 0x000000008bb00000| Untracked 
| 188|0x000000008bc00000, 0x000000008bd00000, 0x000000008bd00000|100%| O|  |TAMS 0x000000008bc00000| PB 0x000000008bc00000| Untracked 
| 189|0x000000008bd00000, 0x000000008be00000, 0x000000008be00000|100%| O|  |TAMS 0x000000008bd00000| PB 0x000000008bd00000| Untracked 
| 190|0x000000008be00000, 0x000000008bf00000, 0x000000008bf00000|100%| O|  |TAMS 0x000000008be00000| PB 0x000000008be00000| Untracked 
| 191|0x000000008bf00000, 0x000000008c000000, 0x000000008c000000|100%| O|  |TAMS 0x000000008bf00000| PB 0x000000008bf00000| Untracked 
| 192|0x000000008c000000, 0x000000008c100000, 0x000000008c100000|100%| O|  |TAMS 0x000000008c000000| PB 0x000000008c000000| Untracked 
| 193|0x000000008c100000, 0x000000008c200000, 0x000000008c200000|100%| O|  |TAMS 0x000000008c100000| PB 0x000000008c100000| Untracked 
| 194|0x000000008c200000, 0x000000008c300000, 0x000000008c300000|100%| O|  |TAMS 0x000000008c200000| PB 0x000000008c200000| Untracked 
| 195|0x000000008c300000, 0x000000008c400000, 0x000000008c400000|100%| O|  |TAMS 0x000000008c300000| PB 0x000000008c300000| Untracked 
| 196|0x000000008c400000, 0x000000008c500000, 0x000000008c500000|100%|HS|  |TAMS 0x000000008c400000| PB 0x000000008c400000| Complete 
| 197|0x000000008c500000, 0x000000008c600000, 0x000000008c600000|100%|HS|  |TAMS 0x000000008c500000| PB 0x000000008c500000| Complete 
| 198|0x000000008c600000, 0x000000008c700000, 0x000000008c700000|100%|HS|  |TAMS 0x000000008c600000| PB 0x000000008c600000| Complete 
| 199|0x000000008c700000, 0x000000008c800000, 0x000000008c800000|100%| O|  |TAMS 0x000000008c700000| PB 0x000000008c700000| Untracked 
| 200|0x000000008c800000, 0x000000008c900000, 0x000000008c900000|100%| O|  |TAMS 0x000000008c800000| PB 0x000000008c800000| Untracked 
| 201|0x000000008c900000, 0x000000008ca00000, 0x000000008ca00000|100%| O|  |TAMS 0x000000008c900000| PB 0x000000008c900000| Untracked 
| 202|0x000000008ca00000, 0x000000008cb00000, 0x000000008cb00000|100%| O|  |TAMS 0x000000008ca00000| PB 0x000000008ca00000| Untracked 
| 203|0x000000008cb00000, 0x000000008cc00000, 0x000000008cc00000|100%| O|  |TAMS 0x000000008cb00000| PB 0x000000008cb00000| Untracked 
| 204|0x000000008cc00000, 0x000000008cd00000, 0x000000008cd00000|100%| O|  |TAMS 0x000000008cc00000| PB 0x000000008cc00000| Untracked 
| 205|0x000000008cd00000, 0x000000008ce00000, 0x000000008ce00000|100%| O|  |TAMS 0x000000008cd00000| PB 0x000000008cd00000| Untracked 
| 206|0x000000008ce00000, 0x000000008cf00000, 0x000000008cf00000|100%| O|  |TAMS 0x000000008ce00000| PB 0x000000008ce00000| Untracked 
| 207|0x000000008cf00000, 0x000000008d000000, 0x000000008d000000|100%| O|  |TAMS 0x000000008cf00000| PB 0x000000008cf00000| Untracked 
| 208|0x000000008d000000, 0x000000008d100000, 0x000000008d100000|100%| O|  |TAMS 0x000000008d000000| PB 0x000000008d000000| Untracked 
| 209|0x000000008d100000, 0x000000008d200000, 0x000000008d200000|100%| O|  |TAMS 0x000000008d100000| PB 0x000000008d100000| Untracked 
| 210|0x000000008d200000, 0x000000008d300000, 0x000000008d300000|100%| O|  |TAMS 0x000000008d200000| PB 0x000000008d200000| Untracked 
| 211|0x000000008d300000, 0x000000008d400000, 0x000000008d400000|100%| O|  |TAMS 0x000000008d300000| PB 0x000000008d300000| Untracked 
| 212|0x000000008d400000, 0x000000008d500000, 0x000000008d500000|100%| O|  |TAMS 0x000000008d400000| PB 0x000000008d400000| Untracked 
| 213|0x000000008d500000, 0x000000008d600000, 0x000000008d600000|100%| O|  |TAMS 0x000000008d500000| PB 0x000000008d500000| Untracked 
| 214|0x000000008d600000, 0x000000008d700000, 0x000000008d700000|100%|HS|  |TAMS 0x000000008d600000| PB 0x000000008d600000| Complete 
| 215|0x000000008d700000, 0x000000008d800000, 0x000000008d800000|100%|HS|  |TAMS 0x000000008d700000| PB 0x000000008d700000| Complete 
| 216|0x000000008d800000, 0x000000008d900000, 0x000000008d900000|100%| O|  |TAMS 0x000000008d800000| PB 0x000000008d800000| Untracked 
| 217|0x000000008d900000, 0x000000008da00000, 0x000000008da00000|100%| O|  |TAMS 0x000000008d900000| PB 0x000000008d900000| Untracked 
| 218|0x000000008da00000, 0x000000008db00000, 0x000000008db00000|100%| O|  |TAMS 0x000000008da00000| PB 0x000000008da00000| Untracked 
| 219|0x000000008db00000, 0x000000008dc00000, 0x000000008dc00000|100%| O|  |TAMS 0x000000008db00000| PB 0x000000008db00000| Untracked 
| 220|0x000000008dc00000, 0x000000008dd00000, 0x000000008dd00000|100%| O|  |TAMS 0x000000008dc00000| PB 0x000000008dc00000| Untracked 
| 221|0x000000008dd00000, 0x000000008de00000, 0x000000008de00000|100%| O|  |TAMS 0x000000008dd00000| PB 0x000000008dd00000| Untracked 
| 222|0x000000008de00000, 0x000000008df00000, 0x000000008df00000|100%| O|  |TAMS 0x000000008de00000| PB 0x000000008de00000| Untracked 
| 223|0x000000008df00000, 0x000000008e000000, 0x000000008e000000|100%| O|  |TAMS 0x000000008df00000| PB 0x000000008df00000| Untracked 
| 224|0x000000008e000000, 0x000000008e100000, 0x000000008e100000|100%| O|  |TAMS 0x000000008e000000| PB 0x000000008e000000| Untracked 
| 225|0x000000008e100000, 0x000000008e200000, 0x000000008e200000|100%| O|  |TAMS 0x000000008e100000| PB 0x000000008e100000| Untracked 
| 226|0x000000008e200000, 0x000000008e300000, 0x000000008e300000|100%| O|  |TAMS 0x000000008e200000| PB 0x000000008e200000| Untracked 
| 227|0x000000008e300000, 0x000000008e400000, 0x000000008e400000|100%| O|  |TAMS 0x000000008e300000| PB 0x000000008e300000| Untracked 
| 228|0x000000008e400000, 0x000000008e500000, 0x000000008e500000|100%| O|  |TAMS 0x000000008e400000| PB 0x000000008e400000| Untracked 
| 229|0x000000008e500000, 0x000000008e600000, 0x000000008e600000|100%| O|  |TAMS 0x000000008e500000| PB 0x000000008e500000| Untracked 
| 230|0x000000008e600000, 0x000000008e700000, 0x000000008e700000|100%| O|  |TAMS 0x000000008e600000| PB 0x000000008e600000| Untracked 
| 231|0x000000008e700000, 0x000000008e800000, 0x000000008e800000|100%| O|  |TAMS 0x000000008e700000| PB 0x000000008e700000| Untracked 
| 232|0x000000008e800000, 0x000000008e900000, 0x000000008e900000|100%| O|  |TAMS 0x000000008e800000| PB 0x000000008e800000| Untracked 
| 233|0x000000008e900000, 0x000000008ea00000, 0x000000008ea00000|100%| O|  |TAMS 0x000000008e900000| PB 0x000000008e900000| Untracked 
| 234|0x000000008ea00000, 0x000000008eb00000, 0x000000008eb00000|100%| O|  |TAMS 0x000000008ea00000| PB 0x000000008ea00000| Untracked 
| 235|0x000000008eb00000, 0x000000008ec00000, 0x000000008ec00000|100%| O|  |TAMS 0x000000008eb00000| PB 0x000000008eb00000| Untracked 
| 236|0x000000008ec00000, 0x000000008ed00000, 0x000000008ed00000|100%| O|  |TAMS 0x000000008ec00000| PB 0x000000008ec00000| Untracked 
| 237|0x000000008ed00000, 0x000000008ee00000, 0x000000008ee00000|100%| O|  |TAMS 0x000000008ed00000| PB 0x000000008ed00000| Untracked 
| 238|0x000000008ee00000, 0x000000008ef00000, 0x000000008ef00000|100%| O|  |TAMS 0x000000008ee00000| PB 0x000000008ee00000| Untracked 
| 239|0x000000008ef00000, 0x000000008f000000, 0x000000008f000000|100%| O|  |TAMS 0x000000008ef00000| PB 0x000000008ef00000| Untracked 
| 240|0x000000008f000000, 0x000000008f100000, 0x000000008f100000|100%| O|  |TAMS 0x000000008f000000| PB 0x000000008f000000| Untracked 
| 241|0x000000008f100000, 0x000000008f200000, 0x000000008f200000|100%| O|  |TAMS 0x000000008f100000| PB 0x000000008f100000| Untracked 
| 242|0x000000008f200000, 0x000000008f300000, 0x000000008f300000|100%| O|  |TAMS 0x000000008f200000| PB 0x000000008f200000| Untracked 
| 243|0x000000008f300000, 0x000000008f400000, 0x000000008f400000|100%| O|  |TAMS 0x000000008f300000| PB 0x000000008f300000| Untracked 
| 244|0x000000008f400000, 0x000000008f500000, 0x000000008f500000|100%| O|  |TAMS 0x000000008f400000| PB 0x000000008f400000| Untracked 
| 245|0x000000008f500000, 0x000000008f600000, 0x000000008f600000|100%| O|  |TAMS 0x000000008f500000| PB 0x000000008f500000| Untracked 
| 246|0x000000008f600000, 0x000000008f700000, 0x000000008f700000|100%| O|  |TAMS 0x000000008f600000| PB 0x000000008f600000| Untracked 
| 247|0x000000008f700000, 0x000000008f800000, 0x000000008f800000|100%| O|  |TAMS 0x000000008f700000| PB 0x000000008f700000| Untracked 
| 248|0x000000008f800000, 0x000000008f900000, 0x000000008f900000|100%| O|  |TAMS 0x000000008f800000| PB 0x000000008f800000| Untracked 
| 249|0x000000008f900000, 0x000000008fa00000, 0x000000008fa00000|100%| O|  |TAMS 0x000000008f900000| PB 0x000000008f900000| Untracked 
| 250|0x000000008fa00000, 0x000000008fb00000, 0x000000008fb00000|100%| O|  |TAMS 0x000000008fa00000| PB 0x000000008fa00000| Untracked 
| 251|0x000000008fb00000, 0x000000008fc00000, 0x000000008fc00000|100%| O|  |TAMS 0x000000008fb00000| PB 0x000000008fb00000| Untracked 
| 252|0x000000008fc00000, 0x000000008fd00000, 0x000000008fd00000|100%| O|  |TAMS 0x000000008fc00000| PB 0x000000008fc00000| Untracked 
| 253|0x000000008fd00000, 0x000000008fe00000, 0x000000008fe00000|100%| O|  |TAMS 0x000000008fd00000| PB 0x000000008fd00000| Untracked 
| 254|0x000000008fe00000, 0x000000008ff00000, 0x000000008ff00000|100%| O|  |TAMS 0x000000008fe00000| PB 0x000000008fe00000| Untracked 
| 255|0x000000008ff00000, 0x0000000090000000, 0x0000000090000000|100%| O|  |TAMS 0x000000008ff00000| PB 0x000000008ff00000| Untracked 
| 256|0x0000000090000000, 0x0000000090100000, 0x0000000090100000|100%| O|  |TAMS 0x0000000090000000| PB 0x0000000090000000| Untracked 
| 257|0x0000000090100000, 0x0000000090200000, 0x0000000090200000|100%| O|  |TAMS 0x0000000090100000| PB 0x0000000090100000| Untracked 
| 258|0x0000000090200000, 0x0000000090300000, 0x0000000090300000|100%| O|  |TAMS 0x0000000090200000| PB 0x0000000090200000| Untracked 
| 259|0x0000000090300000, 0x0000000090300000, 0x0000000090400000|  0%| F|  |TAMS 0x0000000090300000| PB 0x0000000090300000| Untracked 
| 260|0x0000000090400000, 0x0000000090500000, 0x0000000090500000|100%| O|  |TAMS 0x0000000090400000| PB 0x0000000090400000| Untracked 
| 261|0x0000000090500000, 0x0000000090500000, 0x0000000090600000|  0%| F|  |TAMS 0x0000000090500000| PB 0x0000000090500000| Untracked 
| 262|0x0000000090600000, 0x0000000090700000, 0x0000000090700000|100%| O|  |TAMS 0x0000000090600000| PB 0x0000000090600000| Untracked 
| 263|0x0000000090700000, 0x0000000090800000, 0x0000000090800000|100%| O|  |TAMS 0x0000000090700000| PB 0x0000000090700000| Untracked 
| 264|0x0000000090800000, 0x0000000090900000, 0x0000000090900000|100%| O|  |TAMS 0x0000000090800000| PB 0x0000000090800000| Untracked 
| 265|0x0000000090900000, 0x0000000090a00000, 0x0000000090a00000|100%| O|  |TAMS 0x0000000090900000| PB 0x0000000090900000| Untracked 
| 266|0x0000000090a00000, 0x0000000090a00000, 0x0000000090b00000|  0%| F|  |TAMS 0x0000000090a00000| PB 0x0000000090a00000| Untracked 
| 267|0x0000000090b00000, 0x0000000090c00000, 0x0000000090c00000|100%| O|  |TAMS 0x0000000090b00000| PB 0x0000000090b00000| Untracked 
| 268|0x0000000090c00000, 0x0000000090d00000, 0x0000000090d00000|100%| O|  |TAMS 0x0000000090c00000| PB 0x0000000090c00000| Untracked 
| 269|0x0000000090d00000, 0x0000000090e00000, 0x0000000090e00000|100%| O|  |TAMS 0x0000000090d00000| PB 0x0000000090d00000| Untracked 
| 270|0x0000000090e00000, 0x0000000090f00000, 0x0000000090f00000|100%| O|  |TAMS 0x0000000090e00000| PB 0x0000000090e00000| Untracked 
| 271|0x0000000090f00000, 0x0000000091000000, 0x0000000091000000|100%| O|  |TAMS 0x0000000090f00000| PB 0x0000000090f00000| Untracked 
| 272|0x0000000091000000, 0x0000000091100000, 0x0000000091100000|100%| O|  |TAMS 0x0000000091000000| PB 0x0000000091000000| Untracked 
| 273|0x0000000091100000, 0x0000000091200000, 0x0000000091200000|100%| O|  |TAMS 0x0000000091100000| PB 0x0000000091100000| Untracked 
| 274|0x0000000091200000, 0x0000000091300000, 0x0000000091300000|100%| O|  |TAMS 0x0000000091200000| PB 0x0000000091200000| Untracked 
| 275|0x0000000091300000, 0x0000000091400000, 0x0000000091400000|100%| O|  |TAMS 0x0000000091300000| PB 0x0000000091300000| Untracked 
| 276|0x0000000091400000, 0x0000000091500000, 0x0000000091500000|100%| O|  |TAMS 0x0000000091400000| PB 0x0000000091400000| Untracked 
| 277|0x0000000091500000, 0x0000000091600000, 0x0000000091600000|100%| O|  |TAMS 0x0000000091500000| PB 0x0000000091500000| Untracked 
| 278|0x0000000091600000, 0x0000000091700000, 0x0000000091700000|100%| O|  |TAMS 0x0000000091600000| PB 0x0000000091600000| Untracked 
| 279|0x0000000091700000, 0x0000000091800000, 0x0000000091800000|100%| O|  |TAMS 0x0000000091700000| PB 0x0000000091700000| Untracked 
| 280|0x0000000091800000, 0x0000000091900000, 0x0000000091900000|100%| O|  |TAMS 0x0000000091800000| PB 0x0000000091800000| Untracked 
| 281|0x0000000091900000, 0x0000000091a00000, 0x0000000091a00000|100%| O|  |TAMS 0x0000000091900000| PB 0x0000000091900000| Untracked 
| 282|0x0000000091a00000, 0x0000000091b00000, 0x0000000091b00000|100%| O|  |TAMS 0x0000000091a00000| PB 0x0000000091a00000| Untracked 
| 283|0x0000000091b00000, 0x0000000091c00000, 0x0000000091c00000|100%| O|  |TAMS 0x0000000091b00000| PB 0x0000000091b00000| Untracked 
| 284|0x0000000091c00000, 0x0000000091d00000, 0x0000000091d00000|100%| O|  |TAMS 0x0000000091c00000| PB 0x0000000091c00000| Untracked 
| 285|0x0000000091d00000, 0x0000000091e00000, 0x0000000091e00000|100%| O|  |TAMS 0x0000000091d00000| PB 0x0000000091d00000| Untracked 
| 286|0x0000000091e00000, 0x0000000091f00000, 0x0000000091f00000|100%| O|  |TAMS 0x0000000091e00000| PB 0x0000000091e00000| Untracked 
| 287|0x0000000091f00000, 0x0000000092000000, 0x0000000092000000|100%| O|  |TAMS 0x0000000091f00000| PB 0x0000000091f00000| Untracked 
| 288|0x0000000092000000, 0x0000000092000000, 0x0000000092100000|  0%| F|  |TAMS 0x0000000092000000| PB 0x0000000092000000| Untracked 
| 289|0x0000000092100000, 0x0000000092200000, 0x0000000092200000|100%| O|  |TAMS 0x0000000092100000| PB 0x0000000092100000| Untracked 
| 290|0x0000000092200000, 0x0000000092300000, 0x0000000092300000|100%| O|  |TAMS 0x0000000092200000| PB 0x0000000092200000| Untracked 
| 291|0x0000000092300000, 0x0000000092400000, 0x0000000092400000|100%| O|  |TAMS 0x0000000092300000| PB 0x0000000092300000| Untracked 
| 292|0x0000000092400000, 0x0000000092500000, 0x0000000092500000|100%| O|  |TAMS 0x0000000092400000| PB 0x0000000092400000| Untracked 
| 293|0x0000000092500000, 0x0000000092600000, 0x0000000092600000|100%| O|  |TAMS 0x0000000092500000| PB 0x0000000092500000| Untracked 
| 294|0x0000000092600000, 0x0000000092700000, 0x0000000092700000|100%| O|  |TAMS 0x0000000092600000| PB 0x0000000092600000| Untracked 
| 295|0x0000000092700000, 0x0000000092800000, 0x0000000092800000|100%| O|  |TAMS 0x0000000092700000| PB 0x0000000092700000| Untracked 
| 296|0x0000000092800000, 0x0000000092900000, 0x0000000092900000|100%| O|  |TAMS 0x0000000092800000| PB 0x0000000092800000| Untracked 
| 297|0x0000000092900000, 0x0000000092a00000, 0x0000000092a00000|100%| O|  |TAMS 0x0000000092900000| PB 0x0000000092900000| Untracked 
| 298|0x0000000092a00000, 0x0000000092b00000, 0x0000000092b00000|100%| O|  |TAMS 0x0000000092a00000| PB 0x0000000092a00000| Untracked 
| 299|0x0000000092b00000, 0x0000000092c00000, 0x0000000092c00000|100%| O|  |TAMS 0x0000000092b00000| PB 0x0000000092b00000| Untracked 
| 300|0x0000000092c00000, 0x0000000092d00000, 0x0000000092d00000|100%| O|  |TAMS 0x0000000092c00000| PB 0x0000000092c00000| Untracked 
| 301|0x0000000092d00000, 0x0000000092e00000, 0x0000000092e00000|100%| O|  |TAMS 0x0000000092d00000| PB 0x0000000092d00000| Untracked 
| 302|0x0000000092e00000, 0x0000000092e00000, 0x0000000092f00000|  0%| F|  |TAMS 0x0000000092e00000| PB 0x0000000092e00000| Untracked 
| 303|0x0000000092f00000, 0x0000000092f00000, 0x0000000093000000|  0%| F|  |TAMS 0x0000000092f00000| PB 0x0000000092f00000| Untracked 
| 304|0x0000000093000000, 0x0000000093100000, 0x0000000093100000|100%| O|  |TAMS 0x0000000093000000| PB 0x0000000093000000| Untracked 
| 305|0x0000000093100000, 0x0000000093100000, 0x0000000093200000|  0%| F|  |TAMS 0x0000000093100000| PB 0x0000000093100000| Untracked 
| 306|0x0000000093200000, 0x0000000093300000, 0x0000000093300000|100%| O|  |TAMS 0x0000000093200000| PB 0x0000000093200000| Untracked 
| 307|0x0000000093300000, 0x0000000093400000, 0x0000000093400000|100%| O|  |TAMS 0x0000000093300000| PB 0x0000000093300000| Untracked 
| 308|0x0000000093400000, 0x0000000093400000, 0x0000000093500000|  0%| F|  |TAMS 0x0000000093400000| PB 0x0000000093400000| Untracked 
| 309|0x0000000093500000, 0x0000000093500000, 0x0000000093600000|  0%| F|  |TAMS 0x0000000093500000| PB 0x0000000093500000| Untracked 
| 310|0x0000000093600000, 0x0000000093700000, 0x0000000093700000|100%| O|  |TAMS 0x0000000093600000| PB 0x0000000093600000| Untracked 
| 311|0x0000000093700000, 0x0000000093800000, 0x0000000093800000|100%| O|  |TAMS 0x0000000093700000| PB 0x0000000093700000| Untracked 
| 312|0x0000000093800000, 0x0000000093900000, 0x0000000093900000|100%| O|  |TAMS 0x0000000093800000| PB 0x0000000093800000| Untracked 
| 313|0x0000000093900000, 0x0000000093a00000, 0x0000000093a00000|100%| O|  |TAMS 0x0000000093900000| PB 0x0000000093900000| Untracked 
| 314|0x0000000093a00000, 0x0000000093b00000, 0x0000000093b00000|100%| O|  |TAMS 0x0000000093a00000| PB 0x0000000093a00000| Untracked 
| 315|0x0000000093b00000, 0x0000000093c00000, 0x0000000093c00000|100%| O|  |TAMS 0x0000000093b00000| PB 0x0000000093b00000| Untracked 
| 316|0x0000000093c00000, 0x0000000093d00000, 0x0000000093d00000|100%| O|  |TAMS 0x0000000093c00000| PB 0x0000000093c00000| Untracked 
| 317|0x0000000093d00000, 0x0000000093e00000, 0x0000000093e00000|100%| O|  |TAMS 0x0000000093d00000| PB 0x0000000093d00000| Untracked 
| 318|0x0000000093e00000, 0x0000000093f00000, 0x0000000093f00000|100%| O|  |TAMS 0x0000000093e00000| PB 0x0000000093e00000| Untracked 
| 319|0x0000000093f00000, 0x0000000094000000, 0x0000000094000000|100%| O|  |TAMS 0x0000000093f00000| PB 0x0000000093f00000| Untracked 
| 320|0x0000000094000000, 0x0000000094100000, 0x0000000094100000|100%| O|  |TAMS 0x0000000094000000| PB 0x0000000094000000| Untracked 
| 321|0x0000000094100000, 0x0000000094200000, 0x0000000094200000|100%| O|  |TAMS 0x0000000094100000| PB 0x0000000094100000| Untracked 
| 322|0x0000000094200000, 0x0000000094300000, 0x0000000094300000|100%| O|  |TAMS 0x0000000094200000| PB 0x0000000094200000| Untracked 
| 323|0x0000000094300000, 0x0000000094400000, 0x0000000094400000|100%| O|  |TAMS 0x0000000094300000| PB 0x0000000094300000| Untracked 
| 324|0x0000000094400000, 0x0000000094500000, 0x0000000094500000|100%| O|  |TAMS 0x0000000094400000| PB 0x0000000094400000| Untracked 
| 325|0x0000000094500000, 0x0000000094600000, 0x0000000094600000|100%| O|  |TAMS 0x0000000094500000| PB 0x0000000094500000| Untracked 
| 326|0x0000000094600000, 0x0000000094700000, 0x0000000094700000|100%| O|  |TAMS 0x0000000094600000| PB 0x0000000094600000| Untracked 
| 327|0x0000000094700000, 0x0000000094800000, 0x0000000094800000|100%| O|  |TAMS 0x0000000094700000| PB 0x0000000094700000| Untracked 
| 328|0x0000000094800000, 0x0000000094900000, 0x0000000094900000|100%| O|  |TAMS 0x0000000094800000| PB 0x0000000094800000| Untracked 
| 329|0x0000000094900000, 0x0000000094a00000, 0x0000000094a00000|100%| O|  |TAMS 0x0000000094900000| PB 0x0000000094900000| Untracked 
| 330|0x0000000094a00000, 0x0000000094b00000, 0x0000000094b00000|100%| O|  |TAMS 0x0000000094a00000| PB 0x0000000094a00000| Untracked 
| 331|0x0000000094b00000, 0x0000000094c00000, 0x0000000094c00000|100%| O|  |TAMS 0x0000000094b00000| PB 0x0000000094b00000| Untracked 
| 332|0x0000000094c00000, 0x0000000094d00000, 0x0000000094d00000|100%| O|  |TAMS 0x0000000094c00000| PB 0x0000000094c00000| Untracked 
| 333|0x0000000094d00000, 0x0000000094e00000, 0x0000000094e00000|100%| O|  |TAMS 0x0000000094d00000| PB 0x0000000094d00000| Untracked 
| 334|0x0000000094e00000, 0x0000000094f00000, 0x0000000094f00000|100%| O|  |TAMS 0x0000000094e00000| PB 0x0000000094e00000| Untracked 
| 335|0x0000000094f00000, 0x0000000095000000, 0x0000000095000000|100%| O|  |TAMS 0x0000000094f00000| PB 0x0000000094f00000| Untracked 
| 336|0x0000000095000000, 0x0000000095100000, 0x0000000095100000|100%| O|  |TAMS 0x0000000095000000| PB 0x0000000095000000| Untracked 
| 337|0x0000000095100000, 0x0000000095100000, 0x0000000095200000|  0%| F|  |TAMS 0x0000000095100000| PB 0x0000000095100000| Untracked 
| 338|0x0000000095200000, 0x0000000095200000, 0x0000000095300000|  0%| F|  |TAMS 0x0000000095200000| PB 0x0000000095200000| Untracked 
| 339|0x0000000095300000, 0x0000000095300000, 0x0000000095400000|  0%| F|  |TAMS 0x0000000095300000| PB 0x0000000095300000| Untracked 
| 340|0x0000000095400000, 0x0000000095400000, 0x0000000095500000|  0%| F|  |TAMS 0x0000000095400000| PB 0x0000000095400000| Untracked 
| 341|0x0000000095500000, 0x0000000095500000, 0x0000000095600000|  0%| F|  |TAMS 0x0000000095500000| PB 0x0000000095500000| Untracked 
| 342|0x0000000095600000, 0x0000000095600000, 0x0000000095700000|  0%| F|  |TAMS 0x0000000095600000| PB 0x0000000095600000| Untracked 
| 343|0x0000000095700000, 0x0000000095700000, 0x0000000095800000|  0%| F|  |TAMS 0x0000000095700000| PB 0x0000000095700000| Untracked 
| 344|0x0000000095800000, 0x0000000095800000, 0x0000000095900000|  0%| F|  |TAMS 0x0000000095800000| PB 0x0000000095800000| Untracked 
| 345|0x0000000095900000, 0x0000000095900000, 0x0000000095a00000|  0%| F|  |TAMS 0x0000000095900000| PB 0x0000000095900000| Untracked 
| 346|0x0000000095a00000, 0x0000000095a00000, 0x0000000095b00000|  0%| F|  |TAMS 0x0000000095a00000| PB 0x0000000095a00000| Untracked 
| 347|0x0000000095b00000, 0x0000000095b00000, 0x0000000095c00000|  0%| F|  |TAMS 0x0000000095b00000| PB 0x0000000095b00000| Untracked 
| 348|0x0000000095c00000, 0x0000000095c00000, 0x0000000095d00000|  0%| F|  |TAMS 0x0000000095c00000| PB 0x0000000095c00000| Untracked 
| 349|0x0000000095d00000, 0x0000000095d00000, 0x0000000095e00000|  0%| F|  |TAMS 0x0000000095d00000| PB 0x0000000095d00000| Untracked 
| 350|0x0000000095e00000, 0x0000000095e00000, 0x0000000095f00000|  0%| F|  |TAMS 0x0000000095e00000| PB 0x0000000095e00000| Untracked 
| 351|0x0000000095f00000, 0x0000000095f00000, 0x0000000096000000|  0%| F|  |TAMS 0x0000000095f00000| PB 0x0000000095f00000| Untracked 
| 352|0x0000000096000000, 0x0000000096000000, 0x0000000096100000|  0%| F|  |TAMS 0x0000000096000000| PB 0x0000000096000000| Untracked 
| 353|0x0000000096100000, 0x0000000096100000, 0x0000000096200000|  0%| F|  |TAMS 0x0000000096100000| PB 0x0000000096100000| Untracked 
| 354|0x0000000096200000, 0x0000000096200000, 0x0000000096300000|  0%| F|  |TAMS 0x0000000096200000| PB 0x0000000096200000| Untracked 
| 355|0x0000000096300000, 0x0000000096300000, 0x0000000096400000|  0%| F|  |TAMS 0x0000000096300000| PB 0x0000000096300000| Untracked 
| 356|0x0000000096400000, 0x0000000096400000, 0x0000000096500000|  0%| F|  |TAMS 0x0000000096400000| PB 0x0000000096400000| Untracked 
| 357|0x0000000096500000, 0x0000000096500000, 0x0000000096600000|  0%| F|  |TAMS 0x0000000096500000| PB 0x0000000096500000| Untracked 
| 358|0x0000000096600000, 0x0000000096600000, 0x0000000096700000|  0%| F|  |TAMS 0x0000000096600000| PB 0x0000000096600000| Untracked 
| 359|0x0000000096700000, 0x0000000096700000, 0x0000000096800000|  0%| F|  |TAMS 0x0000000096700000| PB 0x0000000096700000| Untracked 
| 360|0x0000000096800000, 0x0000000096800000, 0x0000000096900000|  0%| F|  |TAMS 0x0000000096800000| PB 0x0000000096800000| Untracked 
| 361|0x0000000096900000, 0x0000000096900000, 0x0000000096a00000|  0%| F|  |TAMS 0x0000000096900000| PB 0x0000000096900000| Untracked 
| 362|0x0000000096a00000, 0x0000000096a00000, 0x0000000096b00000|  0%| F|  |TAMS 0x0000000096a00000| PB 0x0000000096a00000| Untracked 
| 363|0x0000000096b00000, 0x0000000096b00000, 0x0000000096c00000|  0%| F|  |TAMS 0x0000000096b00000| PB 0x0000000096b00000| Untracked 
| 364|0x0000000096c00000, 0x0000000096c00000, 0x0000000096d00000|  0%| F|  |TAMS 0x0000000096c00000| PB 0x0000000096c00000| Untracked 
| 365|0x0000000096d00000, 0x0000000096d00000, 0x0000000096e00000|  0%| F|  |TAMS 0x0000000096d00000| PB 0x0000000096d00000| Untracked 
| 366|0x0000000096e00000, 0x0000000096e00000, 0x0000000096f00000|  0%| F|  |TAMS 0x0000000096e00000| PB 0x0000000096e00000| Untracked 
| 367|0x0000000096f00000, 0x0000000096f00000, 0x0000000097000000|  0%| F|  |TAMS 0x0000000096f00000| PB 0x0000000096f00000| Untracked 
| 368|0x0000000097000000, 0x0000000097000000, 0x0000000097100000|  0%| F|  |TAMS 0x0000000097000000| PB 0x0000000097000000| Untracked 
| 369|0x0000000097100000, 0x0000000097100000, 0x0000000097200000|  0%| F|  |TAMS 0x0000000097100000| PB 0x0000000097100000| Untracked 
| 370|0x0000000097200000, 0x0000000097200000, 0x0000000097300000|  0%| F|  |TAMS 0x0000000097200000| PB 0x0000000097200000| Untracked 
| 371|0x0000000097300000, 0x0000000097400000, 0x0000000097400000|100%| S|CS|TAMS 0x0000000097300000| PB 0x0000000097300000| Complete 
| 372|0x0000000097400000, 0x0000000097500000, 0x0000000097500000|100%| S|CS|TAMS 0x0000000097400000| PB 0x0000000097400000| Complete 
| 373|0x0000000097500000, 0x0000000097600000, 0x0000000097600000|100%| S|CS|TAMS 0x0000000097500000| PB 0x0000000097500000| Complete 
| 374|0x0000000097600000, 0x0000000097700000, 0x0000000097700000|100%| S|CS|TAMS 0x0000000097600000| PB 0x0000000097600000| Complete 
| 375|0x0000000097700000, 0x0000000097800000, 0x0000000097800000|100%| S|CS|TAMS 0x0000000097700000| PB 0x0000000097700000| Complete 
| 376|0x0000000097800000, 0x0000000097900000, 0x0000000097900000|100%| S|CS|TAMS 0x0000000097800000| PB 0x0000000097800000| Complete 
| 377|0x0000000097900000, 0x0000000097a00000, 0x0000000097a00000|100%| S|CS|TAMS 0x0000000097900000| PB 0x0000000097900000| Complete 
| 378|0x0000000097a00000, 0x0000000097b00000, 0x0000000097b00000|100%| S|CS|TAMS 0x0000000097a00000| PB 0x0000000097a00000| Complete 
| 379|0x0000000097b00000, 0x0000000097c00000, 0x0000000097c00000|100%| S|CS|TAMS 0x0000000097b00000| PB 0x0000000097b00000| Complete 
| 380|0x0000000097c00000, 0x0000000097d00000, 0x0000000097d00000|100%| S|CS|TAMS 0x0000000097c00000| PB 0x0000000097c00000| Complete 
| 381|0x0000000097d00000, 0x0000000097e00000, 0x0000000097e00000|100%| S|CS|TAMS 0x0000000097d00000| PB 0x0000000097d00000| Complete 
| 382|0x0000000097e00000, 0x0000000097f00000, 0x0000000097f00000|100%| S|CS|TAMS 0x0000000097e00000| PB 0x0000000097e00000| Complete 
| 383|0x0000000097f00000, 0x0000000098000000, 0x0000000098000000|100%| S|CS|TAMS 0x0000000097f00000| PB 0x0000000097f00000| Complete 
| 384|0x0000000098000000, 0x0000000098100000, 0x0000000098100000|100%| S|CS|TAMS 0x0000000098000000| PB 0x0000000098000000| Complete 
| 385|0x0000000098100000, 0x0000000098200000, 0x0000000098200000|100%| S|CS|TAMS 0x0000000098100000| PB 0x0000000098100000| Complete 
| 386|0x0000000098200000, 0x0000000098300000, 0x0000000098300000|100%| S|CS|TAMS 0x0000000098200000| PB 0x0000000098200000| Complete 
| 387|0x0000000098300000, 0x0000000098400000, 0x0000000098400000|100%| S|CS|TAMS 0x0000000098300000| PB 0x0000000098300000| Complete 
| 388|0x0000000098400000, 0x0000000098500000, 0x0000000098500000|100%| S|CS|TAMS 0x0000000098400000| PB 0x0000000098400000| Complete 
| 389|0x0000000098500000, 0x0000000098600000, 0x0000000098600000|100%| S|CS|TAMS 0x0000000098500000| PB 0x0000000098500000| Complete 
| 390|0x0000000098600000, 0x0000000098700000, 0x0000000098700000|100%| S|CS|TAMS 0x0000000098600000| PB 0x0000000098600000| Complete 
| 391|0x0000000098700000, 0x0000000098800000, 0x0000000098800000|100%| S|CS|TAMS 0x0000000098700000| PB 0x0000000098700000| Complete 
| 392|0x0000000098800000, 0x0000000098800000, 0x0000000098900000|  0%| F|  |TAMS 0x0000000098800000| PB 0x0000000098800000| Untracked 
| 393|0x0000000098900000, 0x0000000098900000, 0x0000000098a00000|  0%| F|  |TAMS 0x0000000098900000| PB 0x0000000098900000| Untracked 
| 394|0x0000000098a00000, 0x0000000098a00000, 0x0000000098b00000|  0%| F|  |TAMS 0x0000000098a00000| PB 0x0000000098a00000| Untracked 
| 395|0x0000000098b00000, 0x0000000098b00000, 0x0000000098c00000|  0%| F|  |TAMS 0x0000000098b00000| PB 0x0000000098b00000| Untracked 
| 396|0x0000000098c00000, 0x0000000098c00000, 0x0000000098d00000|  0%| F|  |TAMS 0x0000000098c00000| PB 0x0000000098c00000| Untracked 
| 397|0x0000000098d00000, 0x0000000098d00000, 0x0000000098e00000|  0%| F|  |TAMS 0x0000000098d00000| PB 0x0000000098d00000| Untracked 
| 398|0x0000000098e00000, 0x0000000098e00000, 0x0000000098f00000|  0%| F|  |TAMS 0x0000000098e00000| PB 0x0000000098e00000| Untracked 
| 399|0x0000000098f00000, 0x0000000098f00000, 0x0000000099000000|  0%| F|  |TAMS 0x0000000098f00000| PB 0x0000000098f00000| Untracked 
| 400|0x0000000099000000, 0x0000000099000000, 0x0000000099100000|  0%| F|  |TAMS 0x0000000099000000| PB 0x0000000099000000| Untracked 
| 401|0x0000000099100000, 0x0000000099100000, 0x0000000099200000|  0%| F|  |TAMS 0x0000000099100000| PB 0x0000000099100000| Untracked 
| 402|0x0000000099200000, 0x0000000099200000, 0x0000000099300000|  0%| F|  |TAMS 0x0000000099200000| PB 0x0000000099200000| Untracked 
| 403|0x0000000099300000, 0x0000000099300000, 0x0000000099400000|  0%| F|  |TAMS 0x0000000099300000| PB 0x0000000099300000| Untracked 
| 404|0x0000000099400000, 0x0000000099400000, 0x0000000099500000|  0%| F|  |TAMS 0x0000000099400000| PB 0x0000000099400000| Untracked 
| 405|0x0000000099500000, 0x0000000099500000, 0x0000000099600000|  0%| F|  |TAMS 0x0000000099500000| PB 0x0000000099500000| Untracked 
| 406|0x0000000099600000, 0x0000000099600000, 0x0000000099700000|  0%| F|  |TAMS 0x0000000099600000| PB 0x0000000099600000| Untracked 
| 407|0x0000000099700000, 0x0000000099700000, 0x0000000099800000|  0%| F|  |TAMS 0x0000000099700000| PB 0x0000000099700000| Untracked 
| 408|0x0000000099800000, 0x0000000099800000, 0x0000000099900000|  0%| F|  |TAMS 0x0000000099800000| PB 0x0000000099800000| Untracked 
| 409|0x0000000099900000, 0x0000000099900000, 0x0000000099a00000|  0%| F|  |TAMS 0x0000000099900000| PB 0x0000000099900000| Untracked 
| 410|0x0000000099a00000, 0x0000000099a00000, 0x0000000099b00000|  0%| F|  |TAMS 0x0000000099a00000| PB 0x0000000099a00000| Untracked 
| 411|0x0000000099b00000, 0x0000000099b00000, 0x0000000099c00000|  0%| F|  |TAMS 0x0000000099b00000| PB 0x0000000099b00000| Untracked 
| 412|0x0000000099c00000, 0x0000000099c00000, 0x0000000099d00000|  0%| F|  |TAMS 0x0000000099c00000| PB 0x0000000099c00000| Untracked 
| 413|0x0000000099d00000, 0x0000000099d00000, 0x0000000099e00000|  0%| F|  |TAMS 0x0000000099d00000| PB 0x0000000099d00000| Untracked 
| 414|0x0000000099e00000, 0x0000000099e00000, 0x0000000099f00000|  0%| F|  |TAMS 0x0000000099e00000| PB 0x0000000099e00000| Untracked 
| 415|0x0000000099f00000, 0x0000000099f00000, 0x000000009a000000|  0%| F|  |TAMS 0x0000000099f00000| PB 0x0000000099f00000| Untracked 
| 416|0x000000009a000000, 0x000000009a000000, 0x000000009a100000|  0%| F|  |TAMS 0x000000009a000000| PB 0x000000009a000000| Untracked 
| 417|0x000000009a100000, 0x000000009a100000, 0x000000009a200000|  0%| F|  |TAMS 0x000000009a100000| PB 0x000000009a100000| Untracked 
| 418|0x000000009a200000, 0x000000009a200000, 0x000000009a300000|  0%| F|  |TAMS 0x000000009a200000| PB 0x000000009a200000| Untracked 
| 419|0x000000009a300000, 0x000000009a300000, 0x000000009a400000|  0%| F|  |TAMS 0x000000009a300000| PB 0x000000009a300000| Untracked 
| 420|0x000000009a400000, 0x000000009a400000, 0x000000009a500000|  0%| F|  |TAMS 0x000000009a400000| PB 0x000000009a400000| Untracked 
| 421|0x000000009a500000, 0x000000009a500000, 0x000000009a600000|  0%| F|  |TAMS 0x000000009a500000| PB 0x000000009a500000| Untracked 
| 422|0x000000009a600000, 0x000000009a600000, 0x000000009a700000|  0%| F|  |TAMS 0x000000009a600000| PB 0x000000009a600000| Untracked 
| 423|0x000000009a700000, 0x000000009a700000, 0x000000009a800000|  0%| F|  |TAMS 0x000000009a700000| PB 0x000000009a700000| Untracked 
| 424|0x000000009a800000, 0x000000009a800000, 0x000000009a900000|  0%| F|  |TAMS 0x000000009a800000| PB 0x000000009a800000| Untracked 
| 425|0x000000009a900000, 0x000000009a900000, 0x000000009aa00000|  0%| F|  |TAMS 0x000000009a900000| PB 0x000000009a900000| Untracked 
| 426|0x000000009aa00000, 0x000000009aa00000, 0x000000009ab00000|  0%| F|  |TAMS 0x000000009aa00000| PB 0x000000009aa00000| Untracked 
| 427|0x000000009ab00000, 0x000000009ab00000, 0x000000009ac00000|  0%| F|  |TAMS 0x000000009ab00000| PB 0x000000009ab00000| Untracked 
| 428|0x000000009ac00000, 0x000000009ac00000, 0x000000009ad00000|  0%| F|  |TAMS 0x000000009ac00000| PB 0x000000009ac00000| Untracked 
| 429|0x000000009ad00000, 0x000000009ad00000, 0x000000009ae00000|  0%| F|  |TAMS 0x000000009ad00000| PB 0x000000009ad00000| Untracked 
| 430|0x000000009ae00000, 0x000000009ae00000, 0x000000009af00000|  0%| F|  |TAMS 0x000000009ae00000| PB 0x000000009ae00000| Untracked 
| 431|0x000000009af00000, 0x000000009af00000, 0x000000009b000000|  0%| F|  |TAMS 0x000000009af00000| PB 0x000000009af00000| Untracked 
| 432|0x000000009b000000, 0x000000009b000000, 0x000000009b100000|  0%| F|  |TAMS 0x000000009b000000| PB 0x000000009b000000| Untracked 
| 433|0x000000009b100000, 0x000000009b100000, 0x000000009b200000|  0%| F|  |TAMS 0x000000009b100000| PB 0x000000009b100000| Untracked 
| 434|0x000000009b200000, 0x000000009b200000, 0x000000009b300000|  0%| F|  |TAMS 0x000000009b200000| PB 0x000000009b200000| Untracked 
| 435|0x000000009b300000, 0x000000009b300000, 0x000000009b400000|  0%| F|  |TAMS 0x000000009b300000| PB 0x000000009b300000| Untracked 
| 436|0x000000009b400000, 0x000000009b400000, 0x000000009b500000|  0%| F|  |TAMS 0x000000009b400000| PB 0x000000009b400000| Untracked 
| 437|0x000000009b500000, 0x000000009b500000, 0x000000009b600000|  0%| F|  |TAMS 0x000000009b500000| PB 0x000000009b500000| Untracked 
| 438|0x000000009b600000, 0x000000009b600000, 0x000000009b700000|  0%| F|  |TAMS 0x000000009b600000| PB 0x000000009b600000| Untracked 
| 439|0x000000009b700000, 0x000000009b700000, 0x000000009b800000|  0%| F|  |TAMS 0x000000009b700000| PB 0x000000009b700000| Untracked 
| 440|0x000000009b800000, 0x000000009b800000, 0x000000009b900000|  0%| F|  |TAMS 0x000000009b800000| PB 0x000000009b800000| Untracked 
| 441|0x000000009b900000, 0x000000009b900000, 0x000000009ba00000|  0%| F|  |TAMS 0x000000009b900000| PB 0x000000009b900000| Untracked 
| 442|0x000000009ba00000, 0x000000009ba00000, 0x000000009bb00000|  0%| F|  |TAMS 0x000000009ba00000| PB 0x000000009ba00000| Untracked 
| 443|0x000000009bb00000, 0x000000009bb00000, 0x000000009bc00000|  0%| F|  |TAMS 0x000000009bb00000| PB 0x000000009bb00000| Untracked 
| 444|0x000000009bc00000, 0x000000009bc00000, 0x000000009bd00000|  0%| F|  |TAMS 0x000000009bc00000| PB 0x000000009bc00000| Untracked 
| 445|0x000000009bd00000, 0x000000009bd00000, 0x000000009be00000|  0%| F|  |TAMS 0x000000009bd00000| PB 0x000000009bd00000| Untracked 
| 446|0x000000009be00000, 0x000000009be58df0, 0x000000009bf00000| 34%| E|  |TAMS 0x000000009be00000| PB 0x000000009be00000| Complete 
| 447|0x000000009bf00000, 0x000000009c000000, 0x000000009c000000|100%| E|CS|TAMS 0x000000009bf00000| PB 0x000000009bf00000| Complete 
| 448|0x000000009c000000, 0x000000009c100000, 0x000000009c100000|100%| E|CS|TAMS 0x000000009c000000| PB 0x000000009c000000| Complete 
| 449|0x000000009c100000, 0x000000009c200000, 0x000000009c200000|100%| E|CS|TAMS 0x000000009c100000| PB 0x000000009c100000| Complete 
| 450|0x000000009c200000, 0x000000009c300000, 0x000000009c300000|100%| E|CS|TAMS 0x000000009c200000| PB 0x000000009c200000| Complete 
| 451|0x000000009c300000, 0x000000009c400000, 0x000000009c400000|100%| E|CS|TAMS 0x000000009c300000| PB 0x000000009c300000| Complete 
| 452|0x000000009c400000, 0x000000009c500000, 0x000000009c500000|100%| E|CS|TAMS 0x000000009c400000| PB 0x000000009c400000| Complete 
| 453|0x000000009c500000, 0x000000009c600000, 0x000000009c600000|100%| E|CS|TAMS 0x000000009c500000| PB 0x000000009c500000| Complete 
| 454|0x000000009c600000, 0x000000009c700000, 0x000000009c700000|100%| E|CS|TAMS 0x000000009c600000| PB 0x000000009c600000| Complete 
| 455|0x000000009c700000, 0x000000009c800000, 0x000000009c800000|100%| E|CS|TAMS 0x000000009c700000| PB 0x000000009c700000| Complete 
| 456|0x000000009c800000, 0x000000009c900000, 0x000000009c900000|100%| E|CS|TAMS 0x000000009c800000| PB 0x000000009c800000| Complete 
| 457|0x000000009c900000, 0x000000009ca00000, 0x000000009ca00000|100%| E|CS|TAMS 0x000000009c900000| PB 0x000000009c900000| Complete 
| 458|0x000000009ca00000, 0x000000009cb00000, 0x000000009cb00000|100%| E|CS|TAMS 0x000000009ca00000| PB 0x000000009ca00000| Complete 
| 459|0x000000009cb00000, 0x000000009cc00000, 0x000000009cc00000|100%| E|  |TAMS 0x000000009cb00000| PB 0x000000009cb00000| Complete 
| 460|0x000000009cc00000, 0x000000009cd00000, 0x000000009cd00000|100%| E|CS|TAMS 0x000000009cc00000| PB 0x000000009cc00000| Complete 
| 461|0x000000009cd00000, 0x000000009ce00000, 0x000000009ce00000|100%| E|CS|TAMS 0x000000009cd00000| PB 0x000000009cd00000| Complete 
| 462|0x000000009ce00000, 0x000000009cf00000, 0x000000009cf00000|100%| E|CS|TAMS 0x000000009ce00000| PB 0x000000009ce00000| Complete 
| 463|0x000000009cf00000, 0x000000009d000000, 0x000000009d000000|100%| E|CS|TAMS 0x000000009cf00000| PB 0x000000009cf00000| Complete 
| 464|0x000000009d000000, 0x000000009d100000, 0x000000009d100000|100%| E|CS|TAMS 0x000000009d000000| PB 0x000000009d000000| Complete 
| 465|0x000000009d100000, 0x000000009d200000, 0x000000009d200000|100%| E|CS|TAMS 0x000000009d100000| PB 0x000000009d100000| Complete 
| 466|0x000000009d200000, 0x000000009d300000, 0x000000009d300000|100%| E|CS|TAMS 0x000000009d200000| PB 0x000000009d200000| Complete 
| 467|0x000000009d300000, 0x000000009d400000, 0x000000009d400000|100%| E|CS|TAMS 0x000000009d300000| PB 0x000000009d300000| Complete 
| 468|0x000000009d400000, 0x000000009d500000, 0x000000009d500000|100%| E|CS|TAMS 0x000000009d400000| PB 0x000000009d400000| Complete 
| 469|0x000000009d500000, 0x000000009d600000, 0x000000009d600000|100%| E|CS|TAMS 0x000000009d500000| PB 0x000000009d500000| Complete 
| 470|0x000000009d600000, 0x000000009d700000, 0x000000009d700000|100%| E|CS|TAMS 0x000000009d600000| PB 0x000000009d600000| Complete 
| 471|0x000000009d700000, 0x000000009d800000, 0x000000009d800000|100%| E|CS|TAMS 0x000000009d700000| PB 0x000000009d700000| Complete 
| 472|0x000000009d800000, 0x000000009d900000, 0x000000009d900000|100%| E|CS|TAMS 0x000000009d800000| PB 0x000000009d800000| Complete 
| 473|0x000000009d900000, 0x000000009da00000, 0x000000009da00000|100%| E|CS|TAMS 0x000000009d900000| PB 0x000000009d900000| Complete 
| 474|0x000000009da00000, 0x000000009db00000, 0x000000009db00000|100%| E|CS|TAMS 0x000000009da00000| PB 0x000000009da00000| Complete 
| 475|0x000000009db00000, 0x000000009dc00000, 0x000000009dc00000|100%| E|CS|TAMS 0x000000009db00000| PB 0x000000009db00000| Complete 
| 476|0x000000009dc00000, 0x000000009dd00000, 0x000000009dd00000|100%| E|CS|TAMS 0x000000009dc00000| PB 0x000000009dc00000| Complete 
| 477|0x000000009dd00000, 0x000000009de00000, 0x000000009de00000|100%| E|CS|TAMS 0x000000009dd00000| PB 0x000000009dd00000| Complete 
| 478|0x000000009de00000, 0x000000009df00000, 0x000000009df00000|100%| E|CS|TAMS 0x000000009de00000| PB 0x000000009de00000| Complete 
| 479|0x000000009df00000, 0x000000009e000000, 0x000000009e000000|100%| E|CS|TAMS 0x000000009df00000| PB 0x000000009df00000| Complete 
| 480|0x000000009e000000, 0x000000009e100000, 0x000000009e100000|100%| E|CS|TAMS 0x000000009e000000| PB 0x000000009e000000| Complete 
| 481|0x000000009e100000, 0x000000009e200000, 0x000000009e200000|100%| E|CS|TAMS 0x000000009e100000| PB 0x000000009e100000| Complete 
| 482|0x000000009e200000, 0x000000009e300000, 0x000000009e300000|100%| E|CS|TAMS 0x000000009e200000| PB 0x000000009e200000| Complete 
| 483|0x000000009e300000, 0x000000009e400000, 0x000000009e400000|100%| E|CS|TAMS 0x000000009e300000| PB 0x000000009e300000| Complete 
| 484|0x000000009e400000, 0x000000009e500000, 0x000000009e500000|100%| E|CS|TAMS 0x000000009e400000| PB 0x000000009e400000| Complete 
| 485|0x000000009e500000, 0x000000009e600000, 0x000000009e600000|100%| E|CS|TAMS 0x000000009e500000| PB 0x000000009e500000| Complete 
| 486|0x000000009e600000, 0x000000009e700000, 0x000000009e700000|100%| E|CS|TAMS 0x000000009e600000| PB 0x000000009e600000| Complete 
| 487|0x000000009e700000, 0x000000009e800000, 0x000000009e800000|100%| E|CS|TAMS 0x000000009e700000| PB 0x000000009e700000| Complete 
| 488|0x000000009e800000, 0x000000009e900000, 0x000000009e900000|100%| E|CS|TAMS 0x000000009e800000| PB 0x000000009e800000| Complete 
| 489|0x000000009e900000, 0x000000009ea00000, 0x000000009ea00000|100%| E|CS|TAMS 0x000000009e900000| PB 0x000000009e900000| Complete 
| 490|0x000000009ea00000, 0x000000009eb00000, 0x000000009eb00000|100%| E|CS|TAMS 0x000000009ea00000| PB 0x000000009ea00000| Complete 
| 491|0x000000009eb00000, 0x000000009ec00000, 0x000000009ec00000|100%| E|CS|TAMS 0x000000009eb00000| PB 0x000000009eb00000| Complete 
| 492|0x000000009ec00000, 0x000000009ed00000, 0x000000009ed00000|100%| E|CS|TAMS 0x000000009ec00000| PB 0x000000009ec00000| Complete 
| 493|0x000000009ed00000, 0x000000009ee00000, 0x000000009ee00000|100%| E|CS|TAMS 0x000000009ed00000| PB 0x000000009ed00000| Complete 
| 494|0x000000009ee00000, 0x000000009ef00000, 0x000000009ef00000|100%| E|CS|TAMS 0x000000009ee00000| PB 0x000000009ee00000| Complete 
| 495|0x000000009ef00000, 0x000000009f000000, 0x000000009f000000|100%| E|CS|TAMS 0x000000009ef00000| PB 0x000000009ef00000| Complete 
| 496|0x000000009f000000, 0x000000009f100000, 0x000000009f100000|100%| E|CS|TAMS 0x000000009f000000| PB 0x000000009f000000| Complete 
| 497|0x000000009f100000, 0x000000009f200000, 0x000000009f200000|100%| E|CS|TAMS 0x000000009f100000| PB 0x000000009f100000| Complete 
| 498|0x000000009f200000, 0x000000009f300000, 0x000000009f300000|100%| E|CS|TAMS 0x000000009f200000| PB 0x000000009f200000| Complete 
| 499|0x000000009f300000, 0x000000009f400000, 0x000000009f400000|100%| E|CS|TAMS 0x000000009f300000| PB 0x000000009f300000| Complete 
| 500|0x000000009f400000, 0x000000009f500000, 0x000000009f500000|100%| E|CS|TAMS 0x000000009f400000| PB 0x000000009f400000| Complete 
| 501|0x000000009f500000, 0x000000009f600000, 0x000000009f600000|100%| E|CS|TAMS 0x000000009f500000| PB 0x000000009f500000| Complete 
| 502|0x000000009f600000, 0x000000009f700000, 0x000000009f700000|100%| E|CS|TAMS 0x000000009f600000| PB 0x000000009f600000| Complete 
| 503|0x000000009f700000, 0x000000009f800000, 0x000000009f800000|100%| E|CS|TAMS 0x000000009f700000| PB 0x000000009f700000| Complete 
| 504|0x000000009f800000, 0x000000009f900000, 0x000000009f900000|100%| E|CS|TAMS 0x000000009f800000| PB 0x000000009f800000| Complete 
| 505|0x000000009f900000, 0x000000009fa00000, 0x000000009fa00000|100%| E|CS|TAMS 0x000000009f900000| PB 0x000000009f900000| Complete 
| 506|0x000000009fa00000, 0x000000009fb00000, 0x000000009fb00000|100%| E|CS|TAMS 0x000000009fa00000| PB 0x000000009fa00000| Complete 
| 507|0x000000009fb00000, 0x000000009fc00000, 0x000000009fc00000|100%| E|CS|TAMS 0x000000009fb00000| PB 0x000000009fb00000| Complete 
| 508|0x000000009fc00000, 0x000000009fd00000, 0x000000009fd00000|100%| E|CS|TAMS 0x000000009fc00000| PB 0x000000009fc00000| Complete 
| 509|0x000000009fd00000, 0x000000009fe00000, 0x000000009fe00000|100%| E|CS|TAMS 0x000000009fd00000| PB 0x000000009fd00000| Complete 
| 510|0x000000009fe00000, 0x000000009ff00000, 0x000000009ff00000|100%| E|CS|TAMS 0x000000009fe00000| PB 0x000000009fe00000| Complete 
| 511|0x000000009ff00000, 0x00000000a0000000, 0x00000000a0000000|100%| E|CS|TAMS 0x000000009ff00000| PB 0x000000009ff00000| Complete 
| 512|0x00000000a0000000, 0x00000000a0100000, 0x00000000a0100000|100%| E|CS|TAMS 0x00000000a0000000| PB 0x00000000a0000000| Complete 
| 513|0x00000000a0100000, 0x00000000a0200000, 0x00000000a0200000|100%| E|CS|TAMS 0x00000000a0100000| PB 0x00000000a0100000| Complete 
| 514|0x00000000a0200000, 0x00000000a0300000, 0x00000000a0300000|100%| E|CS|TAMS 0x00000000a0200000| PB 0x00000000a0200000| Complete 
| 515|0x00000000a0300000, 0x00000000a0400000, 0x00000000a0400000|100%| E|CS|TAMS 0x00000000a0300000| PB 0x00000000a0300000| Complete 
| 516|0x00000000a0400000, 0x00000000a0500000, 0x00000000a0500000|100%| E|CS|TAMS 0x00000000a0400000| PB 0x00000000a0400000| Complete 
| 517|0x00000000a0500000, 0x00000000a0600000, 0x00000000a0600000|100%| E|CS|TAMS 0x00000000a0500000| PB 0x00000000a0500000| Complete 
| 518|0x00000000a0600000, 0x00000000a0700000, 0x00000000a0700000|100%| E|CS|TAMS 0x00000000a0600000| PB 0x00000000a0600000| Complete 
| 519|0x00000000a0700000, 0x00000000a0800000, 0x00000000a0800000|100%| E|CS|TAMS 0x00000000a0700000| PB 0x00000000a0700000| Complete 
| 520|0x00000000a0800000, 0x00000000a0900000, 0x00000000a0900000|100%| E|CS|TAMS 0x00000000a0800000| PB 0x00000000a0800000| Complete 
| 521|0x00000000a0900000, 0x00000000a0a00000, 0x00000000a0a00000|100%| E|CS|TAMS 0x00000000a0900000| PB 0x00000000a0900000| Complete 
| 522|0x00000000a0a00000, 0x00000000a0b00000, 0x00000000a0b00000|100%| E|CS|TAMS 0x00000000a0a00000| PB 0x00000000a0a00000| Complete 
| 523|0x00000000a0b00000, 0x00000000a0c00000, 0x00000000a0c00000|100%| E|CS|TAMS 0x00000000a0b00000| PB 0x00000000a0b00000| Complete 
| 524|0x00000000a0c00000, 0x00000000a0d00000, 0x00000000a0d00000|100%| E|CS|TAMS 0x00000000a0c00000| PB 0x00000000a0c00000| Complete 
| 525|0x00000000a0d00000, 0x00000000a0e00000, 0x00000000a0e00000|100%| E|CS|TAMS 0x00000000a0d00000| PB 0x00000000a0d00000| Complete 
| 526|0x00000000a0e00000, 0x00000000a0f00000, 0x00000000a0f00000|100%| E|CS|TAMS 0x00000000a0e00000| PB 0x00000000a0e00000| Complete 
| 527|0x00000000a0f00000, 0x00000000a1000000, 0x00000000a1000000|100%| E|CS|TAMS 0x00000000a0f00000| PB 0x00000000a0f00000| Complete 
| 528|0x00000000a1000000, 0x00000000a1100000, 0x00000000a1100000|100%| E|CS|TAMS 0x00000000a1000000| PB 0x00000000a1000000| Complete 
| 529|0x00000000a1100000, 0x00000000a1200000, 0x00000000a1200000|100%| E|CS|TAMS 0x00000000a1100000| PB 0x00000000a1100000| Complete 
| 530|0x00000000a1200000, 0x00000000a1300000, 0x00000000a1300000|100%| E|CS|TAMS 0x00000000a1200000| PB 0x00000000a1200000| Complete 
| 531|0x00000000a1300000, 0x00000000a1400000, 0x00000000a1400000|100%| E|CS|TAMS 0x00000000a1300000| PB 0x00000000a1300000| Complete 
| 532|0x00000000a1400000, 0x00000000a1500000, 0x00000000a1500000|100%| E|CS|TAMS 0x00000000a1400000| PB 0x00000000a1400000| Complete 
| 533|0x00000000a1500000, 0x00000000a1600000, 0x00000000a1600000|100%| E|CS|TAMS 0x00000000a1500000| PB 0x00000000a1500000| Complete 
| 534|0x00000000a1600000, 0x00000000a1700000, 0x00000000a1700000|100%| E|CS|TAMS 0x00000000a1600000| PB 0x00000000a1600000| Complete 
| 535|0x00000000a1700000, 0x00000000a1800000, 0x00000000a1800000|100%| E|CS|TAMS 0x00000000a1700000| PB 0x00000000a1700000| Complete 
| 536|0x00000000a1800000, 0x00000000a1900000, 0x00000000a1900000|100%| E|CS|TAMS 0x00000000a1800000| PB 0x00000000a1800000| Complete 
| 537|0x00000000a1900000, 0x00000000a1a00000, 0x00000000a1a00000|100%| E|CS|TAMS 0x00000000a1900000| PB 0x00000000a1900000| Complete 
| 538|0x00000000a1a00000, 0x00000000a1b00000, 0x00000000a1b00000|100%| E|CS|TAMS 0x00000000a1a00000| PB 0x00000000a1a00000| Complete 
| 539|0x00000000a1b00000, 0x00000000a1c00000, 0x00000000a1c00000|100%| E|CS|TAMS 0x00000000a1b00000| PB 0x00000000a1b00000| Complete 
| 540|0x00000000a1c00000, 0x00000000a1d00000, 0x00000000a1d00000|100%| E|CS|TAMS 0x00000000a1c00000| PB 0x00000000a1c00000| Complete 
| 541|0x00000000a1d00000, 0x00000000a1e00000, 0x00000000a1e00000|100%| E|CS|TAMS 0x00000000a1d00000| PB 0x00000000a1d00000| Complete 
| 542|0x00000000a1e00000, 0x00000000a1f00000, 0x00000000a1f00000|100%| E|CS|TAMS 0x00000000a1e00000| PB 0x00000000a1e00000| Complete 
| 543|0x00000000a1f00000, 0x00000000a2000000, 0x00000000a2000000|100%| E|CS|TAMS 0x00000000a1f00000| PB 0x00000000a1f00000| Complete 
| 544|0x00000000a2000000, 0x00000000a2100000, 0x00000000a2100000|100%| E|CS|TAMS 0x00000000a2000000| PB 0x00000000a2000000| Complete 
| 545|0x00000000a2100000, 0x00000000a2200000, 0x00000000a2200000|100%| E|CS|TAMS 0x00000000a2100000| PB 0x00000000a2100000| Complete 
| 546|0x00000000a2200000, 0x00000000a2300000, 0x00000000a2300000|100%| E|CS|TAMS 0x00000000a2200000| PB 0x00000000a2200000| Complete 
| 547|0x00000000a2300000, 0x00000000a2400000, 0x00000000a2400000|100%| E|CS|TAMS 0x00000000a2300000| PB 0x00000000a2300000| Complete 
| 548|0x00000000a2400000, 0x00000000a2500000, 0x00000000a2500000|100%| E|CS|TAMS 0x00000000a2400000| PB 0x00000000a2400000| Complete 
| 549|0x00000000a2500000, 0x00000000a2600000, 0x00000000a2600000|100%| E|CS|TAMS 0x00000000a2500000| PB 0x00000000a2500000| Complete 
| 550|0x00000000a2600000, 0x00000000a2700000, 0x00000000a2700000|100%| E|CS|TAMS 0x00000000a2600000| PB 0x00000000a2600000| Complete 
|2030|0x00000000fee00000, 0x00000000fef00000, 0x00000000fef00000|100%| E|CS|TAMS 0x00000000fee00000| PB 0x00000000fee00000| Complete 
|2031|0x00000000fef00000, 0x00000000ff000000, 0x00000000ff000000|100%| E|CS|TAMS 0x00000000fef00000| PB 0x00000000fef00000| Complete 
|2032|0x00000000ff000000, 0x00000000ff100000, 0x00000000ff100000|100%| O|  |TAMS 0x00000000ff000000| PB 0x00000000ff000000| Untracked 
|2033|0x00000000ff100000, 0x00000000ff200000, 0x00000000ff200000|100%| O|  |TAMS 0x00000000ff100000| PB 0x00000000ff100000| Untracked 
|2034|0x00000000ff200000, 0x00000000ff300000, 0x00000000ff300000|100%| O|  |TAMS 0x00000000ff200000| PB 0x00000000ff200000| Untracked 
|2035|0x00000000ff300000, 0x00000000ff400000, 0x00000000ff400000|100%| E|CS|TAMS 0x00000000ff300000| PB 0x00000000ff300000| Complete 
|2036|0x00000000ff400000, 0x00000000ff500000, 0x00000000ff500000|100%| E|CS|TAMS 0x00000000ff400000| PB 0x00000000ff400000| Complete 
|2037|0x00000000ff500000, 0x00000000ff600000, 0x00000000ff600000|100%| O|  |TAMS 0x00000000ff500000| PB 0x00000000ff500000| Untracked 
|2038|0x00000000ff600000, 0x00000000ff700000, 0x00000000ff700000|100%| O|  |TAMS 0x00000000ff600000| PB 0x00000000ff600000| Untracked 
|2039|0x00000000ff700000, 0x00000000ff800000, 0x00000000ff800000|100%| O|  |TAMS 0x00000000ff700000| PB 0x00000000ff700000| Untracked 
|2040|0x00000000ff800000, 0x00000000ff900000, 0x00000000ff900000|100%| O|  |TAMS 0x00000000ff800000| PB 0x00000000ff800000| Untracked 
|2041|0x00000000ff900000, 0x00000000ffa00000, 0x00000000ffa00000|100%| E|CS|TAMS 0x00000000ff900000| PB 0x00000000ff900000| Complete 
|2042|0x00000000ffa00000, 0x00000000ffb00000, 0x00000000ffb00000|100%| E|CS|TAMS 0x00000000ffa00000| PB 0x00000000ffa00000| Complete 
|2043|0x00000000ffb00000, 0x00000000ffc00000, 0x00000000ffc00000|100%| O|  |TAMS 0x00000000ffb00000| PB 0x00000000ffb00000| Untracked 
|2044|0x00000000ffc00000, 0x00000000ffd00000, 0x00000000ffd00000|100%| E|CS|TAMS 0x00000000ffc00000| PB 0x00000000ffc00000| Complete 
|2045|0x00000000ffd00000, 0x00000000ffe00000, 0x00000000ffe00000|100%| O|  |TAMS 0x00000000ffd00000| PB 0x00000000ffd00000| Untracked 
|2046|0x00000000ffe00000, 0x00000000fff00000, 0x00000000fff00000|100%| O|  |TAMS 0x00000000ffe00000| PB 0x00000000ffe00000| Untracked 
|2047|0x00000000fff00000, 0x0000000100000000, 0x0000000100000000|100%| E|CS|TAMS 0x00000000fff00000| PB 0x00000000fff00000| Complete 

Card table byte_map: [0x000002c5fe950000,0x000002c5fed50000] _byte_map_base: 0x000002c5fe550000

Marking Bits: (CMBitMap*) 0x000002c5e4d4eb00
 Bits: [0x000002c580000000, 0x000002c582000000)

Polling page: 0x000002c5e4a90000

Metaspace:

Usage:
  Non-class:    109.89 MB used.
      Class:     17.95 MB used.
       Both:    127.85 MB used.

Virtual space:
  Non-class space:      128.00 MB reserved,     111.56 MB ( 87%) committed,  2 nodes.
      Class space:      416.00 MB reserved,      19.44 MB (  5%) committed,  1 nodes.
             Both:      544.00 MB reserved,     131.00 MB ( 24%) committed. 

Chunk freelists:
   Non-Class:  15.86 MB
       Class:  12.51 MB
        Both:  28.37 MB

MaxMetaspaceSize: 512.00 MB
CompressedClassSpaceSize: 416.00 MB
Initial GC threshold: 21.00 MB
Current GC threshold: 213.06 MB
CDS: on
 - commit_granule_bytes: 65536.
 - commit_granule_words: 8192.
 - virtual_space_node_default_size: 8388608.
 - enlarge_chunks_in_place: 1.
 - use_allocation_guard: 0.


Internal statistics:

num_allocs_failed_limit: 12.
num_arena_births: 5012.
num_arena_deaths: 0.
num_vsnodes_births: 3.
num_vsnodes_deaths: 0.
num_space_committed: 2096.
num_space_uncommitted: 0.
num_chunks_returned_to_freelist: 12.
num_chunks_taken_from_freelist: 11475.
num_chunk_merges: 12.
num_chunk_splits: 7378.
num_chunks_enlarged: 4606.
num_inconsistent_stats: 0.

CodeHeap 'non-profiled nmethods': size=120000Kb used=14651Kb max_used=14651Kb free=105349Kb
 bounds [0x000002c5f65b0000, 0x000002c5f7400000, 0x000002c5fdae0000]
CodeHeap 'profiled nmethods': size=120000Kb used=34843Kb max_used=34843Kb free=85156Kb
 bounds [0x000002c5eeae0000, 0x000002c5f0cf0000, 0x000002c5f6010000]
CodeHeap 'non-nmethods': size=5760Kb used=2787Kb max_used=2878Kb free=2973Kb
 bounds [0x000002c5f6010000, 0x000002c5f62f0000, 0x000002c5f65b0000]
CodeCache: size=245760Kb, used=52281Kb, max_used=52372Kb, free=193478Kb
 total_blobs=19536, nmethods=18500, adapters=939, full_count=0
Compilation: enabled, stopped_count=0, restarted_count=0

Compilation events (20 events):
Event: 121.129 Thread 0x000002c5ff82fff0 nmethod 22223 0x000002c5f73fd090 code [0x000002c5f73fd220, 0x000002c5f73fd2e8]
Event: 121.129 Thread 0x000002c5ff82fff0 22224       1       com.sun.management.internal.PlatformMBeanProviderImpl$1::mbeanInterfaceNames (5 bytes)
Event: 121.129 Thread 0x000002c5ff82fff0 nmethod 22224 0x000002c5f73fd390 code [0x000002c5f73fd520, 0x000002c5f73fd5e8]
Event: 122.137 Thread 0x000002c5ff82fff0 22225       3       java.util.concurrent.ScheduledThreadPoolExecutor$ScheduledFutureTask::getDelay (16 bytes)
Event: 122.138 Thread 0x000002c5ff82fff0 nmethod 22225 0x000002c5f0ce5c10 code [0x000002c5f0ce5dc0, 0x000002c5f0ce5f58]
Event: 124.127 Thread 0x000002c5ff82fff0 22226       1       com.sun.management.internal.PlatformMBeanProviderImpl$4::mbeanInterfaceNames (5 bytes)
Event: 124.127 Thread 0x000002c5ff82fff0 nmethod 22226 0x000002c5f73fd690 code [0x000002c5f73fd820, 0x000002c5f73fd8e8]
Event: 124.127 Thread 0x000002c5ff82fff0 22227       1       java.lang.management.DefaultPlatformMBeanProvider$10::mbeanInterfaceNames (5 bytes)
Event: 124.127 Thread 0x000002c5ff82fff0 nmethod 22227 0x000002c5f73fd990 code [0x000002c5f73fdb20, 0x000002c5f73fdbe8]
Event: 124.620 Thread 0x000002c5ff82fff0 22228       3       java.util.concurrent.LinkedBlockingDeque$AbstractItr::hasNext (13 bytes)
Event: 124.623 Thread 0x000002c5ff82fff0 nmethod 22228 0x000002c5f0ce6010 code [0x000002c5f0ce61a0, 0x000002c5f0ce6300]
Event: 126.137 Thread 0x000002c5ff82fff0 22229       3       java.lang.management.ManagementFactory$PlatformMBeanFinder::getMap (4 bytes)
Event: 126.137 Thread 0x000002c5ff82fff0 nmethod 22229 0x000002c5f00b6c90 code [0x000002c5f00b6e20, 0x000002c5f00b6f18]
Event: 128.138 Thread 0x000002c5ff82c290 22230       4       java.util.Collections$SingletonSet::contains (9 bytes)
Event: 128.140 Thread 0x000002c5ff82c290 nmethod 22230 0x000002c5f73fdc90 code [0x000002c5f73fde20, 0x000002c5f73fdef0]
Event: 129.137 Thread 0x000002c5ff82fff0 22231       3       javax.management.ObjectName::addProperty (80 bytes)
Event: 129.138 Thread 0x000002c5ff82fff0 nmethod 22231 0x000002c5f0ce6390 code [0x000002c5f0ce65c0, 0x000002c5f0ce6d58]
Event: 132.130 Thread 0x000002c5ff82c290 22233       4       javax.management.ObjectName::construct (1135 bytes)
Event: 133.140 Thread 0x000002c5ff82fff0 22235       1       org.gradle.launcher.daemon.server.health.gc.GarbageCollectionEvent::getCount (5 bytes)
Event: 133.140 Thread 0x000002c5ff82fff0 nmethod 22235 0x000002c5f73fe910 code [0x000002c5f73feaa0, 0x000002c5f73feb68]

GC Heap History (20 events):
Event: 76.254 GC heap before
{Heap before GC invocations=67 (full 0):
 garbage-first heap   total 380928K, used 345353K [0x0000000080000000, 0x0000000100000000)
  region size 1024K, 102 young (104448K), 12 survivors (12288K)
 Metaspace       used 120466K, committed 123584K, reserved 557056K
  class space    used 17074K, committed 18560K, reserved 425984K
}
Event: 76.269 GC heap after
{Heap after GC invocations=68 (full 0):
 garbage-first heap   total 380928K, used 259663K [0x0000000080000000, 0x0000000100000000)
  region size 1024K, 6 young (6144K), 6 survivors (6144K)
 Metaspace       used 120466K, committed 123584K, reserved 557056K
  class space    used 17074K, committed 18560K, reserved 425984K
}
Event: 77.558 GC heap before
{Heap before GC invocations=69 (full 0):
 garbage-first heap   total 434176K, used 350799K [0x0000000080000000, 0x0000000100000000)
  region size 1024K, 95 young (97280K), 6 survivors (6144K)
 Metaspace       used 121075K, committed 124160K, reserved 557056K
  class space    used 17164K, committed 18624K, reserved 425984K
}
Event: 77.578 GC heap after
{Heap after GC invocations=70 (full 0):
 garbage-first heap   total 434176K, used 274871K [0x0000000080000000, 0x0000000100000000)
  region size 1024K, 12 young (12288K), 12 survivors (12288K)
 Metaspace       used 121075K, committed 124160K, reserved 557056K
  class space    used 17164K, committed 18624K, reserved 425984K
}
Event: 78.551 GC heap before
{Heap before GC invocations=70 (full 0):
 garbage-first heap   total 434176K, used 382391K [0x0000000080000000, 0x0000000100000000)
  region size 1024K, 117 young (119808K), 12 survivors (12288K)
 Metaspace       used 121243K, committed 124416K, reserved 557056K
  class space    used 17185K, committed 18688K, reserved 425984K
}
Event: 78.571 GC heap after
{Heap after GC invocations=71 (full 0):
 garbage-first heap   total 434176K, used 283251K [0x0000000080000000, 0x0000000100000000)
  region size 1024K, 7 young (7168K), 7 survivors (7168K)
 Metaspace       used 121243K, committed 124416K, reserved 557056K
  class space    used 17185K, committed 18688K, reserved 425984K
}
Event: 79.750 GC heap before
{Heap before GC invocations=71 (full 0):
 garbage-first heap   total 434176K, used 390771K [0x0000000080000000, 0x0000000100000000)
  region size 1024K, 113 young (115712K), 7 survivors (7168K)
 Metaspace       used 121505K, committed 124672K, reserved 557056K
  class space    used 17218K, committed 18688K, reserved 425984K
}
Event: 79.771 GC heap after
{Heap after GC invocations=72 (full 0):
 garbage-first heap   total 434176K, used 288332K [0x0000000080000000, 0x0000000100000000)
  region size 1024K, 13 young (13312K), 13 survivors (13312K)
 Metaspace       used 121505K, committed 124672K, reserved 557056K
  class space    used 17218K, committed 18688K, reserved 425984K
}
Event: 83.169 GC heap before
{Heap before GC invocations=72 (full 0):
 garbage-first heap   total 434176K, used 395852K [0x0000000080000000, 0x0000000100000000)
  region size 1024K, 118 young (120832K), 13 survivors (13312K)
 Metaspace       used 125880K, committed 129024K, reserved 557056K
  class space    used 17832K, committed 19328K, reserved 425984K
}
Event: 83.201 GC heap after
{Heap after GC invocations=73 (full 0):
 garbage-first heap   total 434176K, used 299008K [0x0000000080000000, 0x0000000100000000)
  region size 1024K, 15 young (15360K), 15 survivors (15360K)
 Metaspace       used 125880K, committed 129024K, reserved 557056K
  class space    used 17832K, committed 19328K, reserved 425984K
}
Event: 86.093 GC heap before
{Heap before GC invocations=74 (full 0):
 garbage-first heap   total 498688K, used 401408K [0x0000000080000000, 0x0000000100000000)
  region size 1024K, 115 young (117760K), 15 survivors (15360K)
 Metaspace       used 127079K, committed 130240K, reserved 557056K
  class space    used 17945K, committed 19456K, reserved 425984K
}
Event: 86.157 GC heap after
{Heap after GC invocations=75 (full 0):
 garbage-first heap   total 498688K, used 322254K [0x0000000080000000, 0x0000000100000000)
  region size 1024K, 15 young (15360K), 15 survivors (15360K)
 Metaspace       used 127079K, committed 130240K, reserved 557056K
  class space    used 17945K, committed 19456K, reserved 425984K
}
Event: 88.131 GC heap before
{Heap before GC invocations=75 (full 0):
 garbage-first heap   total 498688K, used 442062K [0x0000000080000000, 0x0000000100000000)
  region size 1024K, 132 young (135168K), 15 survivors (15360K)
 Metaspace       used 127517K, committed 130688K, reserved 557056K
  class space    used 17976K, committed 19520K, reserved 425984K
}
Event: 88.160 GC heap after
{Heap after GC invocations=76 (full 0):
 garbage-first heap   total 498688K, used 332597K [0x0000000080000000, 0x0000000100000000)
  region size 1024K, 14 young (14336K), 14 survivors (14336K)
 Metaspace       used 127517K, committed 130688K, reserved 557056K
  class space    used 17976K, committed 19520K, reserved 425984K
}
Event: 89.696 GC heap before
{Heap before GC invocations=76 (full 0):
 garbage-first heap   total 498688K, used 450357K [0x0000000080000000, 0x0000000100000000)
  region size 1024K, 129 young (132096K), 14 survivors (14336K)
 Metaspace       used 127690K, committed 130880K, reserved 557056K
  class space    used 17985K, committed 19520K, reserved 425984K
}
Event: 89.778 GC heap after
{Heap after GC invocations=77 (full 0):
 garbage-first heap   total 498688K, used 349184K [0x0000000080000000, 0x0000000100000000)
  region size 1024K, 16 young (16384K), 16 survivors (16384K)
 Metaspace       used 127690K, committed 130880K, reserved 557056K
  class space    used 17985K, committed 19520K, reserved 425984K
}
Event: 91.729 GC heap before
{Heap before GC invocations=78 (full 0):
 garbage-first heap   total 582656K, used 457728K [0x0000000080000000, 0x0000000100000000)
  region size 1024K, 122 young (124928K), 16 survivors (16384K)
 Metaspace       used 130161K, committed 133440K, reserved 557056K
  class space    used 18275K, committed 19840K, reserved 425984K
}
Event: 91.755 GC heap after
{Heap after GC invocations=79 (full 0):
 garbage-first heap   total 582656K, used 358401K [0x0000000080000000, 0x0000000100000000)
  region size 1024K, 10 young (10240K), 10 survivors (10240K)
 Metaspace       used 130161K, committed 133440K, reserved 557056K
  class space    used 18275K, committed 19840K, reserved 425984K
}
Event: 96.549 GC heap before
{Heap before GC invocations=79 (full 0):
 garbage-first heap   total 582656K, used 518145K [0x0000000080000000, 0x0000000100000000)
  region size 1024K, 167 young (171008K), 10 survivors (10240K)
 Metaspace       used 130849K, committed 134080K, reserved 557056K
  class space    used 18374K, committed 19904K, reserved 425984K
}
Event: 96.596 GC heap after
{Heap after GC invocations=80 (full 0):
 garbage-first heap   total 582656K, used 367616K [0x0000000080000000, 0x0000000100000000)
  region size 1024K, 21 young (21504K), 21 survivors (21504K)
 Metaspace       used 130849K, committed 134080K, reserved 557056K
  class space    used 18374K, committed 19904K, reserved 425984K
}

Dll operation events (20 events):
Event: 0.327 Attempting to load shared library C:\Program Files\Eclipse Adoptium\jdk-21.0.12.8-hotspot\bin\nio.dll
Event: 0.328 Loaded shared library C:\Program Files\Eclipse Adoptium\jdk-21.0.12.8-hotspot\bin\nio.dll
Event: 0.333 Attempting to load shared library C:\Program Files\Eclipse Adoptium\jdk-21.0.12.8-hotspot\bin\zip.dll
Event: 0.333 Loaded shared library C:\Program Files\Eclipse Adoptium\jdk-21.0.12.8-hotspot\bin\zip.dll
Event: 0.846 Attempting to load shared library C:\Program Files\Eclipse Adoptium\jdk-21.0.12.8-hotspot\bin\jimage.dll
Event: 0.846 Loaded shared library C:\Program Files\Eclipse Adoptium\jdk-21.0.12.8-hotspot\bin\jimage.dll
Event: 1.158 Attempting to load shared library C:\Program Files\Eclipse Adoptium\jdk-21.0.12.8-hotspot\bin\verify.dll
Event: 1.160 Loaded shared library C:\Program Files\Eclipse Adoptium\jdk-21.0.12.8-hotspot\bin\verify.dll
Event: 1.459 Attempting to load shared library C:\Users\hp\.gradle\native\c067742578af261105cb4f569cf0c3c89f3d7b1fecec35dd04571415982c5e48\windows-amd64\native-platform.dll
Event: 1.461 Loaded shared library C:\Users\hp\.gradle\native\c067742578af261105cb4f569cf0c3c89f3d7b1fecec35dd04571415982c5e48\windows-amd64\native-platform.dll
Event: 1.475 Attempting to load shared library C:\Users\hp\.gradle\native\100fb08df4bc3b14c8652ba06237920a3bd2aa13389f12d3474272988ae205f9\windows-amd64\native-platform-file-events.dll
Event: 1.486 Loaded shared library C:\Users\hp\.gradle\native\100fb08df4bc3b14c8652ba06237920a3bd2aa13389f12d3474272988ae205f9\windows-amd64\native-platform-file-events.dll
Event: 4.060 Attempting to load shared library C:\Program Files\Eclipse Adoptium\jdk-21.0.12.8-hotspot\bin\management.dll
Event: 4.060 Loaded shared library C:\Program Files\Eclipse Adoptium\jdk-21.0.12.8-hotspot\bin\management.dll
Event: 4.064 Attempting to load shared library C:\Program Files\Eclipse Adoptium\jdk-21.0.12.8-hotspot\bin\management_ext.dll
Event: 4.065 Loaded shared library C:\Program Files\Eclipse Adoptium\jdk-21.0.12.8-hotspot\bin\management_ext.dll
Event: 4.412 Attempting to load shared library C:\Program Files\Eclipse Adoptium\jdk-21.0.12.8-hotspot\bin\extnet.dll
Event: 4.413 Loaded shared library C:\Program Files\Eclipse Adoptium\jdk-21.0.12.8-hotspot\bin\extnet.dll
Event: 4.641 Attempting to load shared library C:\Program Files\Eclipse Adoptium\jdk-21.0.12.8-hotspot\bin\sunmscapi.dll
Event: 4.838 Loaded shared library C:\Program Files\Eclipse Adoptium\jdk-21.0.12.8-hotspot\bin\sunmscapi.dll

Deoptimization events (20 events):
Event: 98.183 Thread 0x000002c5a8da2f30 DEOPT PACKING pc=0x000002c5f73e8520 sp=0x000000cbbd8fbc80
Event: 98.183 Thread 0x000002c5a8da2f30 DEOPT UNPACKING pc=0x000002c5f6064422 sp=0x000000cbbd8fbc20 mode 2
Event: 98.189 Thread 0x000002c5a8da2f30 Uncommon trap: trap_request=0xffffff6e fr.pc=0x000002c5f73e99c4 relative=0x0000000000000404
Event: 98.189 Thread 0x000002c5a8da2f30 Uncommon trap: reason=loop_limit_check action=maybe_recompile pc=0x000002c5f73e99c4 method=org.gradle.api.internal.file.pattern.GreedyPathMatcher.matches([Ljava/lang/String;I)Z @ 34 c2
Event: 98.189 Thread 0x000002c5a8da2f30 DEOPT PACKING pc=0x000002c5f73e99c4 sp=0x000000cbbd8fbac0
Event: 98.189 Thread 0x000002c5a8da2f30 DEOPT UNPACKING pc=0x000002c5f6064422 sp=0x000000cbbd8fb9f0 mode 2
Event: 98.215 Thread 0x000002c5a8da2f30 Uncommon trap: trap_request=0xffffff45 fr.pc=0x000002c5f6b327b4 relative=0x0000000000000094
Event: 98.215 Thread 0x000002c5a8da2f30 Uncommon trap: reason=unstable_if action=reinterpret pc=0x000002c5f6b327b4 method=org.gradle.internal.hash.HashCode$HashCode128.equals(Ljava/lang/Object;)Z @ 2 c2
Event: 98.215 Thread 0x000002c5a8da2f30 DEOPT PACKING pc=0x000002c5f6b327b4 sp=0x000000cbbd8fc0a0
Event: 98.215 Thread 0x000002c5a8da2f30 DEOPT UNPACKING pc=0x000002c5f6064422 sp=0x000000cbbd8fc040 mode 2
Event: 98.221 Thread 0x000002c5a8da2f30 Uncommon trap: trap_request=0xffffffd6 fr.pc=0x000002c5f6d1e124 relative=0x0000000000000804
Event: 98.221 Thread 0x000002c5a8da2f30 Uncommon trap: reason=array_check action=maybe_recompile pc=0x000002c5f6d1e124 method=com.google.common.collect.ImmutableList.copyIntoArray([Ljava/lang/Object;I)I @ 25 c2
Event: 98.222 Thread 0x000002c5a8da2f30 DEOPT PACKING pc=0x000002c5f6d1e124 sp=0x000000cbbd8fc370
Event: 98.222 Thread 0x000002c5a8da2f30 DEOPT UNPACKING pc=0x000002c5f6064422 sp=0x000000cbbd8fc328 mode 2
Event: 106.532 Thread 0x000002c5a540af80 Uncommon trap: trap_request=0xffffff45 fr.pc=0x000002c5f67941f4 relative=0x00000000000002d4
Event: 106.532 Thread 0x000002c5a540af80 Uncommon trap: reason=unstable_if action=reinterpret pc=0x000002c5f67941f4 method=org.gradle.internal.logging.text.AbstractLineChoppingStyledTextOutput$2.execute(Lorg/gradle/internal/logging/text/AbstractLineChoppingStyledTextOutput$StateContext;)V @ 34 c
Event: 106.532 Thread 0x000002c5a540af80 DEOPT PACKING pc=0x000002c5f67941f4 sp=0x000000cbbd7fe490
Event: 106.532 Thread 0x000002c5a540af80 DEOPT UNPACKING pc=0x000002c5f6064422 sp=0x000000cbbd7fe450 mode 2
Event: 132.130 Thread 0x000002c5a451a320 DEOPT PACKING pc=0x000002c5ef50b41e sp=0x000000cbb97fe820
Event: 132.131 Thread 0x000002c5a451a320 DEOPT UNPACKING pc=0x000002c5f6064bc2 sp=0x000000cbb97fdd60 mode 0

Classes loaded (20 events):
Event: 91.412 Loading class java/net/URL$ThreadTrackHolder
Event: 91.413 Loading class java/net/URL$ThreadTrackHolder done
Event: 91.413 Loading class java/net/URL$2
Event: 91.413 Loading class java/net/URL$2 done
Event: 91.413 Loading class java/net/URL$1
Event: 91.414 Loading class java/net/URL$1 done
Event: 91.414 Loading class java/net/spi/URLStreamHandlerProvider
Event: 91.414 Loading class java/net/spi/URLStreamHandlerProvider done
Event: 91.422 Loading class sun/net/www/protocol/http/Handler
Event: 91.423 Loading class sun/net/www/protocol/http/Handler done
Event: 91.430 Loading class javax/crypto/JceSecurity$WeakIdentityWrapper
Event: 91.430 Loading class javax/crypto/JceSecurity$WeakIdentityWrapper done
Event: 91.430 Loading class javax/crypto/JceSecurity$2
Event: 91.430 Loading class javax/crypto/JceSecurity$2 done
Event: 91.430 Loading class javax/crypto/JceSecurity$3
Event: 91.431 Loading class javax/crypto/JceSecurity$3 done
Event: 91.431 Loading class javax/crypto/ProviderVerifier
Event: 91.431 Loading class javax/crypto/ProviderVerifier done
Event: 122.340 Loading class java/time/Instant$1
Event: 122.343 Loading class java/time/Instant$1 done

Classes unloaded (0 events):
No events

Classes redefined (0 events):
No events

Internal exceptions (20 events):
Event: 85.510 Thread 0x000002c5a46a5080 Exception <a 'java/lang/ClassNotFoundException'{0x000000009901cc80}: org/gradle/api/tasks/AbstractExecTaskBeanInfo> (0x000000009901cc80) 
thrown [s\src\hotspot\share\classfile\systemDictionary.cpp, line 313]
Event: 85.511 Thread 0x000002c5a46a5080 Exception <a 'java/lang/ClassNotFoundException'{0x00000000990273d8}: org/gradle/api/tasks/AbstractExecTaskCustomizer> (0x00000000990273d8) 
thrown [s\src\hotspot\share\classfile\systemDictionary.cpp, line 313]
Event: 85.514 Thread 0x000002c5a46a5080 Exception <a 'java/lang/ClassNotFoundException'{0x000000009906a440}: org/gradle/api/tasks/ExecCustomizer> (0x000000009906a440) 
thrown [s\src\hotspot\share\classfile\systemDictionary.cpp, line 313]
Event: 85.515 Thread 0x000002c5a46a5080 Exception <a 'java/lang/ClassNotFoundException'{0x00000000990877f0}: org/gradle/api/tasks/Exec_DecoratedCustomizer> (0x00000000990877f0) 
thrown [s\src\hotspot\share\classfile\systemDictionary.cpp, line 313]
Event: 85.796 Thread 0x000002c5a46a5080 Exception <a 'sun/nio/fs/WindowsException'{0x0000000098017810}> (0x0000000098017810) 
thrown [s\src\hotspot\share\prims\jni.cpp, line 520]
Event: 85.796 Thread 0x000002c5a46a5080 Exception <a 'sun/nio/fs/WindowsException'{0x0000000098018e70}> (0x0000000098018e70) 
thrown [s\src\hotspot\share\prims\jni.cpp, line 520]
Event: 85.796 Thread 0x000002c5a46a5080 Exception <a 'sun/nio/fs/WindowsException'{0x000000009801a520}> (0x000000009801a520) 
thrown [s\src\hotspot\share\prims\jni.cpp, line 520]
Event: 85.796 Thread 0x000002c5a46a5080 Exception <a 'sun/nio/fs/WindowsException'{0x000000009801bbd0}> (0x000000009801bbd0) 
thrown [s\src\hotspot\share\prims\jni.cpp, line 520]
Event: 86.229 Thread 0x000002c5a46a5080 Implicit null exception at 0x000002c5f7165ee6 to 0x000002c5f716ac78
Event: 86.232 Thread 0x000002c5a46a5080 Implicit null exception at 0x000002c5f7165ee6 to 0x000002c5f716ac78
Event: 86.313 Thread 0x000002c5a46a5080 Implicit null exception at 0x000002c5f7165ee6 to 0x000002c5f716ac78
Event: 87.444 Thread 0x000002c5a46a5080 Exception <a 'java/lang/ClassNotFoundException'{0x0000000098f1cf90}: com/google/devtools/ksp/gradle/KspTaskJvm_DecoratedBeanInfo> (0x0000000098f1cf90) 
thrown [s\src\hotspot\share\classfile\systemDictionary.cpp, line 313]
Event: 87.445 Thread 0x000002c5a46a5080 Exception <a 'java/lang/ClassNotFoundException'{0x0000000098f2d9b8}: com/google/devtools/ksp/gradle/KspTaskJvmBeanInfo> (0x0000000098f2d9b8) 
thrown [s\src\hotspot\share\classfile\systemDictionary.cpp, line 313]
Event: 87.446 Thread 0x000002c5a46a5080 Exception <a 'java/lang/ClassNotFoundException'{0x0000000098f3e3e8}: com/google/devtools/ksp/gradle/KspTaskJvmCustomizer> (0x0000000098f3e3e8) 
thrown [s\src\hotspot\share\classfile\systemDictionary.cpp, line 313]
Event: 87.448 Thread 0x000002c5a46a5080 Exception <a 'java/lang/ClassNotFoundException'{0x0000000098f7cd68}: com/google/devtools/ksp/gradle/KspTaskJvm_DecoratedCustomizer> (0x0000000098f7cd68) 
thrown [s\src\hotspot\share\classfile\systemDictionary.cpp, line 313]
Event: 87.462 Thread 0x000002c5a46a5080 Exception <a 'java/lang/NoSuchMethodError'{0x0000000098e79618}: 'java.lang.Object java.lang.invoke.DirectMethodHandle$Holder.invokeStatic(java.lang.Object, java.lang.Object, java.lang.Object, java.lang.Object, java.lang.Object, int, java.lang.Object)'> (0x0000000098e79618) 
thrown [s\src\hotspot\share\interpreter\linkResolver.cpp, line 773]
Event: 87.464 Thread 0x000002c5a46a5080 Exception <a 'java/lang/NoSuchMethodError'{0x0000000098e83310}: 'java.lang.Object java.lang.invoke.DirectMethodHandle$Holder.newInvokeSpecial(java.lang.Object, java.lang.Object, java.lang.Object, java.lang.Object, java.lang.Object, int, java.lang.Object)'> (0x0000000098e83310) 
thrown [s\src\hotspot\share\interpreter\linkResolver.cpp, line 773]
Event: 87.466 Thread 0x000002c5a46a5080 Exception <a 'java/lang/NoSuchMethodError'{0x0000000098e8b688}: 'java.lang.Object java.lang.invoke.Invokers$Holder.linkToTargetMethod(java.lang.Object, java.lang.Object, java.lang.Object, java.lang.Object, int, java.lang.Object, java.lang.Object)'> (0x0000000098e8b688) 
thrown [s\src\hotspot\share\interpreter\linkResolver.cpp, line 773]
Event: 91.385 Thread 0x000002c5a46a5080 Exception <a 'sun/nio/fs/WindowsException'{0x000000009f949098}> (0x000000009f949098) 
thrown [s\src\hotspot\share\prims\jni.cpp, line 520]
Event: 92.502 Thread 0x000002c5a8da2f30 Exception <a 'java/lang/NoSuchMethodError'{0x000000009f881900}: static Lcom/android/build/api/variant/BuildConfigField;.<clinit>()V> (0x000000009f881900) 
thrown [s\src\hotspot\share\prims\jni.cpp, line 1111]

ZGC Phase Switch (0 events):
No events

VM Operations (20 events):
Event: 96.549 Executing safepoint VM operation: G1CollectForAllocation (G1 Evacuation Pause)
Event: 96.596 Executing safepoint VM operation: G1CollectForAllocation (G1 Evacuation Pause) done
Event: 97.600 Executing safepoint VM operation: Cleanup
Event: 97.600 Executing safepoint VM operation: Cleanup done
Event: 98.175 Executing non-safepoint VM operation: HandshakeAllThreads (Deoptimize)
Event: 98.176 Executing non-safepoint VM operation: HandshakeAllThreads (Deoptimize) done
Event: 99.183 Executing safepoint VM operation: Cleanup
Event: 99.183 Executing safepoint VM operation: Cleanup done
Event: 106.263 Executing safepoint VM operation: Cleanup
Event: 106.263 Executing safepoint VM operation: Cleanup done
Event: 107.267 Executing safepoint VM operation: Cleanup
Event: 107.267 Executing safepoint VM operation: Cleanup done
Event: 110.286 Executing safepoint VM operation: Cleanup
Event: 110.286 Executing safepoint VM operation: Cleanup done
Event: 120.472 Executing non-safepoint VM operation: HandshakeAllThreads (HandshakeForDeflation)
Event: 120.473 Executing non-safepoint VM operation: HandshakeAllThreads (HandshakeForDeflation) done
Event: 120.473 Executing non-safepoint VM operation: RendezvousGCThreads
Event: 120.473 Executing non-safepoint VM operation: RendezvousGCThreads done
Event: 125.515 Executing safepoint VM operation: Cleanup
Event: 125.515 Executing safepoint VM operation: Cleanup done

Memory protections (0 events):
No events

Nmethod flushes (20 events):
Event: 90.427 Thread 0x000002c5ff7ee170 flushing  nmethod 0x000002c5ef569310
Event: 90.427 Thread 0x000002c5ff7ee170 flushing  nmethod 0x000002c5ef569910
Event: 90.427 Thread 0x000002c5ff7ee170 flushing  nmethod 0x000002c5ef597590
Event: 90.427 Thread 0x000002c5ff7ee170 flushing  nmethod 0x000002c5ef61b010
Event: 90.427 Thread 0x000002c5ff7ee170 flushing  nmethod 0x000002c5ef6aa790
Event: 90.427 Thread 0x000002c5ff7ee170 flushing  nmethod 0x000002c5ef6ad610
Event: 90.427 Thread 0x000002c5ff7ee170 flushing  nmethod 0x000002c5ef7fbf10
Event: 90.427 Thread 0x000002c5ff7ee170 flushing  nmethod 0x000002c5ef8e8510
Event: 90.427 Thread 0x000002c5ff7ee170 flushing  nmethod 0x000002c5ef9e2590
Event: 90.427 Thread 0x000002c5ff7ee170 flushing  nmethod 0x000002c5efa08090
Event: 90.427 Thread 0x000002c5ff7ee170 flushing  nmethod 0x000002c5efa8a410
Event: 90.427 Thread 0x000002c5ff7ee170 flushing  nmethod 0x000002c5efaba590
Event: 90.427 Thread 0x000002c5ff7ee170 flushing  nmethod 0x000002c5efda3090
Event: 90.427 Thread 0x000002c5ff7ee170 flushing  nmethod 0x000002c5efe02990
Event: 90.427 Thread 0x000002c5ff7ee170 flushing  nmethod 0x000002c5eff6ad90
Event: 90.427 Thread 0x000002c5ff7ee170 flushing  nmethod 0x000002c5f0069890
Event: 90.427 Thread 0x000002c5ff7ee170 flushing  nmethod 0x000002c5f00b6c90
Event: 90.427 Thread 0x000002c5ff7ee170 flushing  nmethod 0x000002c5f055a110
Event: 90.427 Thread 0x000002c5ff7ee170 flushing  nmethod 0x000002c5f07c4490
Event: 90.427 Thread 0x000002c5ff7ee170 flushing  nmethod 0x000002c5f07d7890

Events (20 events):
Event: 36.803 Thread 0x000002c5a8795530 Thread exited: 0x000002c5a8795530
Event: 40.523 Thread 0x000002c5ff82fff0 Thread added: 0x000002c5a87962d0
Event: 40.730 Thread 0x000002c5a87962d0 Thread exited: 0x000002c5a87962d0
Event: 40.953 Thread 0x000002c5a46a5080 Thread added: 0x000002c5a99aec70
Event: 41.972 Thread 0x000002c5ff82fff0 Thread added: 0x000002c5a87962d0
Event: 42.845 Thread 0x000002c5a87962d0 Thread exited: 0x000002c5a87962d0
Event: 43.283 Thread 0x000002c5ff82c290 Thread added: 0x000002c5a87962d0
Event: 44.625 Thread 0x000002c5a87962d0 Thread exited: 0x000002c5a87962d0
Event: 44.856 Thread 0x000002c5ff82c290 Thread added: 0x000002c5a87962d0
Event: 45.574 Thread 0x000002c5a87962d0 Thread exited: 0x000002c5a87962d0
Event: 46.738 Thread 0x000002c5ff82fff0 Thread added: 0x000002c5a87962d0
Event: 47.144 Thread 0x000002c5a87962d0 Thread exited: 0x000002c5a87962d0
Event: 47.195 Thread 0x000002c5ff82fff0 Thread added: 0x000002c5a4b0dcc0
Event: 48.132 Thread 0x000002c5a4b0dcc0 Thread exited: 0x000002c5a4b0dcc0
Event: 75.650 Thread 0x000002c5ff82c290 Thread added: 0x000002c5a994ecd0
Event: 83.262 Thread 0x000002c5a994ecd0 Thread exited: 0x000002c5a994ecd0
Event: 83.291 Thread 0x000002c5ff82fff0 Thread added: 0x000002c5a994ecd0
Event: 92.364 Thread 0x000002c5a8da3c50 Thread added: 0x000002c5b0947290
Event: 92.598 Thread 0x000002c5a89a6a30 Thread exited: 0x000002c5a89a6a30
Event: 93.803 Thread 0x000002c5a994ecd0 Thread exited: 0x000002c5a994ecd0


Dynamic libraries:
0x00007ff6b8a30000 - 0x00007ff6b8a3e000 	C:\Program Files\Eclipse Adoptium\jdk-21.0.12.8-hotspot\bin\java.exe
0x00007ff92f780000 - 0x00007ff92f9e6000 	C:\WINDOWS\SYSTEM32\ntdll.dll
0x00007ff92d700000 - 0x00007ff92d7c9000 	C:\WINDOWS\System32\KERNEL32.DLL
0x00007ff92cd10000 - 0x00007ff92d10f000 	C:\WINDOWS\System32\KERNELBASE.dll
0x00007ff92d2c0000 - 0x00007ff92d40c000 	C:\WINDOWS\System32\ucrtbase.dll
0x00007ff91abe0000 - 0x00007ff91abf8000 	C:\Program Files\Eclipse Adoptium\jdk-21.0.12.8-hotspot\bin\jli.dll
0x00007ff91ab40000 - 0x00007ff91ab5e000 	C:\Program Files\Eclipse Adoptium\jdk-21.0.12.8-hotspot\bin\VCRUNTIME140.dll
0x00007ff92ef70000 - 0x00007ff92f136000 	C:\WINDOWS\System32\USER32.dll
0x00007ff92d120000 - 0x00007ff92d147000 	C:\WINDOWS\System32\win32u.dll
0x00007ff92ef10000 - 0x00007ff92ef3b000 	C:\WINDOWS\System32\GDI32.dll
0x00007ff92bb60000 - 0x00007ff92bdf1000 	C:\WINDOWS\WinSxS\amd64_microsoft.windows.common-controls_6595b64144ccf1df_6.0.26100.8972_none_3e0da176e32f9d4b\COMCTL32.dll
0x00007ff92ee00000 - 0x00007ff92eea9000 	C:\WINDOWS\System32\msvcrt.dll
0x00007ff92cbe0000 - 0x00007ff92cd09000 	C:\WINDOWS\System32\gdi32full.dll
0x00007ff92d210000 - 0x00007ff92d2b3000 	C:\WINDOWS\System32\msvcp_win.dll
0x00007ff92db00000 - 0x00007ff92db32000 	C:\WINDOWS\System32\IMM32.DLL
0x00007ff920120000 - 0x00007ff92012c000 	C:\Program Files\Eclipse Adoptium\jdk-21.0.12.8-hotspot\bin\vcruntime140_1.dll
0x00007ff8cb3a0000 - 0x00007ff8cb42d000 	C:\Program Files\Eclipse Adoptium\jdk-21.0.12.8-hotspot\bin\msvcp140.dll
0x00007ff8460b0000 - 0x00007ff846e52000 	C:\Program Files\Eclipse Adoptium\jdk-21.0.12.8-hotspot\bin\server\jvm.dll
0x00007ff92d630000 - 0x00007ff92d6ec000 	C:\WINDOWS\System32\ADVAPI32.dll
0x00007ff92d4b0000 - 0x00007ff92d55a000 	C:\WINDOWS\System32\sechost.dll
0x00007ff92d9e0000 - 0x00007ff92daf8000 	C:\WINDOWS\System32\RPCRT4.dll
0x00007ff92d950000 - 0x00007ff92d9d2000 	C:\WINDOWS\System32\WS2_32.dll
0x00007ff921520000 - 0x00007ff921556000 	C:\WINDOWS\SYSTEM32\WINMM.dll
0x00007ff92c7f0000 - 0x00007ff92c84e000 	C:\WINDOWS\SYSTEM32\POWRPROF.dll
0x00007ff92b850000 - 0x00007ff92b85b000 	C:\WINDOWS\SYSTEM32\VERSION.dll
0x00007ff92c7d0000 - 0x00007ff92c7e5000 	C:\WINDOWS\SYSTEM32\UMPDC.dll
0x00007ff92b8a0000 - 0x00007ff92b8bb000 	C:\WINDOWS\SYSTEM32\kernel.appcore.dll
0x00007ff91abd0000 - 0x00007ff91abda000 	C:\Program Files\Eclipse Adoptium\jdk-21.0.12.8-hotspot\bin\jimage.dll
0x00007ff92c140000 - 0x00007ff92c382000 	C:\WINDOWS\SYSTEM32\DBGHELP.DLL
0x00007ff92f140000 - 0x00007ff92f4c5000 	C:\WINDOWS\System32\combase.dll
0x00007ff92f4d0000 - 0x00007ff92f5a9000 	C:\WINDOWS\System32\OLEAUT32.dll
0x00007ff92c010000 - 0x00007ff92c04b000 	C:\WINDOWS\SYSTEM32\dbgcore.DLL
0x00007ff92cb20000 - 0x00007ff92cbcc000 	C:\WINDOWS\System32\bcryptPrimitives.dll
0x00007ff8fb8e0000 - 0x00007ff8fb8ef000 	C:\Program Files\Eclipse Adoptium\jdk-21.0.12.8-hotspot\bin\instrument.dll
0x00007ff90c720000 - 0x00007ff90c740000 	C:\Program Files\Eclipse Adoptium\jdk-21.0.12.8-hotspot\bin\java.dll
0x00007ff92e5e0000 - 0x00007ff92ed68000 	C:\WINDOWS\System32\SHELL32.dll
0x00007ff9292d0000 - 0x00007ff929b6b000 	C:\WINDOWS\SYSTEM32\windows.storage.dll
0x00007ff92dd80000 - 0x00007ff92de79000 	C:\WINDOWS\System32\SHCORE.dll
0x00007ff92e3b0000 - 0x00007ff92e416000 	C:\WINDOWS\System32\shlwapi.dll
0x00007ff92c8b0000 - 0x00007ff92c8d9000 	C:\WINDOWS\SYSTEM32\profapi.dll
0x00007ff8cb2c0000 - 0x00007ff8cb397000 	C:\Program Files\Eclipse Adoptium\jdk-21.0.12.8-hotspot\bin\jsvml.dll
0x00007ff8fdce0000 - 0x00007ff8fdcf8000 	C:\Program Files\Eclipse Adoptium\jdk-21.0.12.8-hotspot\bin\zip.dll
0x00007ff90c7c0000 - 0x00007ff90c7d0000 	C:\Program Files\Eclipse Adoptium\jdk-21.0.12.8-hotspot\bin\net.dll
0x00007ff920530000 - 0x00007ff920658000 	C:\WINDOWS\SYSTEM32\WINHTTP.dll
0x00007ff92ac00000 - 0x00007ff92ac6c000 	C:\WINDOWS\system32\mswsock.dll
0x00007ff908530000 - 0x00007ff908546000 	C:\Program Files\Eclipse Adoptium\jdk-21.0.12.8-hotspot\bin\nio.dll
0x00007ff908db0000 - 0x00007ff908dc0000 	C:\Program Files\Eclipse Adoptium\jdk-21.0.12.8-hotspot\bin\verify.dll
0x00007ff91e360000 - 0x00007ff91e387000 	C:\Users\hp\.gradle\native\c067742578af261105cb4f569cf0c3c89f3d7b1fecec35dd04571415982c5e48\windows-amd64\native-platform.dll
0x00007ff8bd080000 - 0x00007ff8bd1c4000 	C:\Users\hp\.gradle\native\100fb08df4bc3b14c8652ba06237920a3bd2aa13389f12d3474272988ae205f9\windows-amd64\native-platform-file-events.dll
0x00007ff908770000 - 0x00007ff90877a000 	C:\Program Files\Eclipse Adoptium\jdk-21.0.12.8-hotspot\bin\management.dll
0x00007ff8fb900000 - 0x00007ff8fb90c000 	C:\Program Files\Eclipse Adoptium\jdk-21.0.12.8-hotspot\bin\management_ext.dll
0x00007ff92d560000 - 0x00007ff92d568000 	C:\WINDOWS\System32\PSAPI.DLL
0x00007ff92c490000 - 0x00007ff92c4ab000 	C:\WINDOWS\SYSTEM32\CRYPTSP.dll
0x00007ff92a610000 - 0x00007ff92a649000 	C:\WINDOWS\system32\rsaenh.dll
0x00007ff92acb0000 - 0x00007ff92ace2000 	C:\WINDOWS\SYSTEM32\USERENV.dll
0x00007ff92c880000 - 0x00007ff92c8aa000 	C:\WINDOWS\SYSTEM32\bcrypt.dll
0x00007ff92aef0000 - 0x00007ff92aefc000 	C:\WINDOWS\SYSTEM32\CRYPTBASE.dll
0x00007ff92a040000 - 0x00007ff92a073000 	C:\WINDOWS\SYSTEM32\IPHLPAPI.DLL
0x00007ff92de80000 - 0x00007ff92de8a000 	C:\WINDOWS\System32\NSI.dll
0x00007ff8fb8f0000 - 0x00007ff8fb8f9000 	C:\Program Files\Eclipse Adoptium\jdk-21.0.12.8-hotspot\bin\extnet.dll
0x00007ff8fb6f0000 - 0x00007ff8fb6fe000 	C:\Program Files\Eclipse Adoptium\jdk-21.0.12.8-hotspot\bin\sunmscapi.dll
0x00007ff92c990000 - 0x00007ff92cb0e000 	C:\WINDOWS\System32\CRYPT32.dll
0x00007ff92ba20000 - 0x00007ff92ba50000 	C:\WINDOWS\SYSTEM32\ncrypt.dll
0x00007ff92b910000 - 0x00007ff92b94f000 	C:\WINDOWS\SYSTEM32\NTASN1.dll
0x00007ff8cd490000 - 0x00007ff8cd498000 	C:\WINDOWS\system32\wshunix.dll
0x00007ff889b30000 - 0x00007ff889b48000 	C:\WINDOWS\system32\napinsp.dll
0x00007ff92a0d0000 - 0x00007ff92a228000 	C:\WINDOWS\SYSTEM32\DNSAPI.dll
0x00007ff92aa00000 - 0x00007ff92aa0d000 	C:\WINDOWS\SYSTEM32\DSPARSE.dll
0x00007ff873710000 - 0x00007ff873723000 	C:\WINDOWS\System32\winrnr.dll
0x00007ff920f10000 - 0x00007ff920f32000 	C:\WINDOWS\system32\nlansp_c.dll
0x00007ff900310000 - 0x00007ff900326000 	C:\WINDOWS\system32\wshbth.dll
0x00007ff9204e0000 - 0x00007ff9204eb000 	C:\Windows\System32\rasadhlp.dll
0x00007ff925750000 - 0x00007ff9257d6000 	C:\WINDOWS\System32\fwpuclnt.dll

JVMTI agents:
C:\Users\hp\.gradle\wrapper\dists\gradle-8.10.2-all\7iv73wktx1xtkvlq19urqw1wm\gradle-8.10.2\lib\agents\gradle-instrumentation-agent-8.10.2.jar path:C:\Program Files\Eclipse Adoptium\jdk-21.0.12.8-hotspot\bin\instrument.dll, loaded, initialized, instrumentlib options:none

dbghelp: loaded successfully - version: 4.0.5 - missing functions: none
symbol engine: initialized successfully - sym options: 0x614 - pdb path: .;C:\Program Files\Eclipse Adoptium\jdk-21.0.12.8-hotspot\bin;C:\WINDOWS\SYSTEM32;C:\WINDOWS\WinSxS\amd64_microsoft.windows.common-controls_6595b64144ccf1df_6.0.26100.8972_none_3e0da176e32f9d4b;C:\Program Files\Eclipse Adoptium\jdk-21.0.12.8-hotspot\bin\server;C:\Users\hp\.gradle\native\c067742578af261105cb4f569cf0c3c89f3d7b1fecec35dd04571415982c5e48\windows-amd64;C:\Users\hp\.gradle\native\100fb08df4bc3b14c8652ba06237920a3bd2aa13389f12d3474272988ae205f9\windows-amd64

VM Arguments:
jvm_args: -XX:MaxMetaspaceSize=512m --add-opens=java.base/java.util=ALL-UNNAMED --add-opens=java.base/java.lang=ALL-UNNAMED --add-opens=java.base/java.lang.invoke=ALL-UNNAMED --add-opens=java.prefs/java.util.prefs=ALL-UNNAMED --add-exports=jdk.compiler/com.sun.tools.javac.api=ALL-UNNAMED --add-exports=jdk.compiler/com.sun.tools.javac.util=ALL-UNNAMED --add-opens=java.base/java.nio.charset=ALL-UNNAMED --add-opens=java.base/java.net=ALL-UNNAMED --add-opens=java.base/java.util.concurrent.atomic=ALL-UNNAMED -Xmx2048m -Dfile.encoding=UTF-8 -Duser.country=IN -Duser.language=en -Duser.variant -javaagent:C:\Users\hp\.gradle\wrapper\dists\gradle-8.10.2-all\7iv73wktx1xtkvlq19urqw1wm\gradle-8.10.2\lib\agents\gradle-instrumentation-agent-8.10.2.jar 
java_command: org.gradle.launcher.daemon.bootstrap.GradleDaemon 8.10.2
java_class_path (initial): C:\Users\hp\.gradle\wrapper\dists\gradle-8.10.2-all\7iv73wktx1xtkvlq19urqw1wm\gradle-8.10.2\lib\gradle-daemon-main-8.10.2.jar
Launcher Type: SUN_STANDARD

[Global flags]
     intx CICompilerCount                          = 4                                         {product} {ergonomic}
   size_t CompressedClassSpaceSize                 = 436207616                                 {product} {ergonomic}
     uint ConcGCThreads                            = 2                                         {product} {ergonomic}
     uint G1ConcRefinementThreads                  = 8                                         {product} {ergonomic}
   size_t G1HeapRegionSize                         = 1048576                                   {product} {ergonomic}
    uintx GCDrainStackTargetSize                   = 64                                        {product} {ergonomic}
   size_t InitialHeapSize                          = 121634816                                 {product} {ergonomic}
   size_t MarkStackSize                            = 4194304                                   {product} {ergonomic}
   size_t MaxHeapSize                              = 2147483648                                {product} {command line}
   size_t MaxMetaspaceSize                         = 536870912                                 {product} {command line}
   size_t MaxNewSize                               = 1287651328                                {product} {ergonomic}
   size_t MinHeapDeltaBytes                        = 1048576                                   {product} {ergonomic}
   size_t MinHeapSize                              = 8388608                                   {product} {ergonomic}
    uintx NonNMethodCodeHeapSize                   = 5839372                                {pd product} {ergonomic}
    uintx NonProfiledCodeHeapSize                  = 122909434                              {pd product} {ergonomic}
    uintx ProfiledCodeHeapSize                     = 122909434                              {pd product} {ergonomic}
    uintx ReservedCodeCacheSize                    = 251658240                              {pd product} {ergonomic}
     bool SegmentedCodeCache                       = true                                      {product} {ergonomic}
   size_t SoftMaxHeapSize                          = 2147483648                             {manageable} {ergonomic}
     bool UseCompressedOops                        = true                           {product lp64_product} {ergonomic}
     bool UseG1GC                                  = true                                      {product} {ergonomic}
     bool UseLargePagesIndividualAllocation        = false                                  {pd product} {ergonomic}

Logging:
Log output configuration:
 #0: stdout all=warning uptime,level,tags foldmultilines=false
 #1: stderr all=off uptime,level,tags foldmultilines=false

Release file:
IMPLEMENTOR="Eclipse Adoptium" 
IMPLEMENTOR_VERSION="Temurin-21.0.12+8" 
JAVA_RUNTIME_VERSION="21.0.12+8-LTS" 
JAVA_VERSION="21.0.12" 
JAVA_VERSION_DATE="2026-07-21" 
LIBC="default" 
MODULES="java.base java.compiler java.datatransfer java.xml java.prefs java.desktop java.instrument java.logging java.management java.security.sasl java.naming java.rmi java.management.rmi java.net.http java.scripting java.security.jgss java.transaction.xa java.sql java.sql.rowset java.xml.crypto java.se java.smartcardio jdk.accessibility jdk.internal.jvmstat jdk.attach jdk.charsets jdk.internal.opt jdk.zipfs jdk.compiler jdk.crypto.ec jdk.crypto.cryptoki jdk.crypto.mscapi jdk.dynalink jdk.internal.ed jdk.editpad jdk.hotspot.agent jdk.httpserver jdk.incubator.vector jdk.internal.le jdk.internal.vm.ci jdk.internal.vm.compiler jdk.internal.vm.compiler.management jdk.jartool jdk.javadoc jdk.jcmd jdk.management jdk.management.agent jdk.jconsole jdk.jdeps jdk.jdwp.agent jdk.jdi jdk.jfr jdk.jlink jdk.jpackage jdk.jshell jdk.jsobject jdk.jstatd jdk.localedata jdk.management.jfr jdk.naming.dns jdk.naming.rmi jdk.net jdk.nio.mapmode jdk.random jdk.sctp jdk.security.auth jdk.security.jgss jdk.unsupported jdk.unsupported.desktop jdk.xml.dom" 
OS_ARCH="x86_64" 
OS_NAME="Windows" 
SOURCE=".:git:04806bcb1d50" 
BUILD_SOURCE="git:e6ba7dec3d07654074559310376a3ae89da5f4ac"
BUILD_SOURCE_REPO="https://github.com/adoptium/temurin-build.git"
SOURCE_REPO="https://github.com/adoptium/jdk21u.git"
FULL_VERSION="21.0.12+8-LTS"
SEMANTIC_VERSION="21.0.12+8"
BUILD_INFO="OS: Windows Server 2022 Version: 10.0"
JVM_VARIANT="Hotspot"
JVM_VERSION="21.0.12+8-LTS"
IMAGE_TYPE="JDK"

Environment Variables:
JAVA_HOME=C:\Program Files\Eclipse Adoptium\jdk-21.0.12.8-hotspot\
CLASSPATH=C:\Users\hp\Music\AURA\frontend\android\\gradle\wrapper\gradle-wrapper.jar
PATH=C:/Users/hp/.gemini/antigravity-ide/bin;C:\Program Files\Eclipse Adoptium\jdk-21.0.12.8-hotspot\bin;C:\Program Files\Common Files\Oracle\Java\javapath;C:\Program Files (x86)\Common Files\Oracle\Java\javapath;C:\WINDOWS\system32;C:\WINDOWS;C:\WINDOWS\System32\Wbem;C:\WINDOWS\System32\WindowsPowerShell\v1.0\;C:\WINDOWS\System32\OpenSSH\;C:\Program Files\nodejs\;C:\Program Files\Git\cmd;C:\Program Files\GitHub CLI\;C:\Program Files\Docker\Docker\resources\bin;C:\Users\hp\.local\bin;C:\Users\hp\AppData\Local\Programs\OpenAI\Codex\bin;C:\Users\hp\.kimi-code\bin;C:\Users\hp\AppData\Local\Programs\Python\Python311\Scripts\;C:\Users\hp\AppData\Local\Programs\Python\Python311\;C:\Users\hp\AppData\Local\Microsoft\WindowsApps;C:\Users\hp\AppData\Local\Programs\Antigravity\bin;C:\Users\hp\AppData\Local\Programs\Microsoft VS Code\bin;C:\Users\hp\AppData\Local\Python\bin;C:\Users\hp\AppData\Roaming\npm;C:\Users\hp\AppData\Local\Programs\Ollama;C:\Users\hp\AppData\Local\Programs\Antigravity IDE\bin;C:\Users\hp\AppData\Local\Microsoft\WinGet\Packages\Gyan.FFmpeg_Microsoft.Winget.Source_8wekyb3d8bbwe\ffmpeg-8.1.2-full_build\bin;C:\Users\hp\AppData\Local\Kingsoft\WPS Office\12.1.0.27458\clitool
USERNAME=hp
OS=Windows_NT
PROCESSOR_IDENTIFIER=AMD64 Family 23 Model 160 Stepping 0, AuthenticAMD
TMP=C:\Users\hp\AppData\Local\Temp
TEMP=C:\Users\hp\AppData\Local\Temp




Periodic native trim disabled

---------------  S Y S T E M  ---------------

OS:
 Windows 11 , 64 bit Build 26100 (10.0.26100.9168)
OS uptime: 0 days 14:01 hours
Hyper-V role detected

CPU: total 8 (initial active 8) (8 cores per cpu, 2 threads per core) family 23 model 160 stepping 0 microcode 0x8a0000b, cx8, cmov, fxsr, ht, mmx, 3dnowpref, sse, sse2, sse3, ssse3, sse4a, sse4.1, sse4.2, popcnt, lzcnt, tsc, tscinvbit, avx, avx2, aes, clmul, bmi1, bmi2, adx, sha, fma, vzeroupper, clflush, clflushopt, hv, rdtscp, rdpid, f16c
Processor Information for the first 8 processors :
  Max Mhz: 2401, Current Mhz: 2401, Mhz Limit: 2401

Memory: 4k page, system-wide physical 7418M (760M free)
TotalPageFile size 29946M (AvailPageFile size 1M)
current process WorkingSet (physical memory assigned to process): 265M, peak: 756M
current process commit charge ("private bytes"): 1005M, peak: 1036M

vm_info: OpenJDK 64-Bit Server VM (21.0.12+8-LTS) for windows-amd64 JRE (21.0.12+8-LTS), built on 2026-07-21T00:00:00Z by "admin" with MS VC++ 17.12 (VS2022)

END.
