user_id,heart_rate,noise_db,risk_label
U0001,66.21475754262798,50.39952393711181,0
U0001,74.780770674365,65.69388726378443,1
U0001,71.5955996105579,49.86568171099265,0
U0001,,58.85572452924516,2
U0001,70.81529346996302,59.53267492265296,1
U0001,76.68762711698649,64.07828003854254,1
U0001,,40.03817998250788,0
U0001,70.30961815243539,61.04139776026136,0
U0001,66.52923122253691,51.587448369293035,0
U0001,73.4365021554935,55.914038539806185,1
U0002,79.37234284247072,57.386853247003046,1
U0002,66.29832824924486,,1
U0002,73.3199883780072,48.714351379126875,0
U0002,75.61477912417752,51.40527087662837,0
U0002,71.42787488624764,64.61725970404648,1
U0002,73.33225807602008,56.82735198762126,2
U0002,75.07953321151852,55.27253369563466,0
U0002,62.947113442443055,53.16355733287407,0
U0002,90.37339420402125,53.397151840207925,0
U0002,77.54699539929194,47.875967210656036,0
U0003,67.74161954264822,40.25180155588606,0
U0003,63.19569463268491,57.173784678803486,0
U0003,68.62455615005693,48.03342809028947,0
U0003,71.01996345836419,46.95704021602988,0
U0003,,69.31106800776179,0
U0003,65.31602578936808,57.94491248201394,0
U0003,70.12223180176277,48.86158755183646,0
U0003,64.23299367202388,57.192028129995265,0
U0003,63.55499512052539,48.780520868295056,0
U0003,79.03387843916562,73.0120805173986,0
U0004,69.6779668752131,62.45862050644678,0
U0004,71.78317366950425,53.76606591704947,0
U0004,71.79604663353788,57.43633095094918,0
U0004,78.419848379547,66.21538428007638,0
U0004,79.75902126529238,62.25354096872812,0
U0004,83.58718380994407,52.807438817303975,0
U0004,66.52873504175602,61.03441359774895,0
U0004,66.59300472692426,53.39638844366076,0
U0004,63.21797353687712,42.467552657627074,0
U0004,68.39358123943464,51.684895185737055,0
U0005,67.09481057562446,61.47217238155851,1
U0005,70.55016908922472,51.805856712141605,0
U0005,61.76016158574882,49.54591810348666,0
U0005,74.8453789914721,65.15062374834376,0
U0005,74.61195827412607,62.35991353906708,0
U0005,70.76037811917531,63.49263886186693,0
U0005,74.69109325397758,62.90239199225663,0
U0005,69.32535842755436,,0
U0005,73.20628018031269,47.90441977912728,0
U0005,72.63653498140341,58.34555483277168,0
U0006,70.13928102177114,48.31245536015737,0
U0006,69.94249088462796,58.02958383894904,0
U0006,77.41007040790116,70.67603386245005,0
U0006,76.63964549058782,70.9244359121234,0
U0006,62.94452196855195,48.07887556160927,0
U0006,77.94158179957542,61.24190829457683,0
U0006,69.64990797813921,55.27283418324411,0
U0006,70.07753628579563,52.37942576560922,0
U0006,62.70310000991408,46.02944367218599,0
U0006,61.23368506073081,52.61706652063491,0
U0007,,58.80384952413686,1
U0007,85.87182292878643,66.94717042222767,2
U0007,72.96517614584445,49.917160926425396,0
U0007,,61.851547268903346,1
U0007,87.91552599961852,78.08335424828289,1
U0007,81.58983270301319,50.14306992979683,0
U0007,79.98674941201999,53.80987431881772,1
U0007,82.66154179642321,58.7617149246235,1
U0007,86.83489872308402,59.238998712060706,1
U0007,85.55074302024579,62.814688141555564,1
U0008,76.23342018672389,52.26150855498949,1
U0008,76.7393423475835,63.04149785586588,1
U0008,,55.75814096423988,0
U0008,74.19056735289774,44.672334730651066,0
U0008,75.43654200636284,69.39203608273405,1
U0008,75.0054330488977,,0
U0008,75.64735640399,73.12307398801998,1
U0008,69.86213151786146,,0
U0008,73.10960975883492,62.078300519344424,0
U0008,77.71036815782688,49.00650498476785,0
U0009,70.7442236530989,42.13792467520217,0
U0009,67.21114965360165,50.063251792215624,0
U0009,65.66704938628523,45.8679734094959,0
U0009,,66.93221209131752,0
U0009,71.36736780325762,54.547561804111034,0
U0009,77.38873298345548,23.135696445207092,0
U0009,73.5644506732849,62.119306618682,0
U0009,68.89581671769307,61.83915066510972,0
U0009,67.86763511352898,60.73289032835175,0
U0009,,49.87007188632482,0
U0010,79.14164862461182,69.48524427335818,1
U0010,61.202070246742046,52.68936270233753,0
U0010,71.59960007299192,58.142718996265124,0
U0010,73.37659375095366,61.258846998901866,0
U0010,71.97288392089823,35.3647767757041,0
U0010,73.32815448253486,55.715064281635925,0
U0010,96.00198289680218,55.372579069772925,0
U0010,72.9749922783422,52.701648867900914,0
U0010,71.7957009608319,37.740839265853865,0
U0010,73.92323558011759,67.78657368648233,2
U0011,67.35025906887651,,0
U0011,62.756253083984504,56.16107345121408,0
U0011,67.42757464533594,65.43638404997682,0
U0011,66.60283277230265,,0
U0011,62.401277644722256,64.68395622364163,0
U0011,56.87459815210067,37.96055833790429,0
U0011,49.7187349748979,53.835849456739155,0
U0011,65.20149983248187,60.58284997380219,0
U0011,54.56054791432247,50.79180179936595,0
U0011,67.33747151880804,53.181403555457756,0
U0012,46.923073323661235,43.13527713594891,0
U0012,,51.97063065857949,0
U0012,55.132958376853345,48.57912867402881,0
U0012,58.4002948382742,58.106404834774644,0
U0012,63.82920679841512,62.22521169872259,0
U0012,59.196521993465154,66.3823772612187,0
U0012,66.76153266114895,52.87166692544388,0
U0012,65.0873178090898,54.29558698072584,1
U0012,65.11079442691052,51.839794828406234,0
U0012,62.005225827520675,59.75206485733716,0
U0013,66.80573874872044,47.68837367310751,0
U0013,64.59677377599299,69.23149047821735,0
U0013,80.19341918968179,67.3879209837016,0
U0013,63.702753785754574,54.25220939630838,0
U0013,65.8436241198019,44.990228163973704,0
U0013,,57.29359803597602,0
U0013,71.73002299748957,56.99652878862241,0
U0013,82.75347347100384,51.20681390067483,0
U0013,69.41820271196748,53.23229292327122,0
U0013,61.77725124698538,57.83638563805978,0
U0014,72.8837132279529,59.973082115691064,0
U0014,68.98004991796088,66.627022424291,0
U0014,75.2220845227925,66.84250455082181,0
U0014,41.558024319543314,65.09542006144773,0
U0014,65.61587189868264,75.09933429563145,1
U0014,69.4306168961087,41.80139555714401,0
U0014,66.92260886835243,50.09118925745002,0
U0014,75.17552954488946,68.44896301052025,0
U0014,61.858145058274225,,0
U0014,74.03334601272351,59.23379575433757,0
U0015,77.31052673579721,72.34961325074218,1
U0015,,42.40680904786784,0
U0015,45.82155386691147,,0
U0015,82.01037704820966,61.504282222922605,0
U0015,66.44182538156565,56.48670180951081,0
U0015,61.81593535672194,51.81857188809254,0
U0015,63.05916564856442,,0
U0015,64.91125560494494,41.451410824615834,0
U0015,50.23139295654666,59.26161447943479,0
U0015,67.47168771344786,36.78628871188968,0
U0016,61.99757149958558,58.760456121855746,0
U0016,63.76182738860357,70.3682883259843,1
U0016,92.23996180693979,48.64999945979315,1
U0016,63.510910332219126,56.06765035023813,0
U0016,70.41830580256567,52.69568924212594,0
U0016,,52.30513334514873,0
U0016,67.48694486742495,70.86882752418357,0
U0016,,60.43096295144849,0
U0016,67.45169270359612,60.6442035406801,0
U0016,66.39018942670862,55.21591115014027,0
U0017,68.4524367715011,55.46647239772001,0
U0017,63.76011761527733,60.36682890320628,0
U0017,64.67877694287544,,0
U0017,74.23949230734057,69.68836139347746,1
U0017,73.31299245269776,49.94160697042348,1
U0017,71.87262382177339,63.15987313934962,0
U0017,68.96187848678488,51.65580835562233,0
U0017,72.26230740701644,59.502959142419385,0
U0017,73.10956573689008,54.07050246552051,1
U0017,69.9157167147439,60.88682171249835,0
U0018,75.6864084308907,65.95862540913167,0
U0018,80.54899469771185,75.6675000361554,1
U0018,71.33654064416919,57.625526283639566,0
U0018,68.32591458805118,55.14276412796932,0
U0018,73.21697108804675,58.854143895623146,0
U0018,68.67076563020017,54.13748819893786,0
U0018,69.01431452308591,50.96746667022077,0
U0018,67.5224979824572,37.79245679348648,0
U0018,71.36471176952072,51.19791347426858,0
U0018,62.02402051041637,64.00780049257605,0
U0019,67.7769733339499,,0
U0019,64.14180965455016,46.70982893887217,0
U0019,61.78008962978729,60.885221652568596,0
U0019,55.33765700644677,58.174739811101894,0
U0019,73.70527016221733,47.930492344412976,0
U0019,63.72068752033153,57.97385059551136,0
U0019,68.93216289054713,58.35606251134735,0
U0019,73.95539862244338,55.2842605201916,0
U0019,65.44925170340368,54.63318985538981,0
U0019,70.52907897722172,53.72846475773662,0
U0020,88.15888997115343,62.02006595563234,1
U0020,80.0917645673701,41.24262185794162,0
U0020,74.58886453312837,70.28144412161134,1
U0020,74.69033434714395,42.4299327985615,0
U0020,74.92046807906067,59.70907398905038,1
U0020,76.07698093867495,49.276475627466496,0
U0020,80.18710435662216,,0
U0020,85.98589298691965,59.63645014664271,1
U0020,79.53614937573975,54.39963517836307,1
U0020,82.16687210565644,59.612861459434335,1
U0021,67.21742918624798,61.41979005063982,0
U0021,71.85995274038885,54.355469572295014,0
U0021,76.78055611243964,51.60109638365347,1
U0021,69.78723179036069,45.77666957638723,0
U0021,71.61954981114498,50.387165581466654,0
U0021,62.75622496932733,42.336448989534915,0
U0021,67.78282586389932,70.79539943651763,1
U0021,69.73994417281554,53.414373791797864,0
U0021,65.43435024908992,46.1354050863741,0
U0021,70.56880905905524,48.25380319034383,0
U0022,74.22733563076928,39.975567528123946,0
U0022,82.46712061647216,54.386589236803665,0
U0022,78.24706749933878,65.19170829729465,0
U0022,84.74143594482008,44.393054117145276,0
U0022,71.32922868889116,57.062424991354526,0
U0022,67.25186032782214,43.13498016379455,0
U0022,74.47588233332328,54.47308915817933,0
U0022,64.53226809007192,55.74920944291557,0
U0022,68.93856978826544,53.97716588913723,0
U0022,93.756973660551,57.47666993050507,0
U0023,70.11847603618777,47.571987890157075,0
U0023,63.25137907400599,64.79509272674493,1
U0023,59.796117020052506,49.937705052287555,0
U0023,79.35136386474791,57.8473917066535,0
U0023,73.96232727509496,54.60503154873435,0
U0023,73.53316253263019,50.48016563747205,0
U0023,76.97736580703877,59.80848434366735,0
U0023,69.66324777000574,55.44018264521594,0
U0023,66.16880025286551,48.27290346683734,0
U0023,80.6849083400224,71.30087111632467,1
U0024,66.21307630702346,64.5490638186491,0
U0024,56.8544807399906,50.75380482516255,0
U0024,72.56065384663084,58.544312213010016,0
U0024,63.464777987556594,51.845890623754045,0
U0024,66.06280097965819,52.33596731964347,0
U0024,78.94496740538223,52.956126986729736,0
U0024,76.79844884574945,53.41639786172619,0
U0024,,57.143923619350545,0
U0024,71.38076296531105,55.6447495264766,0
U0024,76.30579392351743,71.84618760821232,1
U0025,83.35470058834827,62.36705009564989,0
U0025,80.47155202222147,47.194609482160686,0
U0025,83.52989367553168,,1
U0025,80.88210658911153,39.44975659166047,0
U0025,74.1585245532825,63.850819492659994,1
U0025,75.71250061736465,51.60851825386301,0
U0025,78.01312044616328,,0
U0025,80.54869738351529,48.53995445327709,0
U0025,78.46436256577256,39.40961259888856,0
U0025,80.85987837750619,62.27682364003506,1
U0026,78.22063577079093,59.09560502831002,1
U0026,86.57407590134906,62.25319559335761,1
U0026,75.77127717663731,51.46976711827659,0
U0026,78.0036914642654,62.2524207486597,2
U0026,75.7296446154508,59.93421597916381,0
U0026,81.82330576580648,52.08285059057616,0
U0026,,46.46554288913074,0
U0026,62.00115874429705,40.42939618716311,0
U0026,73.73501922599765,60.08756083691442,1
U0026,74.11044684911286,61.774182121738654,0
U0027,68.34599599433842,56.10214618717713,0
U0027,69.25379634447017,52.27718925877839,0
U0027,69.1824201652416,64.15627074112938,0
U0027,73.43471793511205,54.612098144664394,0
U0027,68.13933327897871,68.12863209910994,0
U0027,66.87332740357826,63.87441667414333,0
U0027,68.41495787294568,53.222862199321625,0
U0027,63.82982592197208,57.04638634989378,0
U0027,69.47961098954929,66.90531229024741,0
U0027,75.81917620395559,64.57800039182615,0
U0028,62.55618372046365,51.734986467854235,0
U0028,84.55190767513041,54.65465970528759,0
U0028,55.750911652167446,40.44286719819209,0
U0028,76.02549876917486,55.7793656099768,0
U0028,74.66705584381167,47.42907233135587,0
U0028,66.65782160903643,52.171046631846174,0
U0028,,71.14918001493574,0
U0028,72.26839842371479,49.3079148415348,2
U0028,65.45893635271473,,0
U0028,70.66524079282169,67.2986071421805,0
U0029,74.08611558449758,52.73416300569156,0
U0029,65.93716191232825,69.69414337425123,1
U0029,77.47903097624511,,0
U0029,68.59043964017332,55.62156288600467,0
U0029,65.16921743476614,53.92745877435759,0
U0029,70.6633566049176,56.4191281225859,0
U0029,74.00991184379647,54.50670505299294,0
U0029,78.49897148447351,70.56322412096806,1
U0029,68.48200834213819,58.54530349221994,0
U0029,71.36960163495155,50.1181043389668,0
U0030,72.0619566647499,58.12827476163253,0
U0030,77.4647024051178,61.26459978587847,1
U0030,72.51457752790547,,0
U0030,76.99309544901826,57.15176598091933,1
U0030,83.22554821336243,,0
U0030,72.25682920448753,58.525557665064795,0
U0030,76.19489812378492,59.03948969613027,1
U0030,69.57561482095615,58.51339039147917,1
U0030,69.52961310897214,51.94075149386788,0
U0030,75.74487975664009,,1
U0031,83.02355787159635,52.59830801152434,0
U0031,62.8173856436877,57.80011905121198,0
U0031,78.05611153699174,53.36071372762447,0
U0031,76.21845397944233,47.730554307964496,0
U0031,72.38882594053791,46.782114431446985,0
U0031,69.11263194013247,61.037688303862765,0
U0031,77.423636474048,61.03032529656403,1
U0031,73.34334955814013,77.36357987273341,1
U0031,,,1
U0031,73.07337464452158,51.213117289030286,2
U0032,85.33404354545286,43.41445903432174,0
U0032,65.30840416705104,46.65722224319112,1
U0032,69.29059908429201,58.59517416726356,0
U0032,66.586258148675,45.27628033804164,0
U0032,88.7563734521801,70.93654213288012,0
U0032,63.96872588737841,69.97940914573668,1
U0032,66.12961180813748,61.070426619824616,0
U0032,66.37551453612221,56.246141779848934,0
U0032,69.31917880650926,63.147993891907426,0
U0032,72.4084597207219,57.42745733648247,0
U0033,80.46026741636595,55.599207083337134,0
U0033,,56.592458884618054,0
U0033,74.68271324550135,59.08795350657998,1
U0033,95.39529350151867,50.48213983030486,0
U0033,77.34334724423945,45.769891109984215,0
U0033,75.35655301864878,53.93815718546633,0
U0033,77.33674608947875,54.08196217721866,0
U0033,73.9960352352915,48.22606409551801,0
U0033,75.99284446401344,58.14014728225798,0
U0033,74.25399629552372,46.516367376088965,0
U0034,73.90119491927422,70.39130253202829,1
U0034,76.42792939694993,47.63083077521302,0
U0034,77.24681767518032,65.88182124122349,1
U0034,,59.745137738634,0
U0034,71.62771997206653,37.75370850053801,0
U0034,71.23590444598426,56.285783670372574,0
U0034,68.25335392459587,69.70699301217009,0
U0034,69.65974740097381,53.32606962587799,1
U0034,78.23175169002413,,0
U0034,74.38400954294836,57.82991178588485,0
U0035,65.71349801774079,57.43664397099697,0
U0035,68.84583317719289,67.34788262761539,0
U0035,71.23685294409363,57.214830365610794,0
U0035,69.85908397734066,59.502056317394235,0
U0035,68.52399483133007,,0
U0035,67.93179095536804,48.361113101123756,0
U0035,73.6940068609304,44.51311946474293,0
U0035,,54.07054037148208,0
U0035,75.88262640653082,39.90143952356727,0
U0035,63.469124190944,49.31833933592591,0
U0036,79.24515841787854,61.00900343605386,0
U0036,65.66063381185835,58.358184409943824,0
U0036,74.21582476568305,61.57986269974393,0
U0036,66.23251552873566,51.04477345941698,0
U0036,69.38982694138755,39.97572067377825,0
U0036,70.94845723355911,55.30651893454931,0
U0036,60.410161828378236,53.12398035222576,0
U0036,65.51430752289923,66.20747550491087,0
U0036,59.72177711995042,42.83652743453504,0
U0036,78.02638439501654,65.94149170987791,0
U0037,74.22999818181516,59.89362139467281,0
U0037,68.11165234045427,55.99660969034217,1
U0037,68.1840616180543,65.46410556662057,0
U0037,69.41661991967571,,0
U0037,86.66579597690415,60.75969726209021,0
U0037,,53.837731082464316,0
U0037,69.74487196557003,49.16184824322109,0
U0037,75.43722901817318,59.68868558477248,0
U0037,73.5713108987951,73.12863387081495,1
U0037,62.11831061258152,44.87317113522677,1
U0038,68.12076895858343,63.89834260258083,0
U0038,58.817413814170145,,0
U0038,59.15085611724568,69.28690547019868,0
U0038,63.75641179542645,64.0155764060833,0
U0038,73.71449603434141,61.01307810561625,0
U0038,59.65151120243039,51.385868562025806,0
U0038,55.23913714641947,65.8865522157581,0
U0038,65.12503514699527,58.661812246840235,0
U0038,70.00370213508525,69.19080916338308,0
U0038,63.78473133031688,60.6013049847242,0
U0039,73.60073869547655,61.681254842064675,1
U0039,77.96926743489124,44.36549509845217,0
U0039,88.20197032179347,54.71958353302233,0
U0039,76.7652688519941,49.73742781049167,0
U0039,78.56058573507745,59.63900375061367,0
U0039,78.79022035680791,35.75307563169686,0
U0039,73.36665072505751,57.9235357236058,0
U0039,65.65599424199297,44.961354100981744,0
U0039,75.96133759804596,38.577108007673374,0
U0039,67.87817766793435,73.88544619065455,1
U0040,67.23778704353597,66.60515086047188,0
U0040,67.42149493516625,52.671940481987775,0
U0040,69.50622748373065,54.995199399402296,0
U0040,65.35313883243934,62.23661356882836,0
U0040,70.16681979662063,,0
U0040,66.57068259177304,50.15217621637602,0
U0040,66.56412807582326,53.384854589695664,0
U0040,74.15838061478233,66.81993382313182,0
U0040,55.55307147281408,56.854188172650275,2
U0040,65.2619823053026,47.86280474181046,0
U0041,69.14359000264321,61.45208534972789,0
U0041,75.99079559838557,51.90449955570392,0
U0041,71.68923284402969,52.2786603146745,0
U0041,70.97631486430704,55.6366580462249,0
U0041,,64.44467408403354,2
U0041,73.1434852109877,37.59947143719783,0
U0041,73.49803401449381,53.660831257106516,0
U0041,72.15541428670795,63.788959366268436,0
U0041,74.64512045849573,53.967768098804854,0
U0041,,46.02548745481261,0
U0042,68.95810846829617,35.64133180816444,0
U0042,74.99241184421544,54.22291915648408,0
U0042,74.66195002871945,60.52203354691414,0
U0042,69.65049770955156,45.93831467867258,0
U0042,74.93993460153014,58.76326682375722,0
U0042,58.21685704506418,50.54730822395371,0
U0042,73.68691635696125,70.78398795550223,0
U0042,76.00163246402138,66.15543477264777,1
U0042,79.19712027404098,64.18171226954442,0
U0042,69.62415642497673,50.50356906432554,0
U0043,80.48319328026932,54.58883363519997,1
U0043,77.57866968840412,28.712970498955944,0
U0043,72.95719737675111,37.401978323116445,0
U0043,80.04141811926183,65.54679722767445,1
U0043,77.24386710780175,55.890255784025,1
U0043,81.59437625691604,74.67532931856094,1
U0043,85.90157515695265,55.491976697003196,1
U0043,79.49519179510092,65.10191926923135,1
U0043,79.56196817330276,63.81848546976146,1
U0043,70.90899262611525,50.3198636420675,0
U0044,75.35196029086336,57.25932339932676,0
U0044,73.63797584845416,40.73579045388629,0
U0044,73.28858474314444,64.22152699395517,0
U0044,,39.07713645393237,0
U0044,68.74874636913536,60.312029851391124,1
U0044,76.14120480405245,46.480663347837826,0
U0044,63.44619251744449,57.63646922789542,2
U0044,69.25709368733986,55.11148166970885,0
U0044,55.44624606269652,65.74986545671732,2
U0044,70.08369555138239,42.75262721896804,0
U0045,81.17131372724417,70.80304390041194,1
U0045,81.26958425120573,69.02368958173663,1
U0045,81.2179928689359,60.54530685495295,1
U0045,,51.59302350285874,1
U0045,67.91467535839467,59.22961995726401,1
U0045,90.90453331587139,55.44239737311562,1
U0045,72.18169143607845,53.26296162196857,0
U0045,80.77589531475905,64.76796785892836,1
U0045,72.25746625227777,65.30610359919316,1
U0045,84.54827088359673,73.33584987324501,1
U0046,72.6554258102625,43.4728148216078,0
U0046,85.47577472203633,38.8406003671123,0
U0046,62.57939859696869,53.2455378443314,1
U0046,76.73594885136104,42.94303887339714,1
U0046,83.39289739791172,58.62649749161133,1
U0046,71.18985611795715,42.46169862880921,0
U0046,70.0419965094971,57.724503412354316,1
U0046,75.4376167774402,45.99564773997302,0
U0046,81.95616963498941,69.72614671990736,0
U0046,84.46677657325331,68.51892073681776,1
U0047,75.96898878436548,44.80120149456654,0
U0047,64.83986293552336,50.47620802680811,0
U0047,64.77951482679231,74.72336446651269,0
U0047,59.694652928954746,46.68285533869295,0
U0047,67.50893694000189,56.98915836891776,0
U0047,,51.07238625722176,0
U0047,64.98885310792872,46.01414195065546,0
U0047,75.1711220183133,65.57677858222591,1
U0047,68.55318988159506,54.85989701370895,0
U0047,56.726266951506965,69.38938664436749,0
U0048,83.25159920518762,47.78391677674829,1
U0048,80.88519300805913,59.001402533099174,1
U0048,83.17912545794104,55.45525017572437,1
U0048,79.51160098126508,69.80877412488617,1
U0048,76.25634680599347,47.79492134338544,0
U0048,75.1016653167629,57.058772778997984,1
U0048,81.81971908367633,61.531553313925045,1
U0048,75.95440987309537,41.1816180578795,0
U0048,79.37668961661313,61.464266065385104,1
U0048,78.26325777082705,60.236384980356824,1
U0049,81.14393496964608,56.387265638389145,0
U0049,70.57739023816313,54.25984454513051,0
U0049,81.16274212998322,61.448069998839784,0
U0049,73.9363213768487,48.06743612014926,0
U0049,,57.542334297245404,0
U0049,74.62856071188861,70.08821258915806,1
U0049,77.09168345195394,50.91503559404022,0
U0049,78.31647648444194,53.349184065452086,0
U0049,77.76213185870284,57.12697101589217,0
U0049,75.99444063612384,49.27738455792584,0
U0050,59.48860680361299,43.44457563718468,0
U0050,61.27345521809908,55.63252495460983,0
U0050,66.29584872056576,62.50470299963309,0
U0050,,65.16875020412822,0
U0050,62.733493729274656,60.083551555988734,0
U0050,62.84666187794584,46.22456334935035,0
U0050,,64.60651655921704,0
U0050,69.33414418869044,61.94429509990934,0
U0050,52.599464245102354,48.13115636131091,0
U0050,61.902134386908415,50.83329387629823,0
U0051,72.78526269637887,49.65528109415075,0
U0051,56.70205978306467,51.02688625765054,0
U0051,71.1458305467308,37.64699041663101,0
U0051,79.28287866320036,52.40274300398417,0
U0051,78.18783837656991,60.383250782301204,0
U0051,98.49387170654069,51.55338874073975,0
U0051,77.46551436606909,37.164419989692185,0
U0051,77.6369544077399,52.71023413873807,0
U0051,78.1920785248863,44.294135126928744,0
U0051,80.99641819309308,39.48044373726544,0
U0052,67.7629713224914,,0
U0052,61.78124945365233,57.55912264960519,0
U0052,64.883271692342,51.09195590201597,0
U0052,65.86988857383616,54.392104868597706,0
U0052,70.72008481640349,62.90717173816957,0
U0052,66.77558121036023,61.112565651456954,0
U0052,71.63917108209218,56.91162386167268,0
U0052,59.01894612548485,40.420424566848446,0
U0052,58.6333946998372,46.82622495234011,0
U0052,62.527891008032604,53.714142923104525,0
U0053,,66.98648092032705,1
U0053,68.82337746602768,48.066116718853806,0
U0053,71.54606001245621,54.33606816646105,0
U0053,65.0562941813399,62.59224947536766,0
U0053,65.70050235730467,54.171861426791516,1
U0053,73.15482122085933,45.02414267745044,0
U0053,62.01962118846842,,0
U0053,67.34064317910097,56.11235989424462,0
U0053,67.93627059582566,64.36693334093891,1
U0053,70.01366309753253,72.29253495245526,1
U0054,84.32007664198589,,0
U0054,,48.885014596300884,0
U0054,69.08781249888496,63.18726953945139,1
U0054,78.72866280696209,56.19730245502596,0
U0054,78.92525221969537,47.607164094848756,2
U0054,91.91395738673899,66.8703211091264,1
U0054,86.18792505988696,49.17328032796504,0
U0054,72.52285131830057,37.94353666004666,0
U0054,70.54564793432255,48.326153231163175,0
U0054,80.06196484278267,47.34645730930536,0
U0055,69.04444795921242,39.710238548214924,0
U0055,85.79525028070415,63.913169641708976,0
U0055,68.4042449889888,49.111306855380356,0
U0055,64.85443284093564,53.9677977765033,0
U0055,73.84861197373031,64.85530358759156,0
U0055,72.13291422498422,59.53140472743011,0
U0055,72.73759115608526,59.487163301071945,0
U0055,78.53820359571066,36.49037843198735,0
U0055,72.88069237548326,48.53104742543633,0
U0055,72.86218200431362,64.91871910468197,0
U0056,70.10540787634386,40.566994440477245,0
U0056,67.13559488444622,49.65867684037387,0
U0056,79.62183710959178,58.845874430101865,0
U0056,69.32499459909178,64.64508087169736,0
U0056,68.62497627761219,62.235828173228775,0
U0056,66.9447703499213,49.90926649952807,0
U0056,,57.04882948482772,0
U0056,64.1913497834974,30.45306496065368,0
U0056,68.0025576872312,71.27981943998688,0
U0056,76.17528940530677,52.72107874897313,0
U0057,75.40011759180942,46.462794215066815,0
U0057,,53.80104755000168,0
U0057,74.7255964432749,50.150622296437724,0
U0057,59.23806077129338,48.84218493291176,0
U0057,74.32550453994652,52.459630032950955,0
U0057,67.89691892324774,52.13343795465294,0
U0057,63.440744590238964,47.17833438586627,0
U0057,63.078338780276155,57.72125319583604,0
U0057,,41.64802574745404,0
U0057,67.05743104850586,46.899443786030226,0
U0058,73.90987492754758,57.003927302577445,0
U0058,84.08338846056236,64.32960698213424,0
U0058,70.88528438881332,55.724762676013896,1
U0058,69.52318667482831,42.841763478024596,0
U0058,75.40558646463865,51.40741093556248,0
U0058,72.01491396684959,40.55767575448955,0
U0058,72.54864087410488,59.812920805879465,0
U0058,67.43507673109863,,0
U0058,69.31572336228756,46.08248628897464,0
U0058,71.49858181632604,33.805810863823055,0
U0059,69.27491397966027,48.923559641605344,0
U0059,71.43688228674932,54.41723915807408,0
U0059,73.4780380249163,55.24965079750307,0
U0059,73.66580572123308,64.15777327168664,0
U0059,76.20861193324676,48.00325309622804,0
U0059,74.0804861708901,56.84793441290027,0
U0059,75.97805696570626,55.69680701335869,0
U0059,72.34715496070416,,0
U0059,70.77508668677609,53.143965905592424,0
U0059,71.5487589124859,55.38216675844028,0
U0060,78.55489027498703,53.7734082469687,0
U0060,78.02514336014411,55.49964401006796,0
U0060,75.90476826952084,40.20351662053135,0
U0060,72.07742435948013,53.45322828351138,0
U0060,73.71465498384481,51.43735718280647,0
U0060,79.63618033742394,55.548208983241885,0
U0060,85.08549128925821,59.7016561304002,0
U0060,75.2962140215123,68.48294461828333,1
U0060,83.17893600413242,67.47552189486049,1
U0060,71.60388786795475,59.532943909374616,0
U0061,78.40588237121342,50.531094407128165,0
U0061,76.6340465800853,54.08596450847941,0
U0061,78.25111006876052,73.71566919368728,1
U0061,70.62498151202803,61.61659555905314,0
U0061,72.05646030624574,44.96955733808187,0
U0061,77.2441197862503,65.4386511907999,0
U0061,70.07353589275723,45.60851315677519,0
U0061,72.60534017078818,53.618876019589855,0
U0061,68.24501988895864,65.41378693936652,0
U0061,72.969516111092,59.6524481222465,1
U0062,64.33909800058092,55.74662307711302,0
U0062,58.955813896205356,61.904895251539465,0
U0062,69.10905708333968,53.002069885051036,0
U0062,73.44467689046961,68.14392690699876,0
U0062,68.9403779096984,44.49358364218201,0
U0062,65.40295372685738,70.00735883326261,0
U0062,69.02491162875614,48.621501301434996,0
U0062,75.31998342461885,55.9484568481192,0
U0062,69.65908194861173,,0
U0062,67.82993794090288,50.42091419403785,0
U0063,73.61189033808768,62.07657060466954,0
U0063,73.1033810094919,78.14896513910465,1
U0063,66.9014852231598,57.455655606058116,0
U0063,73.2033831399865,43.061450602586675,0
U0063,78.29264063998009,63.34718680623007,1
U0063,75.11564473861615,59.45496929027935,0
U0063,75.28081209015599,35.96085895902828,0
U0063,71.18827018176528,61.59442248217475,0
U0063,71.3515806988514,40.02104971113227,0
U0063,59.18178129901426,55.71442921077918,0
U0064,75.66166585152057,45.5686335629685,0
U0064,77.864149481563,57.392420966061046,0
U0064,77.80615274059794,67.80540581697218,1
U0064,71.67938521475497,58.6169904339057,0
U0064,64.92695029767651,55.52135965314207,0
U0064,75.91078802200464,58.18977107092058,0
U0064,72.27695455905486,51.861699958794894,0
U0064,79.36607002791729,72.60186564551756,1
U0064,60.72201347725955,50.12429596561415,0
U0064,78.22910922524008,46.63812350268124,0
U0065,71.77069545813524,75.38947166714048,1
U0065,73.59176715900507,53.79860768953831,0
U0065,65.86723392529737,59.693603567755616,0
U0065,69.5659225693787,57.90567321848624,0
U0065,74.7402784582008,56.18833978886279,0
U0065,79.125310658185,81.61585377950992,1
U0065,70.82070978558903,46.19116642439713,0
U0065,73.61821004082867,65.74470565484613,0
U0065,60.26556853183651,37.46710326063401,0
U0065,61.06576618045251,47.72279272954606,0
U0066,66.62811396596352,55.34943100275056,0
U0066,65.73304985440154,53.16126116021194,0
U0066,71.92584511456073,49.491282199298816,0
U0066,70.38404324944146,56.82370550891627,0
U0066,,59.8848848997231,0
U0066,66.3404292612556,52.356180999886746,0
U0066,77.23937726202068,66.7145919028985,0
U0066,76.0814111022939,51.45790169321579,0
U0066,68.76944253832582,73.35719659900762,0
U0066,71.31633273457794,64.10796120222354,0
U0067,74.46052714982308,43.81254616805672,0
U0067,70.94795718426276,72.02713044090888,1
U0067,64.06414106060534,47.04197464339614,0
U0067,75.8075941275553,,0
U0067,74.51429476587828,48.83159735422949,0
U0067,65.78854406975663,50.59331445779044,0
U0067,64.01050720968138,57.196746196510304,0
U0067,69.33832754594305,68.11437091401048,0
U0067,69.64277975100136,,0
U0067,60.88898276995505,59.330539668906326,0
U0068,67.0093127111836,45.12533795503397,0
U0068,70.5010641993662,52.154348219816384,0
U0068,61.42931341099904,54.51326333183582,0
U0068,73.84155910652214,63.83278006620195,0
U0068,67.94361449518412,56.188501868512766,0
U0068,64.61460148486027,50.12249101932059,0
U0068,74.78195134563536,70.56968954186357,1
U0068,62.06974403678594,54.22436847287864,0
U0068,69.2770048004613,57.24300153081818,0
U0068,69.1672090044755,50.97641870940609,0
U0069,69.83848609344014,52.03428192788045,0
U0069,75.25397335078378,65.36767058071023,0
U0069,65.65782612626248,58.66335320649683,0
U0069,63.876256499646885,49.14164730237389,0
U0069,55.42814622627921,51.306614374781276,0
U0069,,54.11406908104796,0
U0069,67.00751393110104,49.13027323642785,0
U0069,71.55407652665382,70.22772064589915,0
U0069,89.06911010584,41.8424199580817,0
U0069,63.261948092528186,58.46447781716205,0
U0070,43.50260822768034,58.853457047206554,0
U0070,63.353430407144124,55.57609866970777,2
U0070,55.1369479045565,51.99612865292605,0
U0070,53.452474498840395,52.81027351119937,0
U0070,60.81153267959221,56.39340563938004,0
U0070,60.00758223383668,60.74587186425742,0
U0070,64.64801337875078,64.4657987910052,0
U0070,60.712032329592745,65.17438418096742,0
U0070,71.02995865314844,71.11129386720302,0
U0070,55.46123780153343,41.312341158593924,0
U0071,65.10772936087078,49.47815773318695,0
U0071,65.54424142041452,56.56704018794358,0
U0071,69.11826434173021,31.847797114293645,0
U0071,80.94205438890788,52.670611721922576,0
U0071,72.25559529305583,60.49728634611996,1
U0071,71.49560105027344,41.85229228554975,0
U0071,67.32415802013212,47.8841295170852,0
U0071,70.45091994556083,62.26310568843195,0
U0071,74.58441711365002,57.312203224553066,0
U0071,85.38358545825324,55.60438350829887,0
U0072,66.45863596694272,63.13896386480607,0
U0072,64.19128460725516,62.33342105565866,0
U0072,62.46219713645657,51.58533087245056,0
U0072,65.77630774509223,50.19147730175176,0
U0072,70.85416833668333,60.74979377429093,0
U0072,68.03145492092835,63.44084201759745,1
U0072,55.64796323569405,48.77909434032332,0
U0072,66.72616463627662,76.67262012991067,0
U0072,64.662854456885,41.502436195176095,0
U0072,65.40764385827192,64.06072763305184,0
U0073,70.75623959666046,57.62962430835374,0
U0073,61.31687099155172,26.276635444569056,0
U0073,77.01822042533632,46.16380441315151,0
U0073,77.30901922603512,63.378644631527294,0
U0073,85.54046679669692,63.022340440699516,0
U0073,70.70237877767,47.21376830108743,0
U0073,72.11363420531201,65.28787470022048,0
U0073,69.57948630457973,59.22813491959953,0
U0073,76.03778857183684,59.42614679229165,0
U0073,81.42159004102933,56.95328260743185,0
U0074,73.07112269941089,64.18176246406537,0
U0074,76.51129565436045,57.88960800267729,0
U0074,76.89720934136501,44.57091561050965,0
U0074,70.02654487961514,38.53407982380715,0
U0074,84.6678334464498,,1
U0074,76.46642859626124,48.58948460059878,0
U0074,80.68803780531366,40.428041449093385,0
U0074,73.70847000120436,65.00356360650912,0
U0074,52.91643128235286,58.73432142158025,0
U0074,80.54157794230639,38.87824244967753,0
U0075,62.267439404090794,42.81163373914573,0
U0075,73.68667257097457,55.05800867494176,0
U0075,71.37924446348278,74.29747878845741,1
U0075,66.75434833732191,54.71010604043756,0
U0075,,48.35092041750993,0
U0075,69.03443073168367,59.73160639529369,0
U0075,65.94516780234486,58.27977285559466,0
U0075,76.42370879674444,63.29191936849288,1
U0075,74.03323922819101,56.98766217270221,0
U0075,69.30317703140952,52.09233442075244,1
U0076,77.95997229841733,57.5257883129328,0
U0076,70.62077874650645,53.2270050205207,0
U0076,87.29395938250524,51.9264856820209,0
U0076,76.11397423908805,56.65615732800008,0
U0076,65.01495572363747,49.806614944501966,0
U0076,76.5805897598882,54.49701407759435,0
U0076,67.23227059848277,,0
U0076,71.3752002865089,54.1550616467718,0
U0076,,49.138059823051734,0
U0076,64.66429794954429,66.20500481899207,2
U0077,71.94325803353476,50.41751901708764,0
U0077,62.099892532127356,48.024474633997755,0
U0077,72.38752300023208,,0
U0077,71.23377655147945,52.496583917233224,0
U0077,77.25875203532664,61.38899892580087,0
U0077,59.69425101694494,29.441429953584816,0
U0077,69.8828536245128,62.30758466964221,2
U0077,70.75409465313513,49.926358973098274,0
U0077,71.19190476485352,72.04540571171935,0
U0077,,49.80152763211064,0
U0078,71.09797014996721,41.571278478493305,0
U0078,69.80239433926853,51.23463523611501,0
U0078,69.70257885573706,67.07177520001572,0
U0078,75.13584821561571,61.74729718723783,0
U0078,,63.95733895964798,1
U0078,,56.5109373884631,0
U0078,64.21698313615587,55.73339497771961,0
U0078,68.99802205551686,62.350815120134804,0
U0078,72.05594392287156,46.63164749187383,0
U0078,66.63586940500059,26.217895000456288,0
U0079,78.13505810607973,48.88310000458058,0
U0079,74.7930149103096,52.72378618581859,0
U0079,76.40565652583274,46.87796291656122,0
U0079,87.92905536972142,57.07860928437665,1
U0079,81.13593994319038,55.15373129911477,0
U0079,80.96415568267714,62.39684525538637,1
U0079,69.66632611844032,36.77782575445245,0
U0079,74.60161340030702,52.1284932264842,0
U0079,77.11957098424725,53.644594282821345,0
U0079,76.19618122949456,48.16852434695393,0
U0080,68.78322582105876,59.22711167500607,0
U0080,77.3746155613749,51.95979481431603,0
U0080,73.46251417107315,57.23260165962769,0
U0080,97.83763088304376,37.42639168761189,0
U0080,67.8188692577243,38.019682355399155,0
U0080,72.84310521505988,54.376068260736325,0
U0080,71.98602457125378,50.42853926950162,0
U0080,59.1919200834636,46.963016998941015,0
U0080,67.77882845604273,54.52477622097409,0
U0080,62.69339477349912,27.840088701698633,0
U0081,84.57440040399516,64.53095775572943,1
U0081,80.47299914123292,52.948837322603715,1
U0081,80.13493126357255,63.37065065660317,1
U0081,94.93060450188804,53.67246312033745,1
U0081,82.40339556499298,49.40891542733112,1
U0081,78.7619267719985,53.13157895796577,1
U0081,78.26241777215056,58.91187544152475,1
U0081,80.9874349178336,46.11559591101957,1
U0081,91.86748215008232,44.76442515051825,1
U0081,90.46024823458102,62.04829669753866,2
U0082,72.89672303472884,34.71628461740149,0
U0082,81.73471608316362,58.48705691110166,1
U0082,75.08520149237809,50.11711930370396,0
U0082,77.89254352743785,70.63203058684579,1
U0082,73.83243865738784,58.59337990315025,1
U0082,74.59581333700915,55.07574262254474,0
U0082,77.59423537061166,48.33499041095897,0
U0082,75.43781708117098,49.714714059129946,0
U0082,69.92839612800029,56.262042925656665,0
U0082,78.86348488668257,69.92103280969161,2
U0083,69.34026001281562,33.60050084677243,0
U0083,68.945693209888,70.28911359561721,0
U0083,,53.00077885562046,0
U0083,68.62983359562269,60.67286760261175,0
U0083,67.03844912773069,48.707045179701346,0
U0083,68.71400011427038,59.75363786203402,0
U0083,65.58981559756266,42.81363685650839,0
U0083,64.84882045403005,62.62943164116952,0
U0083,73.8416520277147,57.68595472914247,0
U0083,65.59992403479723,45.09239896297042,0
U0084,70.58079417714505,59.75830108211421,0
U0084,64.75595581520402,55.03524483600143,0
U0084,80.07477143748717,50.5757025598153,0
U0084,67.94397185390426,53.259741123452045,0
U0084,70.23322567352575,64.01542441173534,0
U0084,69.15806779714072,,0
U0084,65.95035228117935,51.62536160991388,0
U0084,71.79926266958527,51.14745562583107,0
U0084,66.66863923864312,55.434016039642486,0
U0084,68.1140916980917,53.88589236433647,0
U0085,77.39283845356474,41.896016138531984,2
U0085,64.8062389658934,45.75658412446599,0
U0085,74.56708478483753,62.81925227682083,0
U0085,72.42391085599468,62.54226339780207,0
U0085,65.40735089022886,55.57008290187298,0
U0085,79.81812280527666,60.13716958005421,0
U0085,66.74693823656364,56.26038503804121,0
U0085,56.96752464526087,53.15261616102958,0
U0085,69.23855046096813,38.39702042881382,0
U0085,70.88819454435314,64.6851772716966,0
U0086,67.9316314512667,50.315852910504475,0
U0086,69.2452983191694,60.17717492746532,0
U0086,68.54843244056138,43.99422620834479,0
U0086,68.76265936526266,66.18326335589488,0
U0086,70.71265482354256,53.84809619961767,0
U0086,69.99407087524966,50.42416890054558,0
U0086,69.98215004133256,51.02088791601157,0
U0086,67.62153409663678,54.0627673057815,0
U0086,66.74865720627548,52.3786529860259,0
U0086,68.98482416290122,67.78644826030657,0
U0087,72.57159349242313,62.0554918468962,0
U0087,74.05228140843995,43.10711313004499,0
U0087,73.94671730796365,52.4124275371942,0
U0087,,53.47353009548682,0
U0087,59.30234857258358,66.25218165924699,0
U0087,72.42573168916574,56.697101790813484,0
U0087,70.53369673584832,58.51649529887556,0
U0087,78.12954885956205,67.82625591381995,0
U0087,70.85934566578537,51.41020212018372,0
U0087,73.5174178247027,41.48589346704056,0
U0088,70.66372147471776,60.61385568681823,0
U0088,,53.85551040871027,0
U0088,84.89173738719256,56.260815369697106,0
U0088,42.488885968889,53.539842330373716,0
U0088,63.4095101254494,43.61277784661186,0
U0088,70.17891886130704,56.26430424246363,0
U0088,58.84981926255915,74.52519389248232,0
U0088,74.6137204131104,43.161707725228084,0
U0088,67.78171557857372,64.51895736758523,0
U0088,59.53249763970757,54.795288992364455,0
U0089,60.194931695135985,43.429299242853986,0
U0089,66.50884022136773,67.44166738357256,0
U0089,66.80120174922358,51.92887051581061,0
U0089,61.05184585702649,49.97506596078513,0
U0089,74.31882958013315,65.0465284075301,0
U0089,56.155515235529776,40.93398827928742,0
U0089,63.097394125542806,42.70690813217783,0
U0089,58.72594379684222,40.11751845117202,0
U0089,62.35450238357648,61.224753121445886,0
U0089,58.69878715468392,46.55311227258843,0
U0090,80.43808304970868,46.91555643121235,0
U0090,74.61549432832558,47.95679560698336,1
U0090,79.13674210554146,42.16979405698588,0
U0090,73.58955452842379,55.207700565773095,0
U0090,67.52600647282188,62.815356765809796,0
U0090,77.2645091536545,52.52799043436801,0
U0090,73.86139527303463,60.53347104482059,0
U0090,,43.237610338838955,0
U0090,62.72078706376918,55.087004670185756,0
U0090,75.63922517480121,52.54662260653861,0
U0091,68.03296743718137,58.23241771013976,0
U0091,63.04827409264773,54.74712193545104,0
U0091,66.31223056050358,74.00712692870135,1
U0091,,51.565528919836524,0
U0091,72.48719575073665,67.56930341845434,0
U0091,71.98609892982518,47.99397767471507,2
U0091,,44.14884143304297,0
U0091,66.36837671166208,56.23979815756232,0
U0091,70.74375903932305,62.85803867835767,0
U0091,81.53616904803279,67.67097706770559,0
U0092,53.90747810248864,51.71624084321749,0
U0092,68.20663852692549,59.32536298005756,0
U0092,64.21426515823039,45.504397890596266,0
U0092,67.52795505307414,51.95131742620794,0
U0092,,43.990908111366835,0
U0092,71.90428976054878,,0
U0092,52.93543082183018,48.79145866113238,0
U0092,57.138051350755944,54.64046859475938,0
U0092,66.79295375227649,66.83364856548343,0
U0092,64.83987894258235,51.461012138216525,0
U0093,,52.15314192067028,0
U0093,72.62658017676448,61.37270989359655,0
U0093,77.53024710213066,54.04574793205453,0
U0093,61.78196479980713,49.292572605897334,0
U0093,73.6690913401116,62.95922180727199,0
U0093,74.94331917810868,61.56992464640545,0
U0093,62.54631643586511,65.78071839008697,0
U0093,82.9423285535486,50.03668569568685,0
U0093,66.18812437906487,46.69376794788761,0
U0093,75.2134616461772,45.32307616128122,0
U0094,69.91468120932792,58.79157650420654,0
U0094,81.41642054098703,55.889153992458205,0
U0094,79.01276131990289,73.86189006102668,0
U0094,,53.529724063494285,0
U0094,69.43583746136342,62.80126990059516,0
U0094,73.99403034635677,34.10225724743117,0
U0094,72.88810037013201,43.836886357235294,0
U0094,62.383673914505025,58.67035844464327,0
U0094,77.46927260297993,54.24533443864548,0
U0094,70.82716180201588,49.115991497931084,0
U0095,,45.88590311465838,0
U0095,71.91116532681905,66.60597204535786,0
U0095,81.37656274115669,73.86424400635124,1
U0095,74.48878726688945,57.1246435522299,0
U0095,70.89611631711651,56.97752653206254,0
U0095,72.0102771234857,67.14294713333487,0
U0095,75.81890626869726,43.107858104542615,0
U0095,71.84347574954265,50.120134002043855,0
U0095,65.35342353042162,46.71906347370088,0
U0095,71.8402484592772,60.020273009625726,0
U0096,,67.59688939043066,0
U0096,64.20649550552452,48.905869981361285,0
U0096,70.48153549991343,41.57552452752274,0
U0096,68.38156218603413,56.020585956749215,0
U0096,65.03058390899417,45.84715362442203,0
U0096,58.90661760303194,74.53673805380559,0
U0096,,69.00540369082817,0
U0096,66.09582265402996,62.2511912904476,0
U0096,64.70982412191456,33.10471711364186,0
U0096,62.909894659620626,62.14332048602552,0
U0097,67.5660694823028,53.25446290629451,0
U0097,69.64945921301481,57.85155525503561,0
U0097,70.09418669501261,67.84749929019785,0
U0097,68.30460425023786,71.61782369305035,0
U0097,64.15844386113847,59.84804018322603,0
U0097,70.82713750538605,51.08942538142974,0
U0097,52.30765492968019,54.434029667876224,0
U0097,69.73715739102947,56.52745594208424,0
U0097,73.32383340439709,62.57632805642239,0
U0097,65.93980116801212,49.66371588593166,0
U0098,72.43255669193525,62.67776708138305,0
U0098,70.30352651018858,46.36590640571308,0
U0098,75.19555026155628,40.15051140666321,0
U0098,76.94439292251346,60.19209460523117,0
U0098,66.89106991272621,45.24479926792127,0
U0098,78.1710862048871,62.22561088633462,0
U0098,75.80694308351924,61.060865505836865,0
U0098,76.95190536479082,62.32361120056164,1
U0098,78.06406972882519,60.607275768866224,0
U0098,55.15776265512296,62.5223927822579,0
U0099,69.85351508129804,38.97254656768456,0
U0099,73.53402080421601,58.97445050177462,1
U0099,81.27685523233215,50.9715073891731,0
U0099,71.46907300631442,42.629599152148785,0
U0099,73.22042989077184,44.30391539839206,0
U0099,73.66483662353245,51.80530933770753,0
U0099,77.14559264438576,63.68427480607419,1
U0099,,54.774543356904815,0
U0099,74.77168815984344,52.60150395440405,0
U0099,65.5941929507657,36.094060716453484,0
U0100,,61.48033831616353,0
U0100,68.8665860062409,53.24866110155651,0
U0100,65.54769739253432,68.82447674181648,0
U0100,59.65127538959216,55.287268739827304,0
U0100,68.24502790422844,40.19890387338258,0
U0100,64.58070996789591,57.90936773076516,0
U0100,56.73472359724694,53.95205342537548,0
U0100,64.26662638262684,64.36751574131775,1
U0100,55.587797751609585,59.50922987754035,0
U0100,63.26710924282728,49.673622787174224,0
U0101,70.83356839804122,62.98469237912252,0
U0101,72.44665712010968,54.64438323134613,0
U0101,64.7682053163628,58.405869601863216,1
U0101,73.3899232437908,52.480928320989584,0
U0101,69.95374119367744,53.04327875549767,0
U0101,71.12459091531268,56.70636089875331,0
U0101,,53.08801689019306,0
U0101,66.94966276300575,41.369345700020006,0
U0101,80.97044949035013,34.190046656563034,0
U0101,73.01082106035317,,0
U0102,66.37535340917104,53.828932590854215,0
U0102,72.52388232387447,38.90292668660761,0
U0102,67.46800332675164,48.723952686615185,0
U0102,76.72271091492523,72.1076492832444,1
U0102,73.80624684868506,55.291739877140955,0
U0102,71.88113529129987,62.824881472042385,0
U0102,53.8161918001297,49.83239636757364,0
U0102,65.67565042241073,46.95919978618472,2
U0102,69.4001490833845,53.92738672003921,0
U0102,73.07364974501222,79.2612811224893,1
U0103,83.01244721055565,57.07443837698186,0
U0103,77.11766697640572,,0
U0103,77.55466137230935,37.02765012075043,0
U0103,78.29095242613614,49.12789567065235,0
U0103,74.24893438581782,41.71063684508036,0
U0103,78.90886751257341,42.43459423732905,0
U0103,98.65201385735162,,0
U0103,86.02622457421806,47.065261272880555,0
U0103,71.34218829784386,58.49276192849239,1
U0103,92.5167620425917,61.94614150393276,1
U0104,,,0
U0104,67.22130556335014,43.174520955085924,0
U0104,69.21868938107771,52.254126502776614,0
U0104,69.61706647292839,53.20830587304343,0
U0104,71.22020571214534,45.55834539707884,0
U0104,69.7779804083523,44.74290321185963,0
U0104,68.21629623482688,51.72202359358445,0
U0104,69.84412942665216,46.78041243280569,0
U0104,69.16861109206637,60.671670385709696,0
U0104,70.36239113794727,61.24335650169008,0
U0105,71.21632092630385,53.06348180972397,0
U0105,70.25740702349259,60.65591668427697,0
U0105,55.0508851837636,56.8632840009497,0
U0105,62.95694882311741,46.42429324032786,0
U0105,84.2312290354253,54.97113855096242,0
U0105,73.48931768643389,58.4078408539801,0
U0105,67.1610553185179,57.79489655722148,0
U0105,77.88977314583879,42.27763302512626,0
U0105,74.29866884367217,51.488974478139774,0
U0105,71.69064082008501,61.03838863183696,0
U0106,,52.751701698046894,0
U0106,69.78460772628924,71.68406506145772,1
U0106,,47.825961456762464,0
U0106,69.13673271754506,52.378520732092994,0
U0106,70.45983773068969,57.29612892791633,0
U0106,76.25368143195465,60.82547638507382,0
U0106,75.30578683182972,65.06602542143993,1
U0106,,56.17308517956129,0
U0106,56.33696817146939,42.21638611977244,0
U0106,70.2493762980204,54.70008299416171,0
U0107,82.00483039366611,55.2580034701118,0
U0107,79.87568564252997,49.61699412238676,0
U0107,78.07732347658384,55.695446728097025,1
U0107,76.92749959698797,45.12634487022306,0
U0107,76.31585848284776,,0
U0107,76.82600323632599,63.642995539718896,1
U0107,76.40369895526369,,0
U0107,82.18560449086964,48.34394396444723,0
U0107,,42.72990856489389,0
U0107,78.20940733547042,45.90168804499309,0
U0108,78.08992550831584,60.15272050051803,0
U0108,,59.23731093933062,0
U0108,75.18946452096937,42.65093994005002,0
U0108,81.07284716058625,59.98263545465788,0
U0108,66.40612262716547,42.98207752313064,0
U0108,77.98070347844184,70.62290126514709,1
U0108,70.06742335110013,46.08732151798636,0
U0108,,61.45092601394941,1
U0108,76.97523223373476,59.10062260126283,0
U0108,79.64073451452151,,0
U0109,70.77518753953449,61.89297976263566,1
U0109,76.76769248177735,54.044715815924874,1
U0109,82.41849955983389,67.28051451320837,1
U0109,78.18824355048582,53.04199164707055,0
U0109,74.78501679024957,66.07039089879743,1
U0109,77.53175988164419,,1
U0109,78.55293092557636,65.29201841472714,1
U0109,76.53741112341523,56.702654839158185,0
U0109,56.41904779488614,,0
U0109,75.80087050474306,48.930899728678824,0
U0110,62.23772638036279,56.1126611738843,0
U0110,65.31043271416988,49.483942109785545,0
U0110,67.86674391146937,45.89849485762252,0
U0110,65.96243402924162,67.65137564859361,0
U0110,69.31613532979226,57.225194164966986,0
U0110,53.45746021687701,45.643874599550934,0
U0110,,51.282590906329425,0
U0110,70.58332642620012,73.24088625945893,0
U0110,64.77083658511306,,0
U0110,61.75509501556225,50.91528784827847,0
U0111,74.47540728825203,64.05245883142896,1
U0111,68.40299791014506,47.62933419632584,0
U0111,76.05965458793523,52.34645686634576,0
U0111,85.66618403964677,67.61777211489128,0
U0111,73.43538519414378,56.06932182268124,0
U0111,76.71440507976268,56.40748313080411,1
U0111,72.63674774528614,57.42122334502269,0
U0111,72.2020399627948,57.29318781094424,1
U0111,71.84993869300764,45.02691993516687,0
U0111,75.0165937836792,51.288311523035695,2
U0112,76.58368241567447,64.68492883930233,1
U0112,82.00434421055193,60.29805888209278,0
U0112,76.03879038189396,67.36076880311126,1
U0112,87.09343951117398,42.504211177205235,0
U0112,76.2490883673199,54.0573483831241,0
U0112,81.41067745146026,59.17501760203029,1
U0112,81.70082008448574,46.809638512146215,0
U0112,77.23095148025753,58.682388233287874,0
U0112,69.52821195455863,57.312949745353436,0
U0112,75.81041992111082,,0
U0113,61.06381314396301,57.3122565615582,0
U0113,74.03911357940295,52.310637856077726,0
U0113,72.33119449379471,54.002615658048484,0
U0113,64.47855713499777,74.70734749779594,1
U0113,74.55539242879792,45.712292258875046,0
U0113,65.56061823687568,47.12731373698588,0
U0113,67.78798467561386,62.22597998200458,0
U0113,70.12033353155947,77.43603962436651,0
U0113,62.128222099262274,41.54187297941029,0
U0113,79.56898012554538,64.187857395025,0
U0114,73.48216990513957,36.66112919463981,0
U0114,72.59855553674078,54.27249375731036,0
U0114,66.19735671445412,64.91256285982121,0
U0114,72.95842738597537,53.28169285349058,0
U0114,69.94238026199616,45.81649742219855,0
U0114,67.95911162654136,57.815888352726944,0
U0114,91.6620244029146,67.59448961830296,1
U0114,,67.28228429892505,0
U0114,72.60205916783005,49.57110004734515,0
U0114,73.9918293661239,48.23361869055443,0
U0115,73.71370536186961,53.6709947751131,0
U0115,69.49865251017954,59.5291736547015,0
U0115,66.99722032441454,55.16841339859911,0
U0115,76.04631301925234,54.209503570280745,0
U0115,76.05054142773847,56.57887627851035,0
U0115,68.10708114100139,59.58082269893355,0
U0115,80.2050716024191,59.816965141420084,0
U0115,65.20296165147634,50.88671837802308,0
U0115,71.74100855460694,50.546770969931956,0
U0115,69.92518584288362,76.78688305754997,1
U0116,65.85282266994986,53.71026364400282,0
U0116,47.381749854495304,60.33123167625053,0
U0116,55.84318663276065,50.41489870640473,0
U0116,58.47803273844727,54.706863896354854,0
U0116,61.81804671407125,59.138073145176804,0
U0116,50.992689673357674,63.28208766225606,0
U0116,64.82459511843906,65.09567704311407,0
U0116,65.85821173865725,55.67980140673155,0
U0116,62.148914201167734,44.59446938749408,0
U0116,63.858823489780725,61.715023586833915,0
U0117,70.86688195180733,63.47582847277453,0
U0117,78.77189801837599,62.44580785945781,1
U0117,70.83857531307841,38.86960976437513,0
U0117,62.46816074067447,49.73322538212399,0
U0117,72.73589585832815,54.08849052705235,0
U0117,76.6326925350225,66.99440295018528,1
U0117,71.96978381630794,43.70229898450841,0
U0117,83.42120814483792,61.030215580352944,0
U0117,82.37329505277516,55.1345859196175,0
U0117,76.26983962927173,59.12729883517753,0
U0118,62.27807711148509,33.39367071535468,0
U0118,69.50438950724319,61.68790524276689,0
U0118,70.1756684120102,48.92881494044223,0
U0118,69.15500258035713,57.939929074307635,0
U0118,65.49023465912404,54.34713635367009,0
U0118,66.18949735294704,67.69553030441755,0
U0118,70.19421385448145,56.99150641758982,0
U0118,74.58063961217479,63.45963180731759,0
U0118,81.20320060657534,70.97919656403715,0
U0118,69.9569842559224,58.150582274007384,0
U0119,76.51861146413387,59.506100934665824,1
U0119,76.29157489273368,38.2172853852132,0
U0119,74.22302438530876,64.18930394211901,1
U0119,81.4449527016328,55.89843585470041,1
U0119,79.77821553148866,66.66250928867792,1
U0119,,60.02419022067946,1
U0119,80.23256953600185,,0
U0119,81.67042301312377,52.851900678138826,1
U0119,82.3967676556449,72.18803665389953,1
U0119,85.81419983594871,48.72918311677649,1
U0120,74.71370601181843,54.57487632162968,0
U0120,64.8052856265983,52.78575576368164,0
U0120,65.1835932568347,,2
U0120,70.83321684106471,53.151092705032276,0
U0120,76.38000326582325,66.80207378814721,0
U0120,67.90625846629649,47.41239765171062,0
U0120,68.1939161757839,49.54494547909885,0
U0120,60.9044030077637,58.08245377532303,0
U0120,69.50460823188637,48.95294364292504,0
U0120,76.52729552498477,65.65254020261102,0
U0121,62.95258781902812,78.19398963732729,2
U0121,64.45724096609057,62.87084079937324,0
U0121,63.75161548295631,66.30229042885748,0
U0121,60.74249677371874,50.25106434907063,0
U0121,61.465379618494275,66.57181242882828,0
U0121,66.01058571735733,54.407493472638464,0
U0121,72.42982885487879,64.59697810341727,0
U0121,60.22005696854781,55.184510187357766,0
U0121,68.80818646564808,61.87649546133116,0
U0121,64.49438458715386,58.68394401213675,0
U0122,78.08400329953004,59.35451150279209,0
U0122,57.41476196203611,47.269713645478156,0
U0122,65.33687430645396,65.26983227146789,0
U0122,54.04405639836608,48.89102133908144,0
U0122,67.64130265450888,55.8216492850874,0
U0122,71.3594866370166,56.57313101299915,0
U0122,69.87100044267562,56.44391828808454,0
U0122,68.92149302778556,43.17980566457738,0
U0122,69.44631956430365,59.75049525322296,0
U0122,73.12301086085311,46.944712067124925,1
U0123,76.329257806954,56.268844571514215,0
U0123,69.43321751036447,59.632414069300935,0
U0123,68.35980316941092,53.09045242822118,0
U0123,69.55841535531243,72.62795308125943,1
U0123,73.07920028205446,45.29934551041919,0
U0123,71.98582488586327,48.26898016802602,0
U0123,74.60567263749797,60.4994623628225,0
U0123,80.32157314114565,41.87975508623675,0
U0123,68.41940139578406,44.904050779900025,0
U0123,70.62223226264584,53.55049147762558,0
U0124,80.2748960785719,50.57489661819708,0
U0124,66.5541904182128,41.903245586787044,0
U0124,55.12415557955542,46.13664696652507,0
U0124,66.26438721442193,66.7502943465523,0
U0124,69.06527484025344,60.88146682698078,0
U0124,50.80383379432003,44.490806656462176,0
U0124,61.30372977973104,35.7422605571598,0
U0124,76.32581720944707,45.21557756764779,0
U0124,69.07512045463099,49.0222953158865,0
U0124,73.33683634235493,57.364408544280394,0
U0125,65.5445222232469,59.020072738209336,1
U0125,87.78463093326842,42.21687464759939,0
U0125,75.4367384936738,63.60685693348233,1
U0125,76.06925150847883,50.4062564862693,0
U0125,74.29155064318138,43.98120921874662,0
U0125,82.2812579462111,59.076415425091206,1
U0125,76.08342321686175,69.42664985757459,1
U0125,75.58215529390266,51.214882888909386,0
U0125,76.96226896119414,63.96390847794548,1
U0125,78.6708058257961,56.47396927445414,1
U0126,71.51505420072027,43.63866163431173,0
U0126,56.50708321101859,69.81519298083504,0
U0126,68.76888361214246,38.216772324311556,0
U0126,68.61315721947598,51.724695236915736,0
U0126,82.34792142988796,71.52940460404507,1
U0126,67.73162771812522,46.84465095876583,0
U0126,68.8829606151006,52.59379718434316,0
U0126,62.25433237500523,51.741647897840956,0
U0126,72.78864630447728,50.71137996309123,0
U0126,70.17990055029381,65.80769992297535,0
U0127,75.54535520300591,46.63512326352288,0
U0127,87.3291839940427,65.08748104486446,0
U0127,82.46678130142593,53.32622615859254,1
U0127,98.54860064178614,60.5744191102661,1
U0127,75.39018813120632,58.341324140663986,0
U0127,,44.31285815114558,0
U0127,71.72394610208688,41.87851952183519,0
U0127,75.66834116825089,57.74326193833377,1
U0127,83.1195246239579,,1
U0127,79.87340307422521,57.27993993836847,0
U0128,69.53513451256009,28.72217178930799,0
U0128,91.50010437624161,54.015362274131064,0
U0128,66.9014262439364,,0
U0128,79.36848783245566,75.59446963186471,1
U0128,71.70184802124362,52.83428893849498,0
U0128,70.29703925459751,40.877780781163125,0
U0128,69.32266467354248,52.16294769444863,0
U0128,61.90780057052809,74.2880945065388,0
U0128,65.18432449673834,52.52579224382533,0
U0128,,,0
U0129,38.259733169379174,,0
U0129,68.60091255458828,56.63453825532887,0
U0129,66.19138513918121,53.54457667930972,0
U0129,72.00970853082745,52.31333488453224,0
U0129,63.25899137904125,51.14832677639034,0
U0129,67.54110423750208,60.68041041245282,0
U0129,69.8329386945161,56.763948229047195,0
U0129,76.0663178593942,59.840964794121504,0
U0129,71.78216557247187,52.077103895616816,0
U0129,74.43161415236655,54.62872914536962,0
U0130,71.2204526733978,53.160778041381796,0
U0130,59.19106320382421,43.05881197905044,0
U0130,70.06452134800786,69.47801941701353,0
U0130,75.81768552735403,51.83977056316256,1
U0130,73.46612607105874,52.54355202778665,2
U0130,64.62199442562257,62.03747125845564,0
U0130,,58.32797909762078,0
U0130,65.93071889829021,62.4317303628137,0
U0130,64.64589823925924,31.47220668995929,0
U0130,74.52223665810763,65.53984644339165,0
U0131,67.64965451316684,72.261871395586,0
U0131,63.50303192224957,45.58049772614608,0
U0131,69.7624245186058,58.52655149594614,0
U0131,65.55193508493625,59.975059321737646,0
U0131,63.839537430548624,61.51692022078166,0
U0131,66.68240959903714,56.03107831842533,0
U0131,66.75189352104255,57.941807566207224,0
U0131,53.64107031359579,52.02596785044947,0
U0131,72.87221732943016,49.76966998090214,1
U0131,68.36009707677273,68.51415281735984,0
U0132,66.02716655809735,41.24891510593241,0
U0132,75.78657045003972,44.3157460098341,0
U0132,71.1766970951557,54.21042435614583,0
U0132,76.21185112238663,53.502606036751864,0
U0132,77.56919831362318,70.47028612215652,0
U0132,74.8980760734689,49.33238383655412,0
U0132,68.56408295496729,54.5331595938575,0
U0132,77.61205141765612,50.727695683819896,0
U0132,73.3142512119671,56.76272276521629,0
U0132,74.77100516724867,52.011746171714094,0
U0133,,62.434408803369095,1
U0133,79.1693484482047,56.40706683780551,1
U0133,84.51071400712223,43.40784237266375,0
U0133,80.71991870928804,58.98273913952174,1
U0133,81.26600572949296,48.80482413281873,0
U0133,78.133202435897,50.05126936663502,0
U0133,,47.11224524410781,0
U0133,,57.85946294386464,1
U0133,89.11073187386565,68.94264264467581,1
U0133,75.08671596242588,47.2923099525925,0
U0134,66.44056131393963,33.48229103538717,0
U0134,69.42005946706489,56.24612480216565,0
U0134,69.35496654896862,58.19380263457101,0
U0134,69.82408757456817,51.11413125874639,0
U0134,67.76450910354995,42.28161422239474,0
U0134,75.97068893906786,52.819125435351964,0
U0134,71.11546991750933,51.95114505045103,0
U0134,71.33505519056692,52.70399863408051,0
U0134,79.40281866971443,64.32260200644913,0
U0134,76.75519825773702,64.94532781271835,1
U0135,68.7019077488994,62.08006733834721,0
U0135,61.85886729838751,51.244212075625136,0
U0135,53.333873488263116,66.75922655437576,0
U0135,63.057165359323875,55.61377006560554,0
U0135,53.137505663807616,48.63649812947552,0
U0135,72.36167628944948,76.15804432389862,0
U0135,60.52043558742997,59.77999115657145,0
U0135,53.47026534539512,37.65945338135528,0
U0135,59.41619155578187,51.8658410846377,0
U0135,55.59881001223776,48.226060471927056,0
U0136,74.25334915536814,,0
U0136,58.5546984517576,54.24927119139768,0
U0136,,,0
U0136,73.72065987792531,62.920206321293236,0
U0136,73.57842898326751,55.846696384273315,0
U0136,77.40888977428624,68.54651514983732,1
U0136,,60.77522370743245,1
U0136,65.96781117496951,54.78681082987315,0
U0136,79.1911097674136,59.230859713924694,0
U0136,73.4155361222373,51.29624514584989,0
U0137,73.98736046157654,68.45617431775591,0
U0137,67.6664428252199,50.18125361999286,0
U0137,71.35991568811794,,0
U0137,69.06346036155541,56.855152873077984,0
U0137,63.90137698013993,71.04308230711297,1
U0137,82.1076538464846,63.30743432511098,0
U0137,70.23425244810099,47.174384243740874,0
U0137,72.33815548959754,63.79768201788956,0
U0137,78.70880740534275,54.96274223342664,1
U0137,73.59638896558721,61.213705690483934,0
U0138,76.41013638867936,43.31597244299851,0
U0138,74.72672546344491,69.03049622941339,1
U0138,78.26548271709406,62.048793623830015,1
U0138,,66.23543382383698,1
U0138,74.16988086351851,56.970683521861766,1
U0138,62.74124100512299,51.44189618162843,0
U0138,86.05191341718191,45.23924066706647,0
U0138,78.10267888104836,34.9174257857161,0
U0138,76.73841774196622,64.94894457128203,0
U0138,68.18626833015267,63.08785631944394,0
U0139,83.81004655611241,,1
U0139,74.79060790642075,48.34106357754484,1
U0139,74.11538366919318,49.72323861639378,0
U0139,78.87363267377432,66.76548780386935,1
U0139,76.62849770912656,62.21679496173305,1
U0139,67.16147517930473,49.93505413398592,1
U0139,79.31446606605587,57.725953228420934,1
U0139,77.58055803279419,62.64066388947144,1
U0139,77.31296672532523,56.02144534602271,0
U0139,75.82157202559347,66.35911450657885,2
U0140,67.99976737149953,52.49445384955428,0
U0140,69.03751058331922,34.160119563381855,0
U0140,81.45817298498531,63.07460784864733,0
U0140,65.68062997672882,56.621683639732176,0
U0140,72.69325889811107,57.93588687569155,0
U0140,68.3543432136766,48.9156273785807,0
U0140,70.91861666217943,48.152209493793634,0
U0140,69.09632583568272,54.33817630696643,0
U0140,72.33038373775439,66.05005265107846,0
U0140,67.23373332984164,43.09809149313936,0
U0141,63.20024262347444,51.358753637888455,0
U0141,75.04952625518719,81.65105380396429,1
U0141,66.70004510317878,47.83446488892807,0
U0141,66.68745884962034,65.33533944381743,0
U0141,67.73083752674111,44.14155441100609,0
U0141,67.9239170762276,50.28875599795982,0
U0141,69.28741587875496,60.47050394235472,0
U0141,61.90991885840067,50.26429581678589,0
U0141,74.0908982667226,39.20487276940387,0
U0141,59.97666185109527,61.12818956585635,0
U0142,75.91730579495724,52.544138681454626,0
U0142,65.00405271633285,61.0869551865037,0
U0142,62.333695840794945,53.64239620176136,0
U0142,59.385326282519685,58.71902332756567,0
U0142,40.40046132100605,49.37776363491473,0
U0142,65.38991632620402,66.4203352293719,0
U0142,63.592638636826464,60.25033394296598,0
U0142,68.085028257287,50.95321330687666,0
U0142,66.93660495703581,56.950269620168434,0
U0142,64.37718794246295,52.7154088304903,0
U0143,61.81043249603226,55.91724557720383,0
U0143,58.622750668550104,49.01051741803407,0
U0143,63.60724970250328,50.86352252798286,0
U0143,69.26742215453847,51.17582966386304,0
U0143,78.10701118407154,52.392223092173694,0
U0143,62.44954198458205,49.13310262807076,0
U0143,66.08916168843831,42.1349132587037,0
U0143,69.80747219389173,58.34626431321612,2
U0143,69.59905415923669,54.58307436595201,0
U0143,63.93004792091751,45.344961201221665,0
U0144,84.1240439488285,65.99601113065542,0
U0144,73.956139290701,45.04276076491106,0
U0144,71.9207499067099,56.60925317403575,0
U0144,73.15527372013761,55.03140479959005,0
U0144,75.59166541859446,60.87799030918435,0
U0144,66.70094674103028,61.09160583824586,0
U0144,,55.956545643241235,0
U0144,74.0787038291447,44.29551548891199,0
U0144,72.28633758365274,48.98217337705978,0
U0144,77.0789844034987,49.78309246908692,0
U0145,82.96205639081337,61.53614694235348,2
U0145,80.82549246161679,61.498790341372086,1
U0145,79.61234395907562,46.06006037515824,0
U0145,83.50797285703088,,1
U0145,98.30520801812611,,0
U0145,72.28612212324612,45.1911624035036,1
U0145,81.18340183488326,50.827378417882336,0
U0145,81.45244763200822,,0
U0145,65.97834903652279,69.27220879723359,1
U0145,90.80229029721025,36.4322075191362,0
U0146,43.16603644780098,58.64009312960065,0
U0146,71.686170311822,55.59666949756311,0
U0146,66.78119314704567,58.173659636626354,0
U0146,74.40052597853003,,0
U0146,68.78017112914988,57.7075713598141,0
U0146,73.53311016066756,48.561286999138844,0
U0146,65.79818991136175,54.77141624740417,0
U0146,78.84513539440977,60.29518380480171,0
U0146,63.99934435805844,53.6312299920662,0
U0146,,50.618275785953394,0
U0147,66.03815663679615,63.70018608948078,0
U0147,74.03487246163088,66.35153214478518,0
U0147,71.5152310678415,45.51487880565631,0
U0147,79.40064429865966,61.87334656600047,2
U0147,63.552446540203704,45.57261028277821,0
U0147,70.13641743743356,72.24218281692296,0
U0147,67.34598499154279,52.04646061658939,0
U0147,,61.790742629019334,0
U0147,72.75579999852428,52.76905979063537,0
U0147,67.1340341826309,72.01901030221573,0
U0148,65.25701270614677,57.0543933804809,0
U0148,69.9700741215343,59.25079292511734,0
U0148,77.27114463311217,46.901358689900064,0
U0148,70.8032006966434,53.47670092437992,0
U0148,71.23552169016753,63.735282529038855,0
U0148,,53.355103475404,0
U0148,72.71492531917251,57.93143542303857,0
U0148,71.35219752504675,75.61118798703976,1
U0148,78.26741067717897,57.617498420557126,0
U0148,71.56718582328453,55.1563453615278,0
U0149,71.98250061926117,56.77530767234575,0
U0149,79.58887535497257,52.0737085415599,0
U0149,68.30179130601717,51.35876489451312,0
U0149,62.20182621529339,53.24778450955166,0
U0149,68.66521085366162,42.44189697480339,1
U0149,,59.141956874063034,0
U0149,72.49423176417164,47.727838823320994,0
U0149,69.85593944705752,49.20618429581258,0
U0149,67.43735532792668,52.09995216984032,0
U0149,72.73591329277568,54.96215024717474,0
U0150,78.38355534681845,59.54427363564033,0
U0150,54.263185212888466,51.53258161877526,0
U0150,70.64551504896015,43.16198938506196,0
U0150,67.1441263946196,63.18798316664718,0
U0150,65.49692475568204,61.55165561501303,1
U0150,78.53849825863183,60.921952065635345,0
U0150,75.79254046329432,51.63876742611411,0
U0150,61.83973734406659,61.77285948783489,0
U0150,73.96363774364421,,0
U0150,65.34493261092528,34.41377905838613,0
U0151,70.20785285866174,55.12138274691217,0
U0151,79.97207206660164,53.23447609855753,0
U0151,,65.26362362233333,0
U0151,71.95738208307007,59.259875475216774,0
U0151,66.40230912087245,41.156912526125126,0
U0151,63.25603079625594,42.044541949562365,0
U0151,59.3347580463195,57.36434366566017,0
U0151,51.23909795009649,46.51891257099298,0
U0151,69.27433599020077,57.51416148039375,0
U0151,60.1525715788583,57.05958723323172,0
U0152,90.33950242318112,54.35213783710048,0
U0152,65.94231105283833,47.8989920664193,0
U0152,71.11437814064833,49.113406122357254,0
U0152,73.35619720876022,55.1742727671453,0
U0152,68.60627962386768,34.617227958551126,0
U0152,72.26948588952,,0
U0152,66.94573973342949,57.621364114202805,0
U0152,74.70500598025625,58.482814071995094,0
U0152,,,0
U0152,64.47547291897288,47.44857380908091,0
U0153,76.26997646024073,64.45831919497384,0
U0153,87.17929820624381,45.50989709127316,0
U0153,64.92580348582224,43.39346004065563,0
U0153,67.63758392772463,58.681939132609386,0
U0153,71.11552703360539,51.34263508045685,0
U0153,67.44004245521637,45.758141410382706,0
U0153,70.45321569605359,54.08713277146693,0
U0153,81.42700391611463,62.87428793459651,0
U0153,72.2987757105613,52.0502703691754,0
U0153,70.20912842045414,61.717040871545066,0
U0154,71.54980587776714,66.29416455031395,0
U0154,74.29028825943358,56.156020918597406,0
U0154,70.81024043267698,53.03937227151982,0
U0154,63.03163676662809,53.407456945570665,0
U0154,73.07587988147831,,1
U0154,80.97345631187781,61.84270567777137,0
U0154,86.29537990747342,52.82705001261235,0
U0154,63.38019372359047,42.72417607170855,0
U0154,72.19787954720864,54.223275697067336,0
U0154,70.98936808711046,62.640667564368215,0
U0155,83.74655037731979,59.19922240958291,1
U0155,80.55186386408367,61.8072368542432,0
U0155,75.51511753147821,49.33327101990462,0
U0155,,55.0440106746235,0
U0155,70.87738331788684,52.38188837175825,0
U0155,75.59848835970556,46.65544678844823,0
U0155,81.86666479242265,60.459812867283176,1
U0155,73.40621545571447,70.86162476280195,1
U0155,75.91503063328996,56.40365553854147,0
U0155,74.4178754824589,58.36380249578073,0
U0156,72.00951411448246,68.78031690932987,0
U0156,75.35224707163162,42.72371427206788,0
U0156,65.62798616717234,56.18820797458655,0
U0156,77.79443751242468,65.0024522838069,0
U0156,73.71128783636918,60.27138164025933,0
U0156,67.63901253359118,51.21194852829287,0
U0156,74.80474772560498,44.24316569663428,0
U0156,71.8391780081983,53.820494827385666,0
U0156,66.54055512134383,51.28001649463101,0
U0156,87.01544207821446,59.534998429616856,0
U0157,75.81188993559981,55.33677476562222,0
U0157,72.82664887625805,43.411070254107685,0
U0157,73.10745342488022,55.24297406313114,0
U0157,76.25219860208124,56.60603040084363,0
U0157,69.7515094850235,53.562003931317705,0
U0157,69.1224054097316,63.49184401525913,0
U0157,74.17724811136468,49.66276238083524,0
U0157,75.29462962209392,51.3832586137418,0
U0157,65.83985120984785,42.3125154973038,0
U0157,72.65292969246009,57.18435198356572,0
U0158,77.64916663093229,77.26962209709224,1
U0158,75.41083905597348,52.73130703288896,0
U0158,76.89816229063933,41.19237887786581,0
U0158,72.9311337094824,49.45667535011745,0
U0158,71.18110675642215,65.7768867090954,1
U0158,77.20306009243002,54.54356199396903,1
U0158,68.87388007125759,47.889987538556376,0
U0158,82.78409204922114,64.20560621803352,1
U0158,81.27958428977016,75.72618197654165,1
U0158,79.82621237906635,52.886089918766665,1
U0159,75.73520877549117,53.3434500274834,0
U0159,72.08235140475138,55.01260637892008,0
U0159,74.41707794827764,54.216737369666106,0
U0159,86.26221720881712,56.997021717293805,0
U0159,72.59667085872617,47.52192070435506,1
U0159,82.23303114187932,36.11991605234647,0
U0159,74.75389487587728,46.4400597017972,0
U0159,81.78521611554044,50.81544710056804,0
U0159,72.71677846930001,41.56322748695727,0
U0159,73.87189422618115,40.50349432982222,0
U0160,82.05203616957704,61.11217217207471,1
U0160,78.77748740807577,53.19468995220003,1
U0160,77.4233174067636,45.371121085873604,0
U0160,79.4978504001882,47.05784183609451,0
U0160,81.24530817640917,62.94618016152256,1
U0160,77.14342171000374,67.70011254437574,1
U0160,82.49827629743965,60.7113978382154,1
U0160,77.23600556679499,60.47450196601984,1
U0160,76.52787904371684,70.23318366124072,1
U0160,81.61285089787937,75.77261809630433,1
U0161,,60.06108531217226,1
U0161,70.73533753258019,46.77377446186251,0
U0161,,55.8894895808093,0
U0161,81.92391395164879,53.52771686104542,1
U0161,70.85123180598664,50.38405100201699,0
U0161,67.99185162613624,40.23206178245995,0
U0161,80.02025606198627,61.62068084788119,1
U0161,79.63400536737791,67.587524116906,1
U0161,70.57237003696285,42.596849938322855,0
U0161,92.09565723991716,54.76061249896804,0
U0162,64.94741823660928,49.616656922995965,0
U0162,68.57398659910764,48.31006021895732,0
U0162,59.007334115063486,58.25059464492023,0
U0162,43.190826243689074,42.14248020452243,0
U0162,61.64525011526951,57.95434888708019,0
U0162,67.33433872570046,41.79583349993819,0
U0162,68.1110002063973,52.790234391930944,0
U0162,66.38481278310194,52.47710431167228,0
U0162,71.0193775454224,54.65171407992097,0
U0162,64.25627538314436,61.32563514582196,0
U0163,69.90306710795916,58.579444721393834,0
U0163,66.87214685956542,48.20924583434909,0
U0163,,59.20781750980142,0
U0163,68.37073469195613,60.09845908668872,0
U0163,68.12383069342836,43.21858820157392,0
U0163,61.85404013897479,59.97048631068645,0
U0163,63.9404961979462,50.23739089956468,0
U0163,54.34537169742868,58.34740954315506,0
U0163,63.761296306642606,64.42357218246512,0
U0163,66.68279613519822,59.501375360286936,0
U0164,73.63015261190101,56.139950825832855,0
U0164,73.5602777575811,59.073976188167045,1
U0164,77.79320908747349,60.975956414223845,0
U0164,78.65032030215245,58.10597016825655,0
U0164,79.64285265470471,50.74382348639458,0
U0164,79.2114127779635,55.33961944971226,1
U0164,72.47271303268258,67.39050167560208,1
U0164,71.3462262169627,43.618824874201664,0
U0164,72.50875281114848,49.229340440479746,0
U0164,,,0
U0165,77.59268783925361,52.94804068817117,1
U0165,,46.45499214633318,1
U0165,71.78643919195032,,1
U0165,82.7140183616541,68.16496008595011,1
U0165,83.16425850630964,53.431204384548685,1
U0165,75.70217600858798,62.83053954546689,1
U0165,77.35294213945875,49.87270962703648,1
U0165,,,1
U0165,83.70469814330217,58.48689338687233,1
U0165,81.37043676490998,44.938532174962056,0
U0166,67.86046332589771,44.05313524839173,0
U0166,71.39965091785537,61.90370493674581,0
U0166,77.26882138998486,53.313667934889125,0
U0166,72.09709598325075,67.6885548704199,0
U0166,76.10267806687052,53.24223834726342,0
U0166,75.91292980724326,68.7351976180694,0
U0166,67.80538871766372,60.84391792420191,0
U0166,69.40651221963908,79.50656212930625,0
U0166,66.82127892625188,56.86108007410563,0
U0166,67.28538079398908,70.40074614497617,0
U0167,84.02775265149515,63.905883464582224,1
U0167,76.16163357984632,57.326885557129174,1
U0167,87.49698422634336,52.93327885797855,1
U0167,89.34100635576623,65.9721586379458,1
U0167,83.07455138907739,49.113142797943404,1
U0167,82.83021889030552,65.07307422263803,1
U0167,86.21362051474922,,1
U0167,86.23270697801274,66.72049124707934,1
U0167,80.58581102802012,42.55984399066054,0
U0167,86.30254288820899,39.234002379565,0
U0168,74.16968074242492,56.86936372097823,0
U0168,,58.78392482664912,1
U0168,87.1742353517673,48.138787908833834,0
U0168,76.27599137775118,54.23240626382286,0
U0168,73.57242863887308,48.62916811614253,0
U0168,70.04361339081737,66.59774340529215,1
U0168,79.98145944136333,55.70948608869648,0
U0168,94.24997478366832,59.604206930972566,0
U0168,82.26763899158199,53.75664124920897,0
U0168,78.42063996379773,,0
U0169,57.560813651275836,44.128144411642644,0
U0169,72.72075332054662,43.39552571832398,0
U0169,84.81678038779884,48.56811758810797,0
U0169,56.98905322283987,45.48011125669603,0
U0169,67.4656429590432,64.60220059081573,0
U0169,76.93978100924063,61.68166080427701,0
U0169,74.5196239868474,57.070786946542604,0
U0169,50.82497874802093,56.61844823325438,0
U0169,62.86876754902183,43.70743693240364,0
U0169,68.95455708311803,65.31082229168308,0
U0170,84.51687841415051,67.2150272777152,0
U0170,69.78354965232691,48.402643973210516,0
U0170,,52.438452990958844,0
U0170,68.87188203729916,70.29531950291378,1
U0170,78.0770934144065,50.61839995271083,0
U0170,63.7389753822318,48.24887576359118,0
U0170,67.00706840295808,42.888835816254584,0
U0170,63.41869968699842,71.11749578073359,0
U0170,69.84303633953904,65.51996769610446,0
U0170,71.61815446182773,58.27341509618242,0
U0171,64.98218802456621,52.98138408014937,0
U0171,62.84664943637624,44.52066477245453,0
U0171,76.25802781397,50.72075139686869,0
U0171,65.55680309368243,42.56521081491891,0
U0171,,58.93265231559668,0
U0171,76.53100127956867,61.91837019867291,0
U0171,64.58618048183313,42.72105816886284,0
U0171,73.04243361784675,61.928413886693704,1
U0171,70.5581763793484,62.599822464514254,0
U0171,57.27293010577779,44.24944914309183,0
U0172,,64.97954311339063,0
U0172,68.91955922045851,51.703013940580476,0
U0172,62.35639811942739,51.618088132907324,0
U0172,67.11318112628696,58.91856715267057,0
U0172,74.17738647038323,57.10654477093714,1
U0172,72.3661040253011,61.70692494033884,0
U0172,63.54284430313377,38.32754658736371,0
U0172,62.242540169477465,52.32365654734386,0
U0172,67.49822357931619,51.62576878648142,0
U0172,69.2422051657026,,0
U0173,84.41352854544651,61.890412974340705,0
U0173,67.90250554555044,45.061327569768935,0
U0173,65.70290360053947,50.574481446450626,0
U0173,73.40224971825207,45.04884155313937,0
U0173,76.01911312623915,58.766783654080506,0
U0173,64.85000091672293,67.68512019777832,0
U0173,72.19369638649978,57.78579950586239,0
U0173,75.3891119814287,64.50586666418668,0
U0173,77.06341206790452,69.1793021199985,1
U0173,74.66665468675019,64.97720483362711,0
U0174,72.30272734297924,55.552229689119805,0
U0174,65.84901606010915,65.0173689971621,0
U0174,69.83875771334621,42.09058365295109,0
U0174,71.96697224323314,39.186190359792555,0
U0174,,66.91788622030835,0
U0174,73.91474742010605,75.73696510537769,1
U0174,69.42728954474981,53.88197233600947,0
U0174,70.42603858041578,50.08246301241976,0
U0174,68.47932340496648,59.808415054748686,0
U0174,70.91152044598272,54.31131974299964,0
U0175,73.35722460886184,52.177477170988155,0
U0175,62.06530028165627,63.74273424179822,0
U0175,69.1811511017114,57.07042905700142,0
U0175,79.57215790984854,52.46237575217626,0
U0175,64.5103500170541,55.130551899586294,0
U0175,67.16964101667942,73.62974406197476,0
U0175,60.321392364963266,57.37818024341995,1
U0175,65.82712726489314,53.10972942819739,0
U0175,68.62250625286453,68.35509375726214,1
U0175,71.62818776660652,60.58012010966906,0
U0176,,56.65961109706823,0
U0176,77.04135934808063,73.76064279860394,1
U0176,80.42004543952103,,0
U0176,75.90177096881162,54.37049465723336,0
U0176,67.1569931746704,48.759639580274495,0
U0176,73.55050966323691,51.067740055913355,0
U0176,73.16131973010803,58.81523194537851,0
U0176,76.6448750420707,48.742782380357525,0
U0176,79.79006851217675,53.15142443469718,0
U0176,71.01866776638988,57.367536572488326,0
U0177,65.48958760702307,46.39357604988392,0
U0177,71.32415992381364,54.12663416174694,0
U0177,59.61859256022926,57.27789150109398,0
U0177,71.56257644261451,53.500409701765605,0
U0177,76.26223182631796,50.50192965256868,0
U0177,,55.693618263831155,0
U0177,90.84921081837592,48.81471385170496,0
U0177,76.46692912965143,53.91399604213021,0
U0177,80.43523637751949,52.96145948958848,0
U0177,67.70968927815277,39.709292959092764,0
U0178,69.69696121547918,45.162150641802945,0
U0178,73.02129316251776,38.366872697217424,0
U0178,75.42715656867794,58.65346329032349,0
U0178,69.05550902863216,44.76897056258328,0
U0178,68.04931256944704,56.145874245443906,0
U0178,74.96231434374262,55.53941033087957,0
U0178,74.4336814090856,50.49719296533492,0
U0178,74.56571076127364,43.984891811373046,0
U0178,72.12529522196208,51.71416910759811,0
U0178,76.20027330789424,55.35704930106965,0
U0179,73.49489446815764,50.896652616092354,0
U0179,72.53929742928965,51.57604270929418,0
U0179,65.11633038400184,43.36372046622491,0
U0179,69.4705192205459,44.32970691585464,0
U0179,67.1856401548908,64.616480541593,0
U0179,68.27166906387868,51.01791031270519,0
U0179,77.54410949321031,49.736903235353466,0
U0179,70.16220342253312,48.106456420174474,0
U0179,79.68802320727502,52.269629618189484,0
U0179,76.21847671532826,73.1601055287446,1
U0180,74.92376372204501,52.87213928893383,1
U0180,83.8985393557467,65.43233253061821,1
U0180,72.04758498795213,,0
U0180,72.0895373471444,47.91560472553975,0
U0180,72.19209811399645,,0
U0180,,47.25897272809391,0
U0180,83.92606172854283,35.09602848837831,0
U0180,68.37674877571015,67.74011241108226,0
U0180,68.59265665849061,44.074612699307956,0
U0180,67.27052210519672,52.54057603350476,0
U0181,64.891226948357,58.394851148246424,0
U0181,49.34880819319456,56.28531391216751,0
U0181,62.737340168835686,50.98287939684332,0
U0181,70.22505780697651,52.86465137741472,0
U0181,78.57681087662647,50.300034528925195,0
U0181,,58.335717356395335,0
U0181,62.63404366500834,47.97615894581237,0
U0181,68.45474124137716,50.14588756556749,0
U0181,62.16153341206899,43.511834144267794,0
U0181,,32.12809902273451,0
U0182,72.44062397265672,65.04351448797314,0
U0182,68.03147167593858,64.82708643144963,0
U0182,63.75991510934995,63.64405121755254,0
U0182,64.92534575908526,53.7039955344528,0
U0182,,52.23445317618645,0
U0182,70.36144571095281,62.40045965924565,0
U0182,67.00875087100513,55.889966666875566,0
U0182,71.1485332711308,37.860786978127244,0
U0182,58.314498855885894,,0
U0182,70.56236787825785,44.65952697883608,0
U0183,68.31499802491464,50.253479566071704,0
U0183,72.706077334826,40.97060879281224,0
U0183,72.50195795535124,65.64234107213717,1
U0183,78.3942318392865,67.9406157237298,0
U0183,73.15261079883152,52.38017106086826,0
U0183,73.7901440188205,42.48224589660876,0
U0183,69.08580229379253,41.06738141694974,0
U0183,73.15925015291458,60.70044718050258,0
U0183,76.29418682221488,61.73245039041289,0
U0183,75.48086246645843,70.2726580514769,1
U0184,76.08953123263342,,0
U0184,62.37501853152105,55.83110007675626,0
U0184,71.45310851328702,69.84167249128794,0
U0184,70.06156065468662,51.5825549223068,1
U0184,74.26540246726327,61.22546882702504,0
U0184,71.79473512818784,52.04809235621218,0
U0184,79.93236812633057,62.73282050816676,0
U0184,64.31450060204683,44.874952434548554,0
U0184,68.53064121967215,,0
U0184,72.02184223081862,67.27843892094796,0
U0185,84.25004199607422,60.58261375060237,0
U0185,67.57011634294012,56.40487745210921,0
U0185,67.4246125720008,50.91402105415818,0
U0185,72.86959813041138,51.92391297331887,0
U0185,69.1796469255506,56.435236883098014,0
U0185,75.0124163459167,52.271899158489795,0
U0185,77.22088688442638,51.43106380227705,0
U0185,64.35060326603721,63.66923864721683,0
U0185,69.32998402938452,56.35509090770773,0
U0185,74.42411143714175,57.87656747346469,0
U0186,75.68210473822907,54.49867478378495,0
U0186,78.09430696855796,64.92710026748857,0
U0186,81.7840082529102,59.29164078453459,0
U0186,78.52285033495126,44.87370179735166,0
U0186,74.71967640918835,32.01281640311843,2
U0186,72.84471401487188,57.6134931545106,0
U0186,65.31100529678722,45.406079608037395,0
U0186,65.9186865194828,50.18539815226783,0
U0186,74.43397958233408,54.559790837590604,1
U0186,69.58120307262037,53.0598016362867,0
U0187,73.729415930836,55.25134773761743,0
U0187,73.02985392653812,55.725098961504926,0
U0187,76.55824254059353,61.685891013678955,0
U0187,74.78769336203894,,2
U0187,78.38601263962802,62.512014211684104,0
U0187,81.25355107794464,58.06712086882528,0
U0187,,57.3268292327159,2
U0187,65.21789664979357,50.60808213575423,0
U0187,70.8645749574301,45.25337647331305,0
U0187,68.46181736237605,54.89614106455248,0
U0188,68.65453458912053,49.91050852335163,0
U0188,66.80661298741617,70.59333441363896,0
U0188,66.20048529608584,41.262122691213314,0
U0188,67.87038016998284,68.14178395797667,0
U0188,67.11447330641353,61.001218452245894,0
U0188,68.18679858407585,64.17661106368597,0
U0188,,50.588200763924654,0
U0188,63.46326634477402,54.27592337403148,0
U0188,71.38865419967664,57.716978436425876,0
U0188,58.5736406270945,45.73483555131509,0
U0189,73.49778848278402,78.33127382963602,0
U0189,74.02951678634248,58.74654990139892,0
U0189,73.83280722693189,56.74734385557241,0
U0189,69.07292302050784,58.42827304162548,0
U0189,69.60635345246409,59.0761037981981,0
U0189,64.2814332033053,53.41975307284585,0
U0189,74.39993783293812,61.887861162734495,0
U0189,72.40170348161273,69.26542179817464,0
U0189,73.10192762424681,55.6055723134713,0
U0189,67.94147603670143,43.538131296776484,0
U0190,71.52281412443271,49.69498998500484,0
U0190,65.56337161025243,51.06517193842261,0
U0190,86.1130236288449,52.91894192754162,0
U0190,74.06480327615567,56.318631418234,0
U0190,75.50289484418848,48.32917118338307,0
U0190,71.20732261364006,77.83775290718695,1
U0190,83.32743680000227,36.20886990755764,0
U0190,72.3381956617435,63.12214240665568,1
U0190,92.06784178695314,66.31042062210788,1
U0190,73.41782352552397,55.74393005687455,2
U0191,84.8571934276386,61.62088651181742,0
U0191,69.01299978023599,50.04423421576948,0
U0191,61.577969199101695,35.489182598506254,0
U0191,75.79193304999225,69.53982061301896,1
U0191,78.89649387940145,67.7753014026575,0
U0191,74.04429613109377,55.940301118113474,0
U0191,80.86244119973149,57.36445554129359,1
U0191,80.5433500259455,67.69791501241419,1
U0191,66.21878406530449,54.47322803256714,0
U0191,68.45709169057514,55.26776234450672,1
U0192,67.91844937866519,50.303744051613975,0
U0192,68.51349168321251,59.21777320294411,0
U0192,67.62608165203328,52.458579337696236,0
U0192,69.44908733863726,60.45320749151976,0
U0192,64.17331914592364,66.49916033697363,0
U0192,69.93485551427449,67.59539399857528,0
U0192,66.2265537439188,62.75254714345444,0
U0192,68.46121640357241,38.7853511242806,0
U0192,53.34710792626949,52.85873184179074,0
U0192,64.72390030597171,51.15696057913755,0
U0193,74.87010186669676,49.63362083370652,0
U0193,61.127876971863756,40.70390063731277,0
U0193,64.13324873278837,41.19635684687111,0
U0193,71.67284832200436,54.2269569067855,0
U0193,69.5504156994842,57.67555030206602,0
U0193,63.26605965479988,36.35575969545234,0
U0193,75.17837610087561,56.469742480375906,0
U0193,77.29207197207796,68.27343177759172,0
U0193,,48.843432920469915,0
U0193,62.76868223953829,60.493463891221445,0
U0194,77.95882217788824,63.10916173545016,0
U0194,86.82842108174935,56.13772020146971,1
U0194,78.15962470871375,64.99027811162102,1
U0194,81.91516118902081,69.46463285427538,1
U0194,81.18199794591291,56.07056344649702,1
U0194,85.004246452085,43.488792843875395,0
U0194,81.16968588775511,49.264810156660616,0
U0194,80.17584056189338,57.07662838581019,2
U0194,77.75451746258817,41.20388924309478,0
U0194,80.7449839379077,44.513915453238184,0
U0195,73.83943872644817,59.047214197644934,2
U0195,62.92910519173794,48.61100644243658,0
U0195,,34.95673968269295,0
U0195,59.946833535429015,59.807417299518846,0
U0195,69.41584954422356,50.158785663722746,2
U0195,68.08369121668585,50.153481707859825,0
U0195,67.06137798609637,55.719697334360525,0
U0195,64.83804078855988,42.43679405453448,0
U0195,67.09769159981978,51.38467757584543,0
U0195,69.19739836945861,49.751025281988035,0
U0196,73.16396107848233,60.26198745248643,0
U0196,69.3973740246532,55.42137276338846,0
U0196,62.655390421695785,58.17535315522263,0
U0196,67.74067061865352,50.61230191505928,0
U0196,67.63854191009175,47.77784044563225,0
U0196,67.41956575160938,50.6392538808621,0
U0196,63.99598600663418,71.95016031022828,0
U0196,74.67165453261944,67.89062267652216,1
U0196,69.74316315611463,55.358009826004555,0
U0196,70.67380973528988,61.552519075823426,0
U0197,57.35713526725564,54.97122132379436,0
U0197,68.43645410430878,52.75598515837364,0
U0197,82.92810894920353,,0
U0197,67.92781406248312,40.43801190311974,0
U0197,,51.733780403396075,0
U0197,59.53863770400961,43.93254670332087,0
U0197,66.3714087910261,76.22817502944343,1
U0197,60.3488494983429,62.196339439739546,0
U0197,70.28882780544218,68.2665818712172,0
U0197,65.98332436400685,47.734221896678214,0
U0198,62.8819435769351,43.03978580949783,0
U0198,68.6561475828544,59.69727529698055,0
U0198,66.93745222484559,69.15693297153508,0
U0198,66.62397370781987,37.44677559051574,0
U0198,56.65999349836517,42.817850272206115,0
U0198,76.80443567335216,,0
U0198,69.46693364360515,37.63901230095904,0
U0198,66.13040264863038,28.76248036652207,0
U0198,,49.907854487838904,0
U0198,71.32581034455869,50.01166528092068,0
U0199,73.1389226924214,58.411303932460164,0
U0199,67.37626202724658,47.43658338351978,0
U0199,71.70647636051994,46.76360735162077,0
U0199,74.01115831960153,52.59586256266334,0
U0199,70.29845830282035,61.8761241440356,1
U0199,66.63054391973995,43.815507375795264,0
U0199,76.60606585476751,43.39130156933178,0
U0199,73.83074902390955,62.63827127271102,2
U0199,73.00699950383272,51.01656233878982,0
U0199,75.0943012846062,29.10876740822302,0
U0200,66.87963115625527,,0
U0200,74.5238551117124,55.04094640820838,0
U0200,68.54524202881595,50.63135101332915,0
U0200,74.41892927704255,44.76642919358069,0
U0200,77.37879552420561,54.46114552697186,0
U0200,77.30238159079,63.07096786273022,1
U0200,70.47332121483255,63.73693337165469,0
U0200,82.30312756017842,69.83384964193111,1
U0200,76.97191345969243,55.214366307430495,0
U0200,84.53015683519226,55.77330813822177,0
U0201,69.91335419249114,58.73696113279622,0
U0201,65.05928400785264,54.46225276907818,0
U0201,75.59510882927083,62.05929271750098,0
U0201,71.67314694414235,59.47542419591808,1
U0201,,49.14197136413318,0
U0201,63.520811052887034,69.60194915071058,1
U0201,76.66439383090302,63.33099804398018,0
U0201,67.65799132650574,50.007701526205466,0
U0201,72.13069687780555,60.30248915766657,0
U0201,76.24640918302065,52.487942556560576,0
U0202,63.05927751306801,40.05133809634677,0
U0202,64.76373378971428,65.17186888272578,0
U0202,79.4671896698969,57.68812012075537,0
U0202,67.15359735798785,49.685165904208574,0
U0202,65.77683314141935,51.858326588644864,0
U0202,67.63115258379794,66.21031889439162,0
U0202,67.36825903557771,,0
U0202,66.21964065818419,50.038435147872555,0
U0202,69.07651316399603,49.95415036768098,0
U0202,66.69584736009476,47.11673654211351,0
U0203,69.19502561558717,,0
U0203,60.584238616449994,48.434540578598806,0
U0203,63.57406415274704,,0
U0203,65.02094217433446,58.15987283742201,0
U0203,67.38579192964085,58.67549327311757,0
U0203,,66.44566971547599,0
U0203,73.83368857310587,,2
U0203,66.66711679983594,34.2334186871281,0
U0203,69.37536778954014,69.87133645764379,0
U0203,66.4089976356575,60.181944814194644,1
U0204,80.87189164161069,72.80931391482167,2
U0204,85.32612517165737,59.52184033367004,1
U0204,87.1181079666226,54.90483496340477,0
U0204,79.13747880655052,51.64886311762371,1
U0204,81.84752487705403,61.08377302426984,1
U0204,75.87652562974492,54.03587427519782,1
U0204,76.21725121564154,48.8047606204778,0
U0204,79.60529738432363,54.29043141862236,0
U0204,80.15801464372694,50.79182191552971,0
U0204,68.22923834125457,65.76321574032332,1
U0205,77.76021913873618,48.815912516620536,0
U0205,70.27337337242268,56.84584317645494,0
U0205,72.95570996750311,53.83347221987636,0
U0205,75.71144684109882,54.19649639284357,0
U0205,73.10998892057945,61.55949534441507,0
U0205,70.8022111815625,53.527795621035516,0
U0205,78.90087797138013,64.63572113340626,0
U0205,57.67868004488919,48.35824338339836,2
U0205,63.5228418640671,,0
U0205,63.21624484498859,56.371601759959276,0
U0206,72.7625178192908,61.63127980389351,1
U0206,65.70025772340017,46.055509280635,0
U0206,76.61380346476201,46.9390043651463,0
U0206,,55.16306583571227,0
U0206,68.93118331450806,49.290965093110195,0
U0206,,39.16121485710292,0
U0206,82.72647802249985,43.70094860471733,0
U0206,68.42500863734033,62.07599274236267,0
U0206,63.525041675123106,58.24280696602477,0
U0206,73.5982597382827,47.98448449230423,0
U0207,73.72082915066424,33.93405260956541,0
U0207,71.9326416113206,46.834504822013834,0
U0207,78.16948807137555,51.01374702301907,0
U0207,70.82093664454442,74.4167751294037,1
U0207,71.93765309091272,56.20068683583847,0
U0207,73.22468512694665,61.350629634508415,0
U0207,70.0756198919964,49.7896301889183,0
U0207,77.53792772564107,50.47307257102683,1
U0207,65.82416487192259,55.471107746227965,0
U0207,,48.67440019421667,0
U0208,70.69964619037104,37.72661803316136,0
U0208,,43.43165225147049,0
U0208,74.87646142068137,59.48208963441472,0
U0208,70.8983393164531,53.24275120546307,0
U0208,74.32593701938356,53.419163621693336,0
U0208,73.77748003206354,50.65618690031584,0
U0208,75.36262314691267,57.529262797131594,0
U0208,78.17548897584767,70.20000664010345,1
U0208,76.94230362401713,65.93152570101344,1
U0208,84.66409841336119,50.605127179720796,0
U0209,71.88343176906443,44.4886805922488,0
U0209,75.19165220593706,75.20177285467267,1
U0209,60.36968242074584,58.145179092926625,0
U0209,83.87134723129805,55.76979181071247,0
U0209,74.57656549542041,57.74854904155525,0
U0209,79.22604237860813,53.33683863830842,0
U0209,76.89687034602096,64.35910358313342,1
U0209,76.70559851067716,41.34297119298381,0
U0209,,53.77870723904482,0
U0209,73.4553718856608,48.43083606275102,0
U0210,73.00232927604942,47.16218954064483,0
U0210,78.18465849527165,,0
U0210,74.60574987081704,54.33553813812432,0
U0210,68.04597394317705,59.957202294937346,0
U0210,68.69848826883424,40.493658294490125,0
U0210,70.83990408783478,63.102165512267966,1
U0210,72.43563381581372,,0
U0210,71.48119021712515,44.09802200009578,0
U0210,66.09384586364854,43.65833481950065,0
U0210,73.68798550720375,59.843327195184735,0
U0211,75.43124805832367,64.49970308040959,0
U0211,74.77386929968766,58.69903088008739,0
U0211,70.69301277035424,59.599926354203475,0
U0211,71.22355174830177,53.08987903099413,0
U0211,,59.15019872841109,0
U0211,71.34636459261318,72.01256307825547,0
U0211,76.40545870158601,60.34884531526031,2
U0211,,61.20952142889398,0
U0211,,56.6163835808404,0
U0211,74.10926665124714,55.28578150176549,0
U0212,58.332009189694375,43.488984567229224,0
U0212,74.41168744867598,52.076847135430235,0
U0212,64.76614374390942,61.3303441724113,0
U0212,77.12694822199376,,1
U0212,71.14056691902097,45.15229537178471,0
U0212,74.91515044075409,55.39378308593694,0
U0212,70.94675006957081,54.08085700933842,0
U0212,77.84542781490563,65.83017707128587,0
U0212,74.6155697240476,47.19661535329383,0
U0212,78.6075455332326,43.754357022206506,0
U0213,75.58111484233557,44.10586237871115,0
U0213,81.25531432182382,66.53835857810023,1
U0213,91.1317011260136,51.52047869750784,0
U0213,76.4217428882594,57.43388426385183,2
U0213,78.09643994365223,48.812894146946746,0
U0213,74.46499932523662,57.638343963953076,2
U0213,77.3473303171465,40.82963932136793,0
U0213,82.72877287214244,51.44895540165896,0
U0213,76.2752514356185,52.11564940320603,0
U0213,76.59848204645274,63.22719357838427,0
U0214,76.33265315726858,53.195284027111484,0
U0214,,58.90072887198514,0
U0214,75.08644964627617,49.96323404439121,0
U0214,66.06113976356326,64.75207666040065,1
U0214,72.08486348238462,40.474606786392286,0
U0214,79.08555895142396,63.256170383425534,1
U0214,,53.46166028521189,1
U0214,77.10394621602961,39.96848683106611,1
U0214,78.68598318332234,49.72451726071778,0
U0214,76.37915181835166,64.14758736638521,0
U0215,57.04303170975641,44.018889432651754,0
U0215,71.40253482909445,65.59677801261404,0
U0215,70.70738474156533,57.36578988457412,0
U0215,55.665427143561494,62.50310436278997,0
U0215,67.61165472613226,61.44659127776472,0
U0215,65.3137010633033,65.9529063177618,0
U0215,73.21547902759609,57.7798403172594,0
U0215,75.66160710436276,64.6544282535881,0
U0215,67.8260806255215,,0
U0215,62.37882376817469,53.84685333116175,0
U0216,72.89311303075587,57.88671364416395,0
U0216,63.92910346911354,43.7355418629979,0
U0216,70.48840638593374,47.415765216595965,0
U0216,81.0447664375292,48.954670305618436,0
U0216,69.27391434529788,66.27144357681362,1
U0216,79.64422393943804,51.32050495635481,0
U0216,82.29751072293617,68.54341721997785,1
U0216,69.8812476922963,47.70375356488031,0
U0216,66.40356182900645,53.082759608266066,1
U0216,78.36518823586043,51.08572808011245,0
U0217,85.91449400940064,58.96551118888754,1
U0217,75.12520565788414,78.82650589625806,1
U0217,75.97673515604484,59.25554758205204,0
U0217,79.23175877458787,67.79954409130605,1
U0217,79.81213137545082,45.565295023479194,0
U0217,77.23745209945685,55.22731937309326,1
U0217,72.16945285632085,56.08545150385384,0
U0217,73.53991611241793,47.680560557751654,0
U0217,80.72682198250497,58.97841707386027,0
U0217,80.60213971363946,56.47095650701499,1
U0218,70.17293842084669,64.86794730933818,0
U0218,70.90334079141681,62.98614677158123,0
U0218,77.57862609912074,55.26994405926733,0
U0218,70.28772929624347,57.91256405905435,0
U0218,74.32674355734142,59.92210053350471,0
U0218,78.4386189925436,46.57423326546671,0
U0218,73.70125811833039,48.00356461480615,0
U0218,77.25832537751353,71.82722588879605,0
U0218,73.02454439533017,60.97827115519511,0
U0218,69.08629560024833,70.80660798027817,0
U0219,73.80973899062629,65.5510519187178,0
U0219,65.02939286673683,67.55537854876903,0
U0219,,52.518251800713365,2
U0219,71.1781596066555,65.95347085800908,0
U0219,63.39849122781497,67.8141434417749,0
U0219,64.97607316308232,62.5208089809528,0
U0219,67.88975410644055,57.34370618166214,0
U0219,76.40840613356889,48.56276377565208,0
U0219,72.76086365783169,63.92333171048246,0
U0219,66.16247935050858,60.77344828288673,0
U0220,80.11832564170803,47.590551423741644,0
U0220,79.56276060333032,79.39128714292214,0
U0220,,53.94606244286953,0
U0220,68.51028757972065,53.787234556030825,0
U0220,67.81071310700356,44.126986971899406,0
U0220,75.11853033582922,65.38086751569762,0
U0220,70.31589004100553,59.01480486950737,0
U0220,66.06102280978727,,0
U0220,71.166036675293,52.52540237564669,0
U0220,70.16357167805093,39.19001255423891,0
U0221,70.25737251499078,59.441831568841515,1
U0221,66.82145563656205,,0
U0221,74.10403121828962,67.91939744650938,0
U0221,74.00968957339636,43.64924826518492,2
U0221,77.23336946602019,56.43229161499342,0
U0221,74.00987423672538,58.73738548061637,0
U0221,81.9161829442763,46.91695100704639,0
U0221,74.00897640878563,53.09290928183062,0
U0221,,55.91300303584364,0
U0221,65.28456521809738,49.903705834141626,0
U0222,75.37468491707244,45.32744636786167,0
U0222,61.05513164438318,59.89745853660111,0
U0222,63.101710108497166,54.67029381231228,0
U0222,67.85314861264372,,0
U0222,69.645993526664,42.543947761462526,0
U0222,61.555960598968866,48.14450383943257,0
U0222,74.03849177021537,51.62450892270766,0
U0222,76.02289584891535,55.388020301950895,0
U0222,,53.372127255678784,0
U0222,69.54851987879012,46.03436660885029,0
U0223,72.40910784445963,37.75173768102178,0
U0223,66.08860873044065,54.82105661734104,0
U0223,51.52422424090358,41.28278161366148,0
U0223,61.63603198041129,51.70873218075822,0
U0223,72.9335613841617,53.02854528811911,0
U0223,64.30060952842815,45.60805829644068,0
U0223,66.87242519240068,57.7460206902132,0
U0223,68.60730193151016,80.4085976044967,1
U0223,63.6662913122223,43.78947502948507,0
U0223,69.2346279785698,39.25884993691599,0
U0224,71.52984426345678,50.68421804881545,0
U0224,80.94296267302548,46.43706745810973,0
U0224,70.47089793197108,45.379841012679734,0
U0224,69.09535764455646,58.37901599196548,0
U0224,73.58316952770649,42.45424988622933,1
U0224,73.68791496797031,57.98309025236582,0
U0224,65.36919438832633,67.66967382436391,0
U0224,72.98754810766215,63.945287918362084,0
U0224,67.01255921603749,45.651509702735225,0
U0224,72.1130211104306,52.469506634541204,1
U0225,85.2152418342919,45.07257097557353,1
U0225,75.4824367299104,48.86498963616752,0
U0225,80.54475378516604,46.41023114800673,0
U0225,81.04714271690814,45.06480650980161,1
U0225,81.14428174801266,47.885060359685326,0
U0225,74.25220359597083,38.08306732766946,0
U0225,79.9177454773099,57.63034850621868,1
U0225,81.52566392025746,59.69398079492399,1
U0225,75.2863216026602,58.31803089392075,1
U0225,86.76612292025744,58.30657397749325,1
U0226,71.14238966723146,69.67575751653331,1
U0226,59.42272633596717,58.69129830705386,0
U0226,69.87745725168058,74.54146236473512,0
U0226,69.09121911604348,47.84360340140295,0
U0226,78.40894135323441,47.786060466747195,0
U0226,60.69992880152991,47.49207684836055,0
U0226,73.0797436985131,51.52806636541564,0
U0226,67.77917182946109,40.83817016885729,2
U0226,91.14659921971611,61.320618488363436,0
U0226,53.33940718247728,34.94760536225261,0
U0227,86.18863349890567,67.84941782807097,1
U0227,74.16923071234828,50.46921284920335,1
U0227,79.72933968378646,74.42761846194868,1
U0227,84.10533691474132,48.77018473362456,1
U0227,80.73335946230429,49.22539851646557,0
U0227,81.31870027358879,60.30409485686099,1
U0227,75.70359314011709,49.90883897749579,1
U0227,64.20692658417684,,0
U0227,86.40547002185552,72.60176427645845,1
U0227,82.32632803280178,58.440999630292524,1
U0228,72.68601384299824,56.081828437209744,0
U0228,70.11281433602038,62.59384015965402,0
U0228,74.44653053557396,,0
U0228,69.14441498403654,67.55526937214823,0
U0228,88.00561423510202,49.19555820204575,0
U0228,74.27153613092685,56.01835501941676,0
U0228,79.62670335905678,57.08205323654785,0
U0228,71.94293047071606,63.796133492834365,0
U0228,72.7094668219294,,0
U0228,70.85644148456076,48.55310108346266,0
U0229,84.40577534566508,62.45580641258953,0
U0229,75.18876534681657,58.843858470908984,0
U0229,76.08822770546817,58.40601734169875,0
U0229,70.6734260742951,78.1244617841223,0
U0229,64.4488831590934,,0
U0229,79.47977355247374,74.75620895745662,0
U0229,78.47527306214987,56.219242492897344,0
U0229,86.52439227040239,42.58394439739926,0
U0229,72.82055525513832,68.9774836552887,0
U0229,67.34991665084358,41.73544904844165,0
U0230,62.452681493838355,45.79449558692448,0
U0230,70.97027918833638,56.44476746340912,0
U0230,79.2372843719083,52.36135692130911,0
U0230,66.10473849657969,61.270786248800924,0
U0230,69.80075315478682,29.967240388943672,0
U0230,81.68769431412251,56.79377024800087,0
U0230,66.40651267865933,52.09500938545308,0
U0230,70.14521576441577,59.29576278095522,0
U0230,67.71511987405134,68.76386873025749,0
U0230,66.44015231226822,48.06687918350691,0
U0231,69.58080910507562,53.283205232879126,0
U0231,78.02543963278664,59.55943350379878,0
U0231,73.32544362543679,54.62668500333477,0
U0231,73.73028885808259,43.111770187687036,0
U0231,56.59156415556844,43.05961703774074,0
U0231,56.33918187767007,48.68597086045291,0
U0231,70.41495108888348,55.70649364348369,0
U0231,71.59861893304829,51.95748111681868,0
U0231,62.764913333244536,48.10959344596852,0
U0231,67.69709539613343,58.32540155623577,0
U0232,67.33963849231472,48.16501034530906,0
U0232,71.5510153562662,44.99298923456164,0
U0232,66.48010088813903,66.74273703583441,0
U0232,72.14691476382654,,0
U0232,72.91337989684729,60.64633940269908,0
U0232,67.83293231067454,50.753931086679685,0
U0232,72.11298095571912,66.02437036077943,0
U0232,66.46617462905986,50.4406486652389,2
U0232,74.19206949053199,52.422608863467694,0
U0232,73.79170572551267,52.62193528184099,0
U0233,86.1855650214528,56.84342009952942,1
U0233,83.43592585487,68.29834015331284,1
U0233,76.4989735995279,44.81080016827731,0
U0233,,62.8416467564438,1
U0233,79.09275869647242,57.11930718034403,1
U0233,57.83595972050456,48.75713128129755,0
U0233,75.09682521271614,41.43043465302816,0
U0233,81.87356284339795,58.70796929736976,1
U0233,87.09355127509741,60.08809327084163,1
U0233,78.57136557932182,50.86084354872654,0
U0234,72.82716867139122,60.82465333957508,0
U0234,76.78612095910242,56.83038081452372,0
U0234,73.73055136001159,54.831768371945095,0
U0234,71.84386684858275,48.533998478860035,0
U0234,77.66939900627125,49.95136059663361,0
U0234,69.87965264650236,43.64251120891578,0
U0234,61.413002721753195,36.755009328286796,0
U0234,58.71905017438264,52.428314319100565,0
U0234,64.28811746472016,47.31104857085909,1
U0234,69.2726970770122,48.05252030623635,0
U0235,79.32430020442621,62.52779896439165,0
U0235,79.01015528946424,59.48397064560044,1
U0235,80.05098412411719,49.458430051323646,0
U0235,70.30111168370917,35.87582447929884,0
U0235,77.06904690990235,62.083847011433804,0
U0235,61.07504437631796,66.2439124173454,1
U0235,77.95992817677362,50.12488919234785,0
U0235,81.607064097997,63.52275361206657,0
U0235,79.97561703292902,,0
U0235,75.71137946019074,37.40362168275941,0
U0236,68.68440748543436,64.40484644040242,0
U0236,71.92196595244627,65.68334514849772,0
U0236,68.24904839006439,55.91104248711177,0
U0236,62.022460655302076,69.95695301915438,0
U0236,63.78046413190719,70.27122678628133,0
U0236,70.80264332396092,57.73101544135832,0
U0236,62.90148956651064,54.17401665809823,0
U0236,69.81536316945659,53.075797241484565,0
U0236,69.2379258751859,46.887935762909486,0
U0236,66.16787904880557,62.76624126760344,0
U0237,73.63421535478668,57.96026817372396,1
U0237,,68.42603603253346,1
U0237,69.23956374012228,63.71839747644386,1
U0237,75.30277378402299,51.3361267823019,0
U0237,73.37458217493027,45.522792269122704,0
U0237,75.04302056578528,49.75095115580365,0
U0237,68.87342439231956,75.02534550857469,1
U0237,73.96191165373793,56.14356883291718,0
U0237,78.69493385917526,51.395935582211536,0
U0237,71.6503429709179,60.12108387674023,0
U0238,70.07090134552307,52.07773865053754,0
U0238,72.60296320898757,50.06933080408746,0
U0238,50.576128091122754,51.01662042328799,0
U0238,64.05542999741549,58.956975117443974,0
U0238,66.34171923315603,72.36863362430432,0
U0238,66.97463744366534,62.54337306295507,0
U0238,70.09211148078793,54.83672525427221,0
U0238,64.66078782567199,,0
U0238,60.73290428129934,58.20232964709551,0
U0238,79.1174278577402,51.394716485152614,0
U0239,69.29508977050612,52.53332947861723,0
U0239,,62.522432273975596,0
U0239,74.21382973356897,45.88183400860223,0
U0239,73.43475255242002,40.83325233029913,0
U0239,79.07421453356082,41.093712839505926,0
U0239,76.30446074821899,41.4188540915813,0
U0239,76.83705313127602,66.98959786464815,1
U0239,74.14051264167648,56.18515328155144,0
U0239,83.16264925139524,76.3765565461018,1
U0239,73.68029427858,72.48457088991299,1
U0240,89.14020793932488,77.18574055255431,1
U0240,69.70194325815532,59.98979036725152,0
U0240,76.84367453843268,69.0421598576539,1
U0240,69.98964298786326,64.23968709399838,0
U0240,68.72459377308938,64.673236222538,0
U0240,69.58738379253805,52.31475027794525,0
U0240,70.94827493505288,71.05347411850786,0
U0240,64.72467381241555,55.48467458371653,0
U0240,65.3888587439381,42.35405724204526,0
U0240,76.77186113541869,44.45446677005727,0
U0241,69.28464025207383,74.21299712879797,1
U0241,71.92976086081941,46.46314768964882,0
U0241,73.98779622815333,55.24667578671011,0
U0241,79.5827671962638,,0
U0241,63.2142691771958,44.96009097848005,0
U0241,75.18569141610988,68.66473499291125,1
U0241,70.48856263919427,59.10883787258134,0
U0241,74.65199958442918,67.82563518588675,1
U0241,77.89435426080753,46.14699257302606,0
U0241,70.47182898122081,53.58080648704142,0
U0242,81.48821149085796,57.06391053126138,1
U0242,72.49374512693038,44.56958878040653,0
U0242,79.46155789378113,61.531490601323135,1
U0242,77.28528124334979,49.710242941347346,0
U0242,87.82234910196104,64.33842541606379,1
U0242,69.6032186912461,51.59001729244086,0
U0242,76.58382876405948,48.43324287240827,0
U0242,73.62005302525272,35.41510405286968,0
U0242,66.90324126237702,64.53562300700375,1
U0242,81.07381339891904,73.53437839832263,1
U0243,84.24850488664472,,0
U0243,75.41693514811017,57.38558696670897,0
U0243,79.08201095119192,51.756696306735044,0
U0243,,46.075088681259516,0
U0243,68.05573606794715,45.3023291204113,0
U0243,,50.279884702860606,0
U0243,68.30350951308907,52.02277427189248,0
U0243,70.9507027828805,50.95057394014906,0
U0243,72.4047745380626,67.07206858892768,0
U0243,78.88348586333656,45.954805423339295,0
U0244,69.44117342931628,74.29412450520125,1
U0244,73.25479575570907,54.613937211714386,0
U0244,73.8157862667214,52.6395257651189,0
U0244,69.98529993739349,59.58397453373337,0
U0244,82.20711966444728,66.40533564158916,1
U0244,,41.159348144831256,0
U0244,78.15014659584503,60.360546223908784,0
U0244,81.99213971474087,34.23143610915938,0
U0244,74.10822739977121,55.95188918028116,0
U0244,65.98021613939025,53.40128262291926,0
U0245,66.13705270182868,54.74959242435542,0
U0245,71.0181020821937,64.05156578231018,0
U0245,69.57363088172166,50.20682275372512,0
U0245,74.56410889480486,72.93650325424214,0
U0245,75.60219020518444,55.91422165508888,0
U0245,60.69816877417826,,0
U0245,58.74635655340178,65.91442096093917,0
U0245,71.71871218903702,42.308643276185975,0
U0245,69.91236234404371,56.61983604724292,0
U0245,65.02801385339937,59.5121300507943,0
U0246,77.58349002806311,61.474441941039856,1
U0246,,57.50518393642311,1
U0246,83.27498839279455,41.438834217100656,0
U0246,53.31459436437322,55.79017571252942,1
U0246,82.00865006669983,53.65679149294734,0
U0246,80.99857985820795,58.805314619775444,2
U0246,81.23310075895837,58.65918261607185,1
U0246,76.93339196809367,52.63568958819753,1
U0246,91.53369260405924,56.811045796633515,1
U0246,83.94726845049911,43.8541402793825,0
U0247,90.59426553907443,67.97151117981237,2
U0247,92.25828096294093,47.57226455774054,1
U0247,,58.79420263397921,1
U0247,86.99724797859778,47.77685469824267,1
U0247,95.58405124272129,38.24793632794356,1
U0247,87.43901924875196,51.00029424414188,1
U0247,82.40793515893054,44.50587774801193,0
U0247,84.89786327968054,58.089830618272885,1
U0247,80.5934704733553,61.706532441596636,1
U0247,85.25748066928465,49.670075265153805,1
U0248,67.62576322613262,63.65009770683607,0
U0248,70.3795143481823,63.245121244342705,0
U0248,70.66925951962494,62.90632309032352,0
U0248,69.89364437566714,50.94033136350116,0
U0248,71.65404710559633,74.90884105963092,1
U0248,65.32114435009296,41.05347170336536,2
U0248,65.84642226935195,50.81511800326348,0
U0248,66.56526172423855,45.24901874328829,0
U0248,65.79298429959499,47.3973890325024,0
U0248,63.90774088753434,58.33798003144907,0
U0249,97.85823604755853,58.5839965996289,0
U0249,75.16009540515475,57.64817802382832,0
U0249,73.22931256351391,62.25622964243407,1
U0249,72.81322030319255,,0
U0249,67.66075704359217,51.774856771833136,0
U0249,74.80623354191233,77.78518930935932,0
U0249,75.22896144306179,54.976575841765424,0
U0249,72.39622174237662,44.78145199709233,0
U0249,75.58785285575044,30.985223047515525,1
U0249,77.7629577605669,59.75906981963529,0
U0250,64.56318343800088,49.30099042598826,0
U0250,65.30555780307384,71.52479879055407,1
U0250,69.46935990344515,62.023987398769435,0
U0250,66.43625026221547,40.8490236656547,0
U0250,70.77274826276627,50.915452127028125,0
U0250,68.51399416338424,48.75761934106565,0
U0250,73.52616188898097,54.846859145401126,0
U0250,81.42878405528295,64.78893910623613,0
U0250,75.28162653354059,,0
U0250,73.19703254341877,55.30216040192372,0
U0251,65.03971388971861,49.38875978342938,0
U0251,70.11371779744589,54.749458709362976,0
U0251,70.95062699705414,60.87857050668892,1
U0251,67.98382987200289,45.34195467298046,0
U0251,64.08224532050426,40.80997192087121,0
U0251,67.06767522266593,56.15906836368758,0
U0251,66.47758454944395,49.477470457599,0
U0251,75.89182690607079,39.193386364266644,0
U0251,79.24545688529881,69.86404101448463,0
U0251,73.60643556511887,65.43397714325768,2
U0252,72.82948109005407,44.89869154025245,0
U0252,70.92901525123905,41.83746305417554,0
U0252,82.00839585635157,76.84541912284581,1
U0252,96.39864205745783,50.60198768177146,0
U0252,71.45064166784739,55.8073263950137,0
U0252,74.3761874546907,54.289967533070275,1
U0252,,57.73101546686463,1
U0252,71.96335318457756,64.75033784957932,1
U0252,82.49755609708457,66.5942200985059,1
U0252,65.01554816316587,63.83637417405171,1
U0253,71.69190584431323,78.3354830222322,1
U0253,71.09883787982476,46.77919209256326,0
U0253,68.0276549694899,57.21657351752278,0
U0253,78.46563121795543,63.626894524371565,0
U0253,73.90225661658101,65.35168631660416,1
U0253,61.94736935958338,63.526178801887376,0
U0253,85.63229163563501,,0
U0253,75.4123599129347,70.52028270257695,1
U0253,71.33156645107469,53.28741360405182,0
U0253,64.57175725185485,49.112747035582906,0
U0254,68.75659405712425,71.09431556344875,0
U0254,67.5453622290781,73.20759926594133,0
U0254,66.21423789511711,61.72841222073791,0
U0254,71.7843102743014,55.57031424625754,0
U0254,70.2894229670798,48.3607443313158,0
U0254,72.0817427303528,45.53190639070882,0
U0254,67.8154827393463,51.67088001224947,0
U0254,65.59606458206703,57.39857929810058,0
U0254,71.23662248418142,43.33751997027693,0
U0254,72.38471637419461,52.14100613072219,0
U0255,82.18241908892384,53.35630756664829,0
U0255,70.70135846568309,46.00873675579296,0
U0255,70.27789157930967,52.07228623735544,0
U0255,70.99850175295066,69.64563202102929,1
U0255,69.47382846794163,44.91677403638183,0
U0255,74.39197090794318,62.70347170440118,1
U0255,65.87646172981509,70.61099522739958,0
U0255,,54.31177786285339,0
U0255,67.66762881238935,53.9103883140178,0
U0255,68.91080400395053,69.60436396699018,0
U0256,,51.544587331281434,0
U0256,67.80395704545909,56.50991095675552,0
U0256,72.72083234795204,60.531674293796605,0
U0256,72.39151302464514,83.72300633864613,1
U0256,77.19867839271103,38.100664255776096,0
U0256,71.50859885678882,51.09196755043654,0
U0256,70.45493194290935,54.49998795714353,0
U0256,61.12952182087299,46.28501337747359,0
U0256,71.53822022417263,56.54940499174048,0
U0256,70.58822722651738,40.498638776100535,0
U0257,78.51275221344379,53.47192705917601,0
U0257,78.67529518493723,46.639218238720204,0
U0257,64.1447117188754,58.87722148168205,0
U0257,72.3648296350307,62.517606959848976,1
U0257,81.48218560476371,69.42161104524006,0
U0257,74.92746645892065,46.865004687949174,0
U0257,71.88523255238313,52.64752022013967,0
U0257,70.0230332336191,52.68739851506204,1
U0257,73.82644073821717,,0
U0257,97.00508700482919,47.714436354627125,0
U0258,75.26858380603298,61.378279446584166,0
U0258,72.19158904628543,38.2534066845412,0
U0258,89.12938195262582,49.0220552011276,0
U0258,69.88830801344852,48.69284556340764,1
U0258,70.4669758256607,58.11975344206681,1
U0258,79.66105998178134,55.4965261638116,0
U0258,79.69749292411876,52.14323517104047,0
U0258,64.16276347029282,47.09324296362834,0
U0258,78.52686229847527,56.39962214892728,0
U0258,74.83985747821866,52.78010542910689,0
U0259,68.61919839140636,53.70481992607189,0
U0259,70.1305120302023,65.85622514697083,1
U0259,69.33223058233462,55.37778723526021,0
U0259,71.27342748984849,64.39475183290335,0
U0259,71.9925977097699,52.86673295935471,0
U0259,72.24340437078344,57.80592402867113,0
U0259,76.29920442311784,63.3786741212366,0
U0259,76.45977670860724,57.65756632936271,0
U0259,67.05893160499373,61.03909842892899,0
U0259,73.24953746362583,70.43940137042246,1
U0260,70.5151089677031,54.352847414089496,0
U0260,67.07839225849126,27.116661206537355,0
U0260,75.05782691577372,51.90666573248847,0
U0260,62.801721504445496,58.49524282526569,0
U0260,72.66979825788705,48.2711936309663,0
U0260,70.03042262139722,51.996957849193464,0
U0260,69.95878795537267,40.7487296976998,0
U0260,68.62972362787518,70.35921213282079,1
U0260,75.75732300322223,66.2511705222209,0
U0260,80.18214292345003,51.66963782451912,0
U0261,58.55381759730814,73.7988409373891,0
U0261,65.12583621413357,59.22146201410954,0
U0261,66.0504087425978,58.018744744822634,0
U0261,76.29912033854728,72.39274862365542,0
U0261,66.86236427286761,,0
U0261,60.55940419557986,41.843859711703544,0
U0261,69.24831946173437,62.15560389006398,0
U0261,62.88969555213627,43.65866547946187,0
U0261,62.6487203369595,52.76879029682991,0
U0261,64.91170686510468,42.30258780898952,0
U0262,60.49198325771342,56.292956385002825,0
U0262,75.62205330430452,65.29004374063653,0
U0262,62.09261706470815,61.00638184302355,2
U0262,89.34294752927323,61.47583865989982,1
U0262,78.4410087241544,62.663884032187156,1
U0262,77.4026485676544,72.50493515274506,1
U0262,,49.04434449859439,0
U0262,70.55632581325848,71.51876513862236,1
U0262,78.28527976260202,54.99568387385895,0
U0262,77.1745575321068,50.4614752228455,0
U0263,75.86062040855874,41.774668468603245,0
U0263,75.68427206931955,59.85355723337166,0
U0263,75.78974499108361,62.84782917534727,1
U0263,69.41225115665625,57.02892619805357,0
U0263,75.05492872301319,62.656340619359995,1
U0263,81.100024801519,63.15639491429866,1
U0263,78.45072519409915,62.944128188371394,0
U0263,75.89096576443802,70.09616277064545,1
U0263,74.36377878798882,53.86309885028473,0
U0263,72.97713188860664,52.39531281846784,0
U0264,72.86206328198215,67.5021145258725,1
U0264,68.95540351120566,,0
U0264,67.43921596228343,63.875838934849696,0
U0264,66.0524324578465,,0
U0264,75.3886591479307,54.46186726348847,0
U0264,72.31408539830662,51.366788895268684,0
U0264,69.56037611427826,49.89391251279561,0
U0264,70.33626716781451,66.35117741512322,0
U0264,77.00904077649663,46.53690891175995,2
U0264,59.64816737588208,57.805886452727684,1
U0265,80.66403571408951,59.30168516625067,0
U0265,74.36099797599907,60.30372173372601,1
U0265,90.02649265420979,63.9771602954026,1
U0265,86.26287759211058,55.50675250815877,1
U0265,76.0308084819934,52.64969535055531,0
U0265,70.0923429075716,36.862556544744024,0
U0265,87.01556998456978,52.3105945161246,0
U0265,76.64568082580409,45.83349612875662,0
U0265,71.79612940046057,76.29380528679818,1
U0265,70.45559764631406,43.43676798689641,0
U0266,72.57822809410868,55.16089942967119,0
U0266,71.91031950719466,53.22195711742569,0
U0266,62.35828816246054,66.88175736367101,1
U0266,66.51427192468198,51.085151621851836,0
U0266,71.9432177890408,47.69794675268113,0
U0266,84.09980502886862,48.52221313909125,0
U0266,66.30836129164884,54.140540954231504,0
U0266,72.1859605390596,55.48401802321074,0
U0266,74.34091903768137,40.63878573441656,0
U0266,80.51872172078771,58.166529601136666,1
U0267,68.3166433064066,54.16737059274861,0
U0267,74.83127887157498,66.60618398789734,0
U0267,72.31513254411735,45.66523334464802,0
U0267,73.78284058333855,48.743948387818634,0
U0267,69.06378384356955,62.64194397726752,0
U0267,62.75534694647052,44.362900615364495,0
U0267,68.62385186760874,59.52300023160071,0
U0267,67.3204637526429,54.21820030302942,2
U0267,65.69778453896362,47.032820169183395,0
U0267,77.73654986050911,61.98151882935632,0
U0268,70.36315984065354,48.23191886346624,0
U0268,73.34685777797621,47.29552127491049,0
U0268,69.12927976608165,59.110723204529286,0
U0268,,67.73759026986512,0
U0268,66.5458122674064,59.02426065572201,0
U0268,72.25680461448003,58.67678258374129,0
U0268,61.61637347614813,47.27245057393123,0
U0268,69.74342204895943,48.36877472192857,0
U0268,69.7223346139482,60.71735913388559,0
U0268,69.62148184025831,57.85369696893359,0
U0269,68.29367829803333,49.184079205046565,0
U0269,68.62818157535752,,0
U0269,72.12757822243451,59.546794551854255,1
U0269,67.08314624442234,43.410119742888156,0
U0269,72.43688268318607,52.467736035056475,0
U0269,64.10449540691643,53.14818894746271,0
U0269,68.55831641174605,60.15348466886763,0
U0269,68.93757979440375,62.28987400320219,0
U0269,68.78488712756689,60.381108425810076,0
U0269,62.29731260013263,62.51346284173515,0
U0270,66.98348540246928,51.23771507680884,0
U0270,76.2264330312449,61.020024312830905,0
U0270,53.4771538705075,66.70385751962193,0
U0270,,52.082639643367735,0
U0270,69.37459624178355,56.83978239763787,0
U0270,70.77078634019227,82.1827963640443,1
U0270,68.57839889728771,57.33085046174896,0
U0270,76.13483199129794,56.971877026962886,0
U0270,68.21644859847491,,0
U0270,69.07207180039967,61.78715504886537,0
U0271,66.2090089679196,,0
U0271,73.14361027979919,70.05299112032534,1
U0271,81.40055565694745,45.856592522476824,0
U0271,84.65152447282203,64.74296588020832,1
U0271,74.2363762447689,48.57856600811833,0
U0271,88.33988957833469,,0
U0271,80.1146187838675,72.12046708586924,1
U0271,78.46904124297427,,0
U0271,63.584698139838444,62.91766519743201,1
U0271,79.15868988388532,72.55450457377886,1
U0272,75.47070026458363,60.69696978800029,0
U0272,69.56673036991793,57.50964068278059,0
U0272,75.79322854062298,53.17163619616841,0
U0272,73.01287604796697,44.77800250235708,0
U0272,66.65325538096833,49.90140388969079,0
U0272,65.96258152581109,,1
U0272,72.24573061934163,44.19462534793366,0
U0272,75.6923083821716,63.92208230422318,1
U0272,71.60827669340686,39.606054671482056,0
U0272,76.04180467712268,47.8161382230785,0
U0273,73.98307795509166,59.34948632512709,0
U0273,68.81878032667463,43.37191154188217,0
U0273,,46.025456033709986,0
U0273,74.71849240741376,59.65840911821508,0
U0273,68.91635073862064,43.17155802467084,0
U0273,77.97263915369389,60.68520063395446,1
U0273,82.50576276051927,63.28967024150371,1
U0273,77.21784189905453,58.46642074626668,0
U0273,,59.2274511398118,0
U0273,65.26555337102903,61.07037681948787,0
U0274,,57.427143380511374,0
U0274,68.44387087622466,51.28467139142396,0
U0274,69.1445155010871,70.04733412395909,0
U0274,64.58707687786276,56.27204678155506,0
U0274,66.84501615174939,58.22264335220904,0
U0274,70.33936713874259,63.83868393737362,0
U0274,63.61621419098452,61.14095918010818,0
U0274,64.70921378632669,57.359433843922844,0
U0274,85.56891875166286,,0
U0274,75.57390398087367,45.76045717741515,0
U0275,65.70666744912198,57.11326803574584,0
U0275,73.44672570592536,59.12294022461189,0
U0275,65.48468638538107,57.68762052399175,0
U0275,64.47948432580837,52.654779935432906,2
U0275,66.7698171837465,66.92287448896947,0
U0275,62.921240352217865,43.3644638797841,0
U0275,69.04918273226221,52.94633330131778,0
U0275,68.72999173053525,42.54210444961822,0
U0275,62.11337546838551,38.9835720805672,0
U0275,80.52087680154844,51.949279723434785,0
U0276,80.99666942580845,69.27538275553209,0
U0276,56.0292242592658,59.993836336852986,0
U0276,68.52046172141127,51.71376761548963,0
U0276,67.16539008234442,51.723823769394336,0
U0276,65.58996718293218,44.9669077310393,0
U0276,68.8827361331176,58.94061974357343,0
U0276,71.33122251910149,64.10653856057642,0
U0276,66.74849383002092,55.122076209391594,0
U0276,72.30048368229936,62.28056444678018,0
U0276,68.78888167126446,,0
U0277,70.28982347667365,50.23132879898014,0
U0277,65.62362891762241,51.9817009761686,0
U0277,72.02358987711231,61.18375209728243,0
U0277,76.25763666584115,67.53265207370762,0
U0277,72.79084005069566,35.03624296911841,0
U0277,76.24020712146238,52.57743060287835,0
U0277,70.37374344486456,51.06644691609603,0
U0277,59.43716897815566,63.89304973545574,0
U0277,72.94753821701958,57.788085242965515,0
U0277,71.02487326651269,61.728380738032676,0
U0278,70.89767215736072,53.21277682252977,0
U0278,72.4795945123016,49.63739032230666,0
U0278,70.30249869991982,35.28320582547006,0
U0278,70.44950140729625,55.67546136686201,0
U0278,67.30846634503871,54.31028677120323,0
U0278,77.15087986126271,68.13141057458711,1
U0278,75.21201529219445,55.460096505278514,2
U0278,59.427151757796004,48.12663918925235,0
U0278,72.5112382412554,73.96345902670905,1
U0278,77.43711792301845,60.78279897683185,0
U0279,65.82302970522325,45.91322635992253,0
U0279,62.68140046087765,48.79828560172775,0
U0279,,60.81922031410294,0
U0279,67.47111892299276,58.01622407055843,0
U0279,69.52877357311473,55.813829481623216,0
U0279,68.44280736538506,56.54469508100869,0
U0279,65.10705491014676,56.674426703711944,0
U0279,60.96630421858468,39.8215918421717,0
U0279,65.23565392747858,48.081548686846816,0
U0279,74.79119831199262,45.2334173609357,0
U0280,62.01745960711884,78.14224819505174,0
U0280,73.0001764774096,51.339344412035274,0
U0280,68.96851226747502,48.994484422234265,0
U0280,69.65367330600697,38.440462274583055,0
U0280,67.23988343637754,60.45559797988113,0
U0280,57.599728327961984,52.62075455553344,2
U0280,74.73472946719231,,0
U0280,70.48088417910893,63.85067114602975,0
U0280,74.60356409453901,46.83539222992971,0
U0280,65.4515285826107,48.12431886354933,0
U0281,78.22773476037739,66.91044889929556,1
U0281,90.01156249598966,50.970503522307965,0
U0281,75.45966186551297,66.98531742822097,1
U0281,75.56537450724952,50.188162727844855,0
U0281,71.25330317544766,48.877894289106315,0
U0281,76.52056079837811,76.81937450388608,1
U0281,71.37353555845539,49.581905196483305,1
U0281,74.03983829926766,67.91461523313852,1
U0281,79.37670196927576,48.913028483927505,0
U0281,72.29185520127096,67.64246775037974,1
U0282,,61.31492696316345,0
U0282,70.45202023416307,55.171484739671364,0
U0282,76.21958788144057,51.86239359414531,2
U0282,70.00224185807843,53.758801722730475,0
U0282,76.96858536198967,62.30802733072641,0
U0282,73.37607205670031,55.119187506478916,0
U0282,69.11576215240764,48.2444215962675,0
U0282,74.06594363762522,54.90665177568691,0
U0282,66.6003566040812,36.44643844868476,0
U0282,74.10248103114583,47.39498971160472,0
U0283,78.2484454784621,72.23921147594751,1
U0283,79.72355879409756,61.26543203213489,1
U0283,78.12515826683865,32.09208545164998,1
U0283,78.60053008555745,70.28560562535822,1
U0283,85.02854790578681,48.00349485260442,0
U0283,73.67078732742976,46.92746539202983,0
U0283,,,0
U0283,69.33030495691156,68.53777196882551,0
U0283,84.67869960740296,62.1795695442733,1
U0283,74.25435724266997,45.601439578662884,0
U0284,74.12166216359158,55.783133418053886,0
U0284,71.33462105046728,75.75446749919666,1
U0284,64.91397282829934,68.06276963143254,0
U0284,68.19168212209163,57.45931343785626,1
U0284,73.45504301661316,60.15829424611675,0
U0284,76.31967211903208,61.87538417262864,0
U0284,72.54354448444063,70.36669003778233,1
U0284,61.92577382733063,47.03224617492527,0
U0284,73.4366182865658,40.64383528707845,0
U0284,65.09141449707481,51.473150316187464,0
U0285,84.46556796065826,46.90334729634227,0
U0285,78.35496024641965,63.51645665233529,1
U0285,86.0886709485977,60.274778300117205,0
U0285,88.4945841867397,52.41838170455541,0
U0285,72.31378531232514,66.55468163395875,1
U0285,87.1740509972556,62.369318773799655,1
U0285,78.7752333922292,66.32475364400564,1
U0285,,64.21536429322013,1
U0285,85.63163769534015,62.879689318974954,1
U0285,81.29480115301507,65.14791268551602,1
U0286,75.62855648648214,62.331510385525206,0
U0286,68.88301450879128,84.59360836396644,1
U0286,76.00031800298942,55.71509909041548,0
U0286,69.83017127454302,46.77576149439389,0
U0286,66.32405081027436,54.080295581903606,0
U0286,68.54254550271902,69.10218346507426,0
U0286,67.6097326698966,67.5630680449565,0
U0286,77.94162641870729,51.627505937168976,0
U0286,77.47170424690064,57.1865003713378,1
U0286,71.3516787382151,82.16268513372584,1
U0287,86.06541680857427,60.294521432425626,1
U0287,80.19610298960667,61.236276951545406,1
U0287,89.36772504407024,55.101306582327126,0
U0287,78.84160348691556,68.71466684059058,1
U0287,76.2130587743332,54.60708290442405,1
U0287,73.95598576862415,46.939562179049,0
U0287,76.17897827773531,59.1790152243419,0
U0287,77.2748330233217,48.89313954238099,0
U0287,76.96033075079903,65.87438324680727,1
U0287,81.5270127329411,49.15207814470137,1
U0288,60.55297677543608,42.324094168824814,0
U0288,62.061676174636936,53.82776589777891,0
U0288,61.76133614990513,49.499479594934044,0
U0288,64.66203862789718,49.08674544647734,0
U0288,71.57128774787695,52.81474509036414,0
U0288,62.298039386748606,62.70960865431672,0
U0288,59.95166986329562,57.834910135248776,0
U0288,66.61261090594252,63.267793109110336,0
U0288,57.175990369353,60.54602817882521,0
U0288,70.41805246250077,60.28129857013959,0
U0289,70.06122013189203,61.54906405086962,1
U0289,75.0074442857379,61.75886559729557,0
U0289,77.56352599395886,79.97581365319827,0
U0289,74.68540186254853,51.304097556651676,0
U0289,75.64500058236555,56.832120718141944,0
U0289,74.41632102617955,63.11519966872458,0
U0289,75.04238833364319,68.61139608821783,1
U0289,54.52716792933928,49.76261610437569,0
U0289,71.90031150666708,55.101006901663574,0
U0289,75.66564740998557,51.98274488965159,1
U0290,,40.504991574213044,0
U0290,72.18303578108839,43.32444232942916,0
U0290,61.66202478636678,56.346068588137044,0
U0290,69.73453568335052,49.546173980684706,0
U0290,68.35664331630593,58.82626424446347,0
U0290,65.45978363673979,43.416560841862044,0
U0290,80.54946963655027,47.725864343040584,2
U0290,51.309372449690336,33.93012939600665,0
U0290,51.33142590698432,59.38759812506339,0
U0290,69.46003086417282,40.34875413709599,0
U0291,80.20715356237574,69.12176836284098,1
U0291,80.96285696335113,57.13717485919496,0
U0291,73.37177210804946,55.81176425958132,0
U0291,78.27184451083997,53.690852021855555,1
U0291,76.69075705841473,37.43278464330471,0
U0291,70.93552037856885,60.57356104381799,1
U0291,63.1634420345769,63.61785136157532,1
U0291,79.10355373915394,57.029342934909295,2
U0291,79.7589032474908,63.02617927159909,1
U0291,81.86954571169522,75.40031948557682,1
U0292,67.69187234398916,61.13318335052658,0
U0292,72.3962198918507,56.750140290372215,0
U0292,68.70356088810199,67.05615500057421,0
U0292,69.90543328079757,44.299787178422896,0
U0292,72.77537325160192,45.88689449372211,0
U0292,70.02351928563819,52.47333189199717,0
U0292,89.65287282506392,57.457300622909734,0
U0292,71.32054369006936,58.712122517231755,0
U0292,87.34770790892051,57.79647709827091,0
U0292,71.53444288945865,53.848703875676044,0
U0293,81.52269833138686,54.221587070057026,1
U0293,78.66005575813848,48.372499045660675,0
U0293,84.45550047904271,62.172293574075,1
U0293,95.30187307046938,53.079148895838564,1
U0293,76.22546586909549,46.087695187436616,0
U0293,82.23210478752186,52.713640274830894,1
U0293,,43.38312178668842,0
U0293,69.05745457037104,50.21768984352122,1
U0293,,62.399882170990665,1
U0293,82.78270554499755,55.08404877929276,1
U0294,81.45068874305605,63.04178555282642,0
U0294,64.3582019472688,41.713354123227596,0
U0294,70.59851067011842,61.198540181827866,0
U0294,,57.8140542443053,2
U0294,69.03055821662882,47.74582568081294,0
U0294,71.02309871913812,57.984446796691536,0
U0294,68.93996902586608,55.429861559012075,0
U0294,65.76923041339016,50.36497455274055,0
U0294,66.02236986877635,69.55351779576124,0
U0294,73.21522386146408,62.38487098359759,0
U0295,72.06772430357688,35.37507648173155,0
U0295,79.59379865672298,60.17278780478695,1
U0295,71.8239594075266,56.73474360311084,0
U0295,75.34345781046073,73.36914665659769,1
U0295,73.7081286435727,57.3108283999274,0
U0295,61.64155612011372,59.22612024456116,0
U0295,71.20724006763537,55.62162937785605,0
U0295,68.06641342879186,47.8575203151135,0
U0295,67.41107739957079,50.19972736168976,0
U0295,73.54821243681346,45.22435384346247,0
U0296,84.45851545346663,66.93209418974014,2
U0296,85.73202749647396,53.127965373061876,1
U0296,83.13531389518695,44.55260495690345,1
U0296,80.96200617077886,57.17906491504166,1
U0296,73.17827529211128,53.54818604363922,0
U0296,72.72628099560993,49.283984330777386,0
U0296,77.00308313215888,54.71534720471296,1
U0296,80.81928044711645,59.219173313888255,1
U0296,67.76940282325394,45.72255723674018,0
U0296,85.87993262876692,44.23081193454039,0
U0297,65.76719271070584,49.82989471651595,0
U0297,62.28861501501042,39.09786722792165,0
U0297,,67.72576530026795,0
U0297,66.6597157322216,53.048745296948645,0
U0297,77.14775246166496,57.278668107125405,0
U0297,70.15924336534201,70.88580283379571,1
U0297,62.315792163525174,51.62076063479034,0
U0297,72.59577467481002,59.56336329442219,0
U0297,69.13192937752545,52.27417676030798,0
U0297,72.96762714077117,37.96137499960977,0
U0298,71.00529410575572,53.380484625408144,0
U0298,79.68950255827235,46.363640958328126,0
U0298,76.9825746632284,45.25515919857429,0
U0298,69.75095835350929,48.531922821996424,0
U0298,66.73630011174677,53.67350034177694,0
U0298,77.46012504213972,44.812621172476874,0
U0298,75.1236210485334,52.44452502787314,0
U0298,79.1161549538549,58.56847640735066,1
U0298,78.56646935641544,67.09363655658655,0
U0298,71.3747171939359,57.399889572115015,0
U0299,79.02997896949715,58.31158928234181,1
U0299,85.29335881041463,63.41074799262945,0
U0299,84.8610478190754,67.26572621921791,1
U0299,75.31307537927634,35.91537780227685,0
U0299,75.53512799615325,59.291197908586845,1
U0299,83.51682636844082,62.95819259779845,1
U0299,82.94685740001616,48.84645206632867,1
U0299,79.96939560494077,55.16199258554016,1
U0299,77.84435675874124,31.63361033329815,0
U0299,77.02023211693961,56.44690682147955,1
U0300,65.75223133795478,57.834946049915956,0
U0300,70.34104786688238,57.196390770818255,0
U0300,67.05147370462939,45.898030717613764,2
U0300,82.04440053345121,48.215574171107875,0
U0300,70.49529763725984,50.31018888897312,0
U0300,83.97347597122132,56.0426204402772,0
U0300,72.79010487953418,69.12419409217256,0
U0300,72.04891148770297,45.412686187866335,0
U0300,72.34659726228736,53.07599281881026,0
U0300,73.81151164281852,60.29133871673643,0
U0301,79.83699046324979,,0
U0301,78.53483963705304,49.21436332769479,1
U0301,72.40954718595631,49.852147467931786,0
U0301,76.69998999960421,47.17427767896621,0
U0301,78.59927056297862,58.24874946090211,1
U0301,79.77419291993415,71.82174791558963,0
U0301,83.4103808696341,75.68367504221136,2
U0301,89.86663791661172,42.93798889029358,0
U0301,,75.58687873310116,1
U0301,80.35005289304107,68.31302136807656,1
U0302,63.40774207887338,48.524912544517306,0
U0302,71.70280377968803,54.19996946326049,0
U0302,85.96585817991203,53.36710655313267,0
U0302,78.665046134681,53.02926882643995,0
U0302,75.20150923365952,73.30843083587627,1
U0302,57.5166720050951,56.38888427750626,0
U0302,74.87658584088632,60.48723768589012,0
U0302,67.09065453364256,46.45441928551075,0
U0302,75.0220859980783,45.35130771838206,0
U0302,72.048744915234,59.76008342843245,0
U0303,78.50373937244146,52.4555745344897,1
U0303,82.24557361969559,61.7820874193718,1
U0303,70.88587657976319,42.23369948292484,0
U0303,71.64424673380175,46.20658266012244,0
U0303,73.01364667979313,44.745709728221236,0
U0303,76.34546306654998,53.845358692510274,0
U0303,78.61520533251617,53.084620333202864,0
U0303,77.23934685754755,59.076691102563544,0
U0303,82.64353756754451,58.84194841394247,0
U0303,75.7241383779266,47.16916532397374,2
U0304,74.12515437124799,60.88791278845834,0
U0304,73.1544852497012,71.96149805637131,1
U0304,70.93176035607519,52.02340311634498,0
U0304,64.03431569563267,67.80021569836507,0
U0304,71.28959528328888,56.191251222596065,0
U0304,69.87986089582841,50.857991588905335,0
U0304,69.25370989129671,52.082137749708174,0
U0304,71.58302074530116,71.94548394873415,1
U0304,71.2399367290387,45.79597317156043,0
U0304,71.93692000149092,45.961197365076956,0
U0305,73.97122891909142,57.68640380101194,0
U0305,85.43966718413135,44.88131412955023,0
U0305,69.75526196159703,60.87701642800851,0
U0305,70.59534602259747,58.815314761250434,0
U0305,,57.61396901860656,1
U0305,69.70309915577313,,0
U0305,84.3511802540901,53.23681306230113,0
U0305,78.91872038164911,57.42501241033305,0
U0305,69.45276359288292,55.64691306337119,0
U0305,84.61274888245782,52.05268591214724,0
U0306,68.42495339336763,56.22302022167678,0
U0306,61.79183928121977,50.38982416610733,0
U0306,79.43686308263909,71.23146592888871,1
U0306,73.49130814689951,,1
U0306,68.91568642353161,54.89052011896474,0
U0306,71.69034497179958,,0
U0306,81.67614764805415,65.11498443168477,1
U0306,70.97519801674105,68.05152110829746,0
U0306,75.09385322339878,64.07739042928905,0
U0306,83.32979759098103,71.73527704778402,0
U0307,71.33276074353108,63.8194785571375,0
U0307,67.45019668924607,51.64290094706181,0
U0307,69.81514048377016,,0
U0307,58.498788757612076,57.67307823884781,0
U0307,71.30802579469841,57.789488839397706,0
U0307,59.813673866160556,61.31458631639283,0
U0307,82.03735759234539,63.08282378734346,0
U0307,78.08599200717693,63.70484992884174,0
U0307,83.82857630192201,58.11605588108365,0
U0307,72.59564489901128,53.832995361785265,0
U0308,65.63943361202332,50.225388645016594,0
U0308,68.54404713957648,54.98817263246663,0
U0308,72.27061482229215,48.81404449219376,0
U0308,70.56731364455185,62.98481687216441,0
U0308,73.52360950051172,69.08764837945292,0
U0308,68.62525696732973,47.12699422045419,0
U0308,69.0035740464231,52.67973126415232,0
U0308,71.48047606017514,49.345065494506514,0
U0308,65.31238277110157,51.63645142083197,0
U0308,69.91774114972931,50.61621217010422,0
U0309,69.50882464510157,62.278301879850574,0
U0309,71.40533763788771,64.66991847446319,0
U0309,69.03874492822885,41.87092326812411,0
U0309,64.22794671647922,47.17061810116087,0
U0309,81.11089475141229,49.06422482263442,0
U0309,66.31206134962663,60.435740534091494,0
U0309,74.1190792210892,57.99953044218607,0
U0309,70.6228896149166,52.34365642053376,0
U0309,67.22404221061741,52.90575474258513,0
U0309,73.00324718270188,69.3194279062836,0
U0310,70.85315340224543,41.25020930279645,0
U0310,69.31550731980232,67.12027698504717,0
U0310,68.85167879223378,65.51637354160142,0
U0310,75.50580695676132,79.22001085888265,1
U0310,69.75914259369213,53.804316558068656,0
U0310,69.20987807328639,49.17953541173384,0
U0310,72.38370359393801,66.32182119743787,0
U0310,64.39266722478479,60.41654969907943,0
U0310,66.64166128017183,55.997636606568456,0
U0310,71.06268733868217,,0
U0311,75.44712538258933,48.548638255593836,0
U0311,80.54864310193919,66.14121035323778,1
U0311,82.21795005189641,62.78453554477845,1
U0311,81.26815353283878,70.4878252515249,1
U0311,82.58339481548704,50.04277035040359,0
U0311,80.48045863941503,48.28147381217831,0
U0311,90.30801510021796,61.829366394448094,1
U0311,78.03030643928282,50.82311042753781,0
U0311,73.01288131382044,56.8373360925052,1
U0311,77.46608380824746,48.050886226671224,0
U0312,,45.677268427269205,0
U0312,64.5428022247498,50.80065172412415,0
U0312,71.34760154742844,80.81694961026146,0
U0312,68.17892284203583,52.8631707343942,0
U0312,70.63568378725188,63.18550901336053,1
U0312,77.4501812107339,51.91521528468399,0
U0312,64.87913922152295,53.23253477915125,0
U0312,61.10956005814494,49.692940555669324,0
U0312,67.91896829463734,46.001294232798706,0
U0312,70.04385920058867,,0
U0313,69.34004110197614,48.91536282717397,0
U0313,63.52683989692017,57.439620464363834,0
U0313,64.09236560135209,55.54565252549131,0
U0313,64.52525396701267,73.44484048843836,0
U0313,65.5605673637302,55.077562744254216,0
U0313,62.621663227589686,55.28029956759234,0
U0313,66.90621843758123,53.146993149391676,0
U0313,84.63096582136292,46.55344668728176,0
U0313,69.29558742649716,61.05228066943402,0
U0313,69.80039570030226,51.746043561826504,0
U0314,73.31588891073564,37.40918147912487,0
U0314,82.60166662964555,56.846624825162465,1
U0314,92.33112383327152,63.37987390024903,1
U0314,75.96736916785801,74.2239983594464,2
U0314,84.18679969103559,62.527962883360516,1
U0314,84.00008283694355,57.8409935826091,1
U0314,90.89788149894834,45.014599116974125,0
U0314,82.24657617875779,55.92691126739682,1
U0314,90.05760897302613,72.06771476890518,2
U0314,84.15811222818942,62.507601281598156,1
U0315,70.2018933075853,52.565746686246634,0
U0315,70.08438038425165,33.32254252192656,0
U0315,70.56210826339112,49.518356362846504,0
U0315,71.6157284840485,67.45286589137528,1
U0315,74.80217114585743,57.043748461557634,0
U0315,82.07705001315203,54.7815758264351,0
U0315,75.47267794680744,71.64569954738398,1
U0315,71.31225843556062,53.06865277646262,0
U0315,74.68524666718135,68.0059161172625,1
U0315,72.21119824719821,68.92394169543711,1
U0316,75.6566792834011,62.32528176204191,1
U0316,74.9949660729045,49.24194821741806,0
U0316,63.53475199665395,56.10460847934645,0
U0316,77.60076178427039,47.45775388226183,0
U0316,67.61359380887944,58.56452726012293,0
U0316,72.26022034114312,56.156073145105616,0
U0316,76.60748668568321,52.68163872838644,0
U0316,74.89962034731512,39.3544568165389,0
U0316,80.79462708727866,76.60094099081826,1
U0316,63.60912508387588,49.13708059174351,0
U0317,63.11143043717468,53.40435835308436,0
U0317,66.38408208869008,55.035447438277124,0
U0317,71.16136872195531,48.95002817316777,0
U0317,74.14092311007022,55.057597459858385,0
U0317,70.5943130378095,52.328352835770175,0
U0317,71.04183495692878,55.79683069097552,0
U0317,72.29619886943689,51.821849830349834,0
U0317,68.25857118883692,58.13970245916873,0
U0317,66.60258804706652,44.24390630554478,0
U0317,79.82459598064423,75.27051982504308,0
U0318,78.38633113197507,52.75558637470128,0
U0318,80.44423400647447,53.7042057959807,0
U0318,92.62417074685547,65.41404573618169,1
U0318,78.35865141465287,,1
U0318,78.61002633161908,61.29512192053218,1
U0318,80.7716715705867,57.234546224211144,1
U0318,81.18172446712462,52.64073248442849,1
U0318,96.34288468010067,62.06166597875328,1
U0318,79.79239176303,48.28232640734006,0
U0318,92.16141875742123,53.42540348522883,1
U0319,78.99313775388674,54.549309627552,0
U0319,70.84053213574511,56.41873592608045,0
U0319,,70.9674264068354,0
U0319,71.11173645231555,39.65603382979208,0
U0319,62.44210974621504,48.07277264339931,0
U0319,69.05959257335125,43.053814129183436,0
U0319,74.2788313526595,57.4263268390282,0
U0319,77.67268534469328,56.635299445884534,0
U0319,68.46631899827872,59.817036149633985,0
U0319,74.25519587055393,60.31937274077582,0
U0320,80.98655806765721,71.88451607229753,1
U0320,74.92013759999293,63.86014369619324,1
U0320,81.7711110814255,71.50454923907316,1
U0320,86.38838524166401,52.469841036155564,0
U0320,78.51006595572093,64.91603646955002,0
U0320,83.59250848614047,52.02908597855837,0
U0320,87.67060024739057,67.43216919156721,1
U0320,76.34693776608562,50.065269182171825,0
U0320,78.63649559809623,56.863171541603464,0
U0320,87.27276482040958,,2
U0321,63.457151188547535,56.655568857599995,0
U0321,,69.35935812859229,0
U0321,64.30310271511776,50.93566849509665,0
U0321,68.67705131867848,58.133027731929474,0
U0321,65.52145642546152,49.17425376103223,0
U0321,65.74680917314845,57.85918813423913,0
U0321,71.23038997396831,67.61908851055102,0
U0321,74.27792587738445,70.37138183905951,0
U0321,74.50356330997498,48.932362770702674,0
U0321,58.91470994843079,55.6183103107262,0
U0322,63.18733139993098,62.15977165379504,0
U0322,62.38673712344562,55.86071216887777,0
U0322,70.9563227409848,,0
U0322,61.84276066035372,40.950370067515415,0
U0322,59.35191528479913,59.68472625280801,0
U0322,61.97282836620742,51.280725997844726,0
U0322,69.50049490367356,56.162022506258744,0
U0322,47.1824796671926,60.13688624323016,0
U0322,64.05302200490931,57.485087609217494,0
U0322,55.07774363059055,53.597892979378145,0
U0323,64.42867181535853,54.4093868030705,0
U0323,70.67955643126977,,0
U0323,73.90103328959732,59.661959247210234,0
U0323,65.51443218812881,43.42235298009346,0
U0323,75.45200392428723,54.15580463220099,1
U0323,72.51392456049435,48.810703105187216,0
U0323,69.82407322197211,56.81921197237224,0
U0323,68.15345707786501,69.18233668913003,0
U0323,75.30863912689982,,0
U0323,67.53232199984906,41.35233930435186,0
U0324,70.11476590118487,56.0830218445739,1
U0324,80.3773744346287,55.89570453032714,1
U0324,77.60769898717896,58.480723868336455,1
U0324,78.85720277898456,47.35876410958954,0
U0324,71.142827157487,45.630746828449155,0
U0324,81.04372594499769,55.83248033328808,0
U0324,77.9266225719946,61.94873049159523,1
U0324,77.65146078210351,46.74729953256469,0
U0324,,,1
U0324,82.26350285373279,62.673564982093595,1
U0325,65.3693591423936,54.173679463465085,0
U0325,60.4029298695346,63.9490658525649,0
U0325,64.80051627254643,48.42600168425144,0
U0325,61.41196185460817,44.690044843500885,0
U0325,66.15607276745638,47.49826399282937,0
U0325,64.66231574479264,44.48437948002272,0
U0325,79.16825053639097,48.369248049167844,0
U0325,56.23775922256951,54.49533040265987,0
U0325,73.87735490456595,59.544735877827215,0
U0325,76.64226663859132,69.21722159432291,0
U0326,64.31286174924547,54.63714732410127,0
U0326,72.29317710546403,58.17855086789253,0
U0326,62.37911318606443,,2
U0326,62.81826024413097,54.01475877146638,0
U0326,68.99996584057814,47.551475104551166,0
U0326,63.56454842368711,53.16729948885156,0
U0326,67.72880568795436,63.092314399937194,0
U0326,60.76188650732381,54.502842767076366,0
U0326,60.796684520861014,54.51139360709221,0
U0326,63.624470237888644,73.2056124210492,0
U0327,72.91781711436191,48.83462355310896,0
U0327,65.17276894294153,63.813496963606724,2
U0327,83.07242311976995,73.82835740850116,1
U0327,78.59780405635038,66.406894683577,1
U0327,73.14569268151675,62.095198820189545,0
U0327,68.77492934610443,60.78244590008542,0
U0327,68.85751915989373,44.77980479419316,0
U0327,76.10475314059848,,0
U0327,74.57118628069624,,0
U0327,72.5001337373468,75.2541437017192,1
U0328,78.43012584939773,50.49613498721872,0
U0328,54.351961071091914,37.7445909660013,0
U0328,70.69621070815715,41.17222399461147,0
U0328,69.55662211500824,47.08648224260537,0
U0328,69.18561290774502,64.43056834442521,0
U0328,76.31218561369212,65.02158782314716,1
U0328,72.57763284502863,48.33003953765745,0
U0328,58.557710313485565,47.50602802127407,0
U0328,80.7901654871151,48.29875251784523,0
U0328,74.43385859055118,66.85437189332247,0
U0329,70.1946795332789,58.28386812273985,0
U0329,63.89373033424636,39.623338355811704,0
U0329,73.9366066611605,58.31663905220761,0
U0329,69.23416796347074,45.55437532683616,0
U0329,76.1965938056526,49.76350728439789,0
U0329,69.7331697871226,60.93793592920736,0
U0329,69.3629817363026,66.52762067798322,0
U0329,73.65073030740804,41.40276092220299,0
U0329,69.22768734168427,48.515354095219635,0
U0329,69.38466563250816,67.31027730329079,0
U0330,61.104252812669515,53.05812058950244,0
U0330,72.51338603149935,46.48219857827607,0
U0330,67.46949049407445,54.49252102881028,0
U0330,,61.661884626851446,1
U0330,75.08988926100834,60.01239778133726,0
U0330,67.8075136884416,58.642430567121416,0
U0330,75.55388153563959,,0
U0330,69.9886883700487,54.464292535513984,0
U0330,64.05811937381566,35.985110533299896,0
U0330,76.40137526359304,53.6499519656154,0
U0331,,56.32992198186966,0
U0331,65.9401525550349,43.54604385330248,0
U0331,67.730304908106,48.83223294777471,0
U0331,72.41179666398764,67.25505195327817,1
U0331,75.35931668887464,54.636508167254064,0
U0331,70.61978505979485,48.455834261819575,0
U0331,69.13671048489763,61.046222646706305,1
U0331,77.05868427902361,55.272030142611065,0
U0331,73.47967416526193,51.92466080421228,0
U0331,72.10939720261788,,0
U0332,90.2059953092492,53.21175957718621,0
U0332,62.17461416713272,62.680125066928625,0
U0332,69.69662364477513,63.20437828047999,0
U0332,63.273615205616395,50.13939879378524,0
U0332,69.11532295444358,67.60085396571213,0
U0332,64.37393828987733,38.31931253846021,0
U0332,67.6134860391284,57.46525057341627,0
U0332,71.52268457235748,51.685392521018606,0
U0332,80.25515724006708,32.071677968439516,0
U0332,68.17470858529101,54.321362398210404,0
U0333,74.26312430479226,48.20973094293116,0
U0333,70.12619582427382,42.85261209615719,0
U0333,71.74502786554844,,0
U0333,,62.31537849985617,0
U0333,72.53775155229174,67.35987184246767,1
U0333,76.35048813846774,57.27541901067278,0
U0333,71.37148500515498,63.470962748828896,0
U0333,74.19109992958336,55.465590803115106,0
U0333,67.93214134207177,62.78731595920704,0
U0333,61.86125054477244,46.90987209068317,0
U0334,62.44086887854488,53.31909811168959,0
U0334,66.05693246162872,73.8336921518073,0
U0334,71.70813771493698,53.5352958378598,0
U0334,82.47711026467528,66.64141185724198,0
U0334,58.92975942153211,63.32330892656777,0
U0334,63.4437439099739,46.37746537016026,0
U0334,64.13500794869002,48.94921091870348,0
U0334,69.61781800720429,51.77053812630508,0
U0334,,57.3129021013863,0
U0334,69.78626353660525,49.355147864389686,0
U0335,73.99320680344857,62.4346077193024,0
U0335,87.43025954650864,47.767740323423396,0
U0335,65.36051301238572,55.885570939152274,0
U0335,64.07631318125986,60.947829365427296,0
U0335,62.867040358609884,57.14915592241588,0
U0335,68.38986778485805,56.4452306515787,0
U0335,70.94795713278599,,0
U0335,65.98263097781911,57.70917462317266,0
U0335,35.19105345343901,41.461162871615784,0
U0335,66.61087976549517,56.23231066401962,0
U0336,66.6795812770959,60.25363078073142,0
U0336,74.98024538352901,75.58138749425025,1
U0336,69.77823112263668,40.799497994808,0
U0336,72.54912187417008,72.95106449176292,0
U0336,,54.89550003945882,0
U0336,73.91600445003677,58.53480460477743,0
U0336,69.1010952076226,35.81223012645427,0
U0336,68.78229567304567,53.02231503302703,0
U0336,77.70350254798998,48.536284622905924,0
U0336,70.76116113463338,66.07693960986116,0
U0337,67.63660889098301,54.6616272286844,0
U0337,,37.017767744079414,0
U0337,50.048150988276284,49.679769214056066,0
U0337,64.99299713889518,,0
U0337,64.84278346578397,60.65853960979997,2
U0337,59.148072033717455,73.98073144895862,0
U0337,79.73502292131414,62.20487586928525,0
U0337,,52.068188442169365,0
U0337,69.66284165468421,43.80162408277872,0
U0337,,53.43403109867939,0
U0338,73.74906370303759,57.02649661599466,0
U0338,67.32976179729832,51.53279961993145,0
U0338,73.13505972690142,50.18301803005781,0
U0338,73.86897922133524,32.997586856001725,0
U0338,86.33813706804945,47.322407862825145,0
U0338,82.2949357071139,69.0501102126215,1
U0338,70.34947419119979,71.343585569328,1
U0338,76.40175906372396,70.0139525674569,2
U0338,84.49387466691198,30.874260519737344,0
U0338,80.56153402527765,77.66324562212642,1
U0339,70.47525872081202,46.45282826956278,0
U0339,84.29434235083215,52.783284793558465,0
U0339,71.15565513980421,58.1940556295854,2
U0339,65.62874211457144,61.34395944996319,0
U0339,71.61579276239179,64.76757734870284,0
U0339,72.7852600666534,51.0851385220781,0
U0339,64.63105082228968,44.92682603375538,0
U0339,67.69474923649045,48.036797442391254,0
U0339,70.29331832883314,55.04011830010281,0
U0339,77.61203738281641,47.47938364897863,0
U0340,80.68148992236583,46.71224386267737,0
U0340,81.02127367489909,49.800546564597894,0
U0340,76.8323200792748,55.47346070307629,1
U0340,76.86302446077619,66.24957065460417,1
U0340,80.81116936596257,58.556512818295445,1
U0340,78.10785730924009,52.104690735198005,1
U0340,79.63972504073675,34.00660288213554,1
U0340,82.28858542202369,55.02081920153486,1
U0340,81.2260795973754,52.837466087473516,0
U0340,75.99582181580146,50.742646595503814,0
U0341,65.5301475135232,31.38289172167309,0
U0341,70.09841215923375,51.71068858650004,0
U0341,78.57857834904968,61.29635951994162,0
U0341,70.64646557872322,41.43386033723058,0
U0341,69.23750398343533,57.5455788530957,0
U0341,,51.28922518687507,0
U0341,69.06092540659061,66.69131996971657,0
U0341,67.52118820596094,52.572088637726175,0
U0341,70.34207442304763,69.27485387222094,0
U0341,71.28329837807854,51.196808104604315,0
U0342,77.60902012719617,57.075778949894655,0
U0342,68.58069524178363,64.34227062529324,1
U0342,80.7156416865251,54.50602985370137,0
U0342,79.85074194458139,70.13319652707507,1
U0342,74.66286358986937,51.08899608587962,0
U0342,74.92347066459207,60.68648999802096,1
U0342,69.57477169695768,49.294133025272956,0
U0342,80.58797590491064,51.37731913624637,1
U0342,70.99679412088112,49.60319577763889,0
U0342,78.28337274177484,58.08999871501978,1
U0343,,60.823424230288225,2
U0343,73.25377416552801,37.27286346518367,0
U0343,73.57392541906682,52.484110515362545,0
U0343,55.23394565578599,46.174490388251726,0
U0343,77.94224747955303,53.536807763001484,0
U0343,68.5681083922031,65.39700282899852,0
U0343,67.54966287890066,52.31932649245346,0
U0343,96.28584753182996,62.86639603917062,0
U0343,73.91212262235146,53.437487369628506,0
U0343,74.15817030786864,70.70994779801805,0
U0344,74.42087586715348,41.88342178097179,0
U0344,76.18929959390181,53.448424120290696,0
U0344,80.09084410074448,66.82766239949186,1
U0344,73.80134780405604,41.17024349169017,0
U0344,81.63180873956408,,0
U0344,77.28690962340542,61.651348284457804,1
U0344,85.57498648047034,43.54636453515829,0
U0344,79.09885274793716,54.43950755542992,0
U0344,76.99556545083266,61.23928885325839,1
U0344,76.07138721435153,58.058586839966814,0
U0345,71.45262869763764,64.08377988595137,0
U0345,81.66712185598563,51.027129281007035,2
U0345,67.5334454379421,58.0042982578128,0
U0345,75.53517571010197,52.06090105625865,0
U0345,68.76365984013589,48.68634736884397,0
U0345,79.83141041277531,48.2856045082062,0
U0345,72.45160213520866,,0
U0345,75.517885515265,47.80295999860815,0
U0345,66.66397890465498,67.82185083685974,0
U0345,67.89266047071445,53.661436534531774,1
U0346,75.86793393528257,49.90795039923505,0
U0346,80.92833385317167,62.40092271493589,0
U0346,,55.43770380289013,0
U0346,81.67452528466406,51.9458403135875,0
U0346,,,0
U0346,,91.64125377507924,1
U0346,72.79477634247266,27.636244218418277,0
U0346,79.53922872212443,45.701441514278585,0
U0346,69.98089452959326,56.26083411995453,0
U0346,75.58218598881793,41.95512935942807,1
U0347,78.65741327151284,61.505049147753965,0
U0347,69.74339218562963,63.04162481157867,0
U0347,69.66437060396873,66.24634314110008,0
U0347,81.00358946452579,68.51492352810072,2
U0347,,57.41942453331858,0
U0347,88.30261490738133,57.297512828141855,0
U0347,79.78488531555503,66.42105383944843,1
U0347,72.81435330909571,36.92452900898757,0
U0347,74.6481702221309,60.13213400531703,0
U0347,75.55296603902701,49.45839208268005,0
U0348,,47.51054018187707,0
U0348,69.33303686458076,48.62166055492272,0
U0348,71.27669217302224,54.219982045782196,0
U0348,71.72240563587798,72.28303462284458,0
U0348,71.41373114616542,55.176625512937456,0
U0348,74.95738733988311,53.19608462403801,0
U0348,67.64700244214802,66.53515874213464,0
U0348,63.423264190961675,,0
U0348,71.27369888507715,49.968842225288796,0
U0348,74.56248927249571,63.36556504522311,0
U0349,72.79321312926992,61.909290810393045,0
U0349,78.02897516038053,57.83119215809164,0
U0349,71.96380563940026,65.44927510475132,1
U0349,,54.83232161175522,0
U0349,67.78139126828103,38.29930349062251,0
U0349,76.60408739904696,53.567151717961686,0
U0349,78.23991551954468,65.0087642526542,1
U0349,73.8336006910275,60.479968493451295,1
U0349,,61.014268763212165,0
U0349,80.26931129820271,51.44337071707742,0
U0350,76.46223335349991,,0
U0350,82.72659186879241,57.24094717601494,1
U0350,68.32364507101532,42.93151161894182,0
U0350,72.3044604822409,55.52378301278975,0
U0350,76.85048479656389,,1
U0350,80.14424587032897,,0
U0350,81.95546153231248,52.32026591838418,1
U0350,65.89847655209665,,0
U0350,82.71532692283535,48.90164799222602,0
U0350,76.4826123372852,47.14856370331432,0
U0351,76.22688413662122,50.032526519607195,1
U0351,73.01686875546453,50.09159246913656,0
U0351,78.34068704318915,48.96966504332345,0
U0351,72.5070217472189,,0
U0351,81.02819573866152,49.57358734912089,0
U0351,82.61871543431448,49.92086859422725,0
U0351,81.46939312383655,56.739649312419196,2
U0351,89.65292381061568,62.44394150795364,1
U0351,71.82618615953326,58.04877534643111,0
U0351,73.47505006283032,57.16463537923088,1
U0352,72.06454516174739,55.81966307692387,0
U0352,80.95458124318647,62.55532978735499,1
U0352,81.9596158922276,62.84740276898549,0
U0352,69.74383533845817,48.21314568431333,0
U0352,75.92144198258988,62.71127731916796,0
U0352,77.68575419243058,62.76983321286121,1
U0352,74.30868007931109,77.63277909141985,1
U0352,73.09319122919297,50.46115351371594,0
U0352,69.94924830566076,50.985279938863044,0
U0352,76.48734936129019,56.314212635413035,0
U0353,77.9821496223216,52.464231241218954,0
U0353,72.74612074279452,61.36033234134926,0
U0353,71.98588719085444,49.23683780982737,0
U0353,77.57346269172444,,0
U0353,75.9085341387299,,0
U0353,76.78285627487973,59.90661343567818,0
U0353,61.82685602573131,46.250229385169504,0
U0353,72.29184321999483,60.833764296985684,1
U0353,75.06890846081464,41.42970516275553,0
U0353,76.10183473695662,60.81369733089008,0
U0354,55.21786061857439,59.62971379844926,0
U0354,53.096480639385156,42.64442639413866,0
U0354,61.23724367464527,57.06527593199677,0
U0354,71.07918396778078,60.649956855271355,0
U0354,54.41165441323109,52.224752548988064,0
U0354,60.8396566874958,60.778546634919394,0
U0354,56.81014724310963,59.42111466170008,0
U0354,63.06504998762621,43.31289033974095,0
U0354,74.22552812636243,58.72495982127607,0
U0354,60.13692096672419,60.619172428016064,0
U0355,76.49065780448964,63.31092328153473,1
U0355,75.22223090841906,48.84975796576087,0
U0355,85.03759323732567,48.63417437318472,0
U0355,78.97062317387503,56.87236885855039,1
U0355,82.38656457790294,53.862038178340384,1
U0355,71.27585720627259,49.86729544551689,0
U0355,88.30349721269266,43.28489504495178,0
U0355,84.76701301391755,63.123246316569045,1
U0355,83.3720624938668,50.01218022205987,0
U0355,80.80230426601429,65.07867885223351,1
U0356,74.50893318195945,64.60053037232288,0
U0356,72.26021625461931,56.13239785046047,0
U0356,66.45353681744248,52.8876576303926,2
U0356,76.06823364576529,63.44759261149629,0
U0356,55.54463616803265,41.229431701023564,0
U0356,74.00550692955952,59.32494783840808,0
U0356,68.79719623589733,57.457255619458444,0
U0356,68.97992778804968,55.52363942590976,0
U0356,57.923660140489886,66.85050410647676,2
U0356,71.21307134973839,53.25293796442013,1
U0357,78.0895918513473,57.958231041664675,1
U0357,85.82149439710103,55.59062030535052,1
U0357,86.1120605324221,33.41918231318529,0
U0357,77.30429978797802,54.23206339862812,1
U0357,80.55144624858683,50.66642907281821,1
U0357,85.31385123613629,70.63996490110847,1
U0357,81.67099964802641,58.206349697012655,1
U0357,82.25226902072741,45.47724466339664,1
U0357,75.03514146140682,53.379257049864925,1
U0357,79.6511174036976,64.79580214727338,1
U0358,68.4883971251992,,0
U0358,68.07269532008637,62.91974772050122,0
U0358,65.78997622908723,71.23761278388172,0
U0358,82.2251468084307,60.486917203755716,0
U0358,72.10382574660248,59.62351376368532,0
U0358,68.71786509281112,63.41019612502177,0
U0358,70.14680415826163,53.4268056817642,0
U0358,52.563498527537035,42.13954484470962,0
U0358,63.342386568710864,51.95705547039278,0
U0358,59.87034779337156,42.0175558038681,0
U0359,73.55134535877632,49.33769007237534,0
U0359,69.5271778479708,69.20220501951722,0
U0359,68.41485789543081,44.194820443132656,0
U0359,79.94781370804084,51.90147632541688,0
U0359,64.84602563655719,56.572507823157174,0
U0359,67.12468385376125,43.69150041501479,0
U0359,66.70899462851852,52.64252728415179,0
U0359,76.0530779872785,61.700743442743935,0
U0359,72.57101694720822,55.86765863640653,2
U0359,71.09111543192597,71.10439917162809,1
U0360,76.28828712211973,51.29202026976228,0
U0360,69.1715875067133,58.812381769984434,0
U0360,81.61232430638837,52.66231407668309,0
U0360,73.2268651783362,55.30475356638429,0
U0360,75.18541316810943,54.27734914750638,0
U0360,,59.64877930131141,0
U0360,77.79120753271565,60.415414032343854,1
U0360,75.49772521823407,58.449553093967864,0
U0360,79.27843954155755,67.51920073924916,1
U0360,74.66272387727987,60.97026730976034,0
U0361,69.81478830486824,51.576761021813645,0
U0361,76.06791291542072,53.5289688133881,0
U0361,75.63336162391622,52.923992591380454,0
U0361,71.01619557644929,56.53404661224832,0
U0361,78.75079551832388,,0
U0361,81.3257557205205,55.11864630381156,0
U0361,74.45052694690281,47.67966068809411,1
U0361,77.06651119377798,52.86980561855837,0
U0361,62.233415123377284,60.26401313894529,0
U0361,73.08049843448336,59.22787002457068,0
U0362,72.02880959830438,42.43560156852182,0
U0362,62.677006998980794,45.805839827164526,0
U0362,67.18696983916267,43.87799759575422,0
U0362,68.26988575767257,72.75517867619345,1
U0362,68.50702701723883,61.746152457242616,0
U0362,76.28331653344365,60.70412058794952,0
U0362,70.02816254932762,71.37203294612964,0
U0362,72.43208735110188,50.64199422035574,0
U0362,72.70355504511583,52.3623616058132,0
U0362,70.85988823346389,38.934063849048016,0
U0363,71.41951494722703,49.09660467678237,0
U0363,72.40640144764092,40.80344640320718,0
U0363,79.72838874088778,51.47787665169021,0
U0363,79.23403263658574,60.38490940545478,1
U0363,81.81621216695704,53.81645413266308,0
U0363,79.13412646188998,,1
U0363,75.8345360459337,45.92182393838355,0
U0363,73.72727540585824,48.13757120583846,0
U0363,72.3033561513826,59.36874640389891,0
U0363,69.51245447751643,43.45734249256519,0
U0364,70.76252893776714,52.373079249531585,2
U0364,73.93552211591384,51.86459555998657,0
U0364,60.39964817294229,71.66264287126224,0
U0364,69.50123331883121,55.29067361045187,1
U0364,,46.4380314874953,0
U0364,71.0660088247774,73.33015127437973,0
U0364,58.70645042597909,54.94015280196711,0
U0364,66.48985466791434,41.292484310761466,0
U0364,70.02161315922054,56.18965905330716,0
U0364,60.79791398377108,41.656953783298846,0
U0365,,48.7650675524182,0
U0365,77.90785789742851,48.81555493139865,0
U0365,80.64777821894856,49.31916813282915,0
U0365,78.92858065068107,60.76856187193552,1
U0365,79.04866157618103,51.84371931280444,0
U0365,69.63647873805489,57.467115159119714,0
U0365,75.31462856136473,42.95627369626798,0
U0365,78.37712149193806,40.11327159704227,0
U0365,82.79414682711739,68.53577247514178,1
U0365,64.25786660223025,53.963264471057656,1
U0366,71.58579627633877,52.470005688340244,0
U0366,71.96767379768826,57.073479356353886,0
U0366,59.99870309022152,64.03227975472596,1
U0366,76.673237956421,52.44319675960561,0
U0366,75.05225897257901,53.35754640868144,0
U0366,59.25640698963273,51.55453351539185,0
U0366,77.77529956978013,50.311993245349136,0
U0366,58.29517248989633,52.27907139384862,0
U0366,69.35943036523905,50.51867446033905,0
U0366,74.04411750572046,48.26157998668847,0
U0367,70.52125284767484,63.333059131212686,0
U0367,72.72380724356474,55.8608957693237,0
U0367,74.60758509459625,58.24687704779417,1
U0367,74.83623308746465,51.29845456892862,0
U0367,75.15291457604069,55.3434984706253,0
U0367,82.74399330505696,66.4857141197778,1
U0367,77.57762203163053,61.181157494487074,1
U0367,76.77855585116554,77.4667698266571,1
U0367,69.48719831527671,42.40474769243835,0
U0367,73.47529688943658,56.76248781802729,0
U0368,78.96294405394225,52.10736316573856,0
U0368,75.95864690975105,59.226466429337,2
U0368,72.75069293796163,74.58836627623157,0
U0368,72.69996133924045,65.70111924490273,1
U0368,65.53233153639717,44.54441893611198,0
U0368,76.61477356793367,49.285540362859734,0
U0368,71.40300152426909,63.79189289362821,0
U0368,,45.95869258103323,0
U0368,70.07662155333283,56.79602621537682,0
U0368,73.76082884545836,49.11327363939286,0
U0369,,,0
U0369,62.28896037660844,55.42322391260701,0
U0369,61.27312530058577,50.89781828168465,0
U0369,62.43279305437143,61.044453664283864,0
U0369,68.6564264936539,60.84854442648258,0
U0369,66.72869545985395,64.19628331233119,0
U0369,59.01826860760286,54.197126452850995,1
U0369,70.39233311626839,51.32772941326041,0
U0369,62.11936864853756,43.993274315287195,0
U0369,63.5099722965173,52.70601449431113,0
U0370,79.69576751937574,55.09033116001392,0
U0370,68.75022722791006,57.41310602527605,0
U0370,68.49766081067735,42.10932805941053,0
U0370,55.396307881600926,46.00991830849752,0
U0370,66.60417759769221,40.819442814677124,0
U0370,59.821459283502904,47.70536304875879,0
U0370,59.41249282190113,43.52993966534909,0
U0370,67.36111544675781,54.61130955200393,0
U0370,68.91720385212555,56.41989288732689,0
U0370,64.53808753156933,53.4852242212993,0
U0371,70.12778225102926,38.85467126545631,0
U0371,75.10583894530106,68.3175576743196,0
U0371,64.72384656495414,58.280225347666146,0
U0371,64.04966802872252,45.11794230638038,0
U0371,80.13263719860112,45.862934329853566,0
U0371,70.8441183098471,70.1299583200133,0
U0371,81.03238712712914,48.95269592113932,0
U0371,74.23434989714454,54.82007503263201,0
U0371,73.72517048660637,55.93461320682513,0
U0371,68.39484594328677,65.68669031257255,0
U0372,69.56949623695415,,0
U0372,75.02833926264265,69.7517199636967,1
U0372,,52.32955801964861,0
U0372,74.21304458978318,47.55114631256714,0
U0372,69.42532127706488,63.44555621267828,0
U0372,57.43248840066085,53.89384552212758,0
U0372,57.87608251602622,56.53284634937751,0
U0372,78.29052246373519,48.21007838973168,0
U0372,71.28064450509248,47.746984384888464,0
U0372,67.0292516744881,58.18500627672398,0
U0373,74.22515045349235,60.75055168121262,0
U0373,74.11210904113734,43.61489318944345,0
U0373,72.05485889370938,72.87648261416557,0
U0373,74.98260416501444,46.720259201844435,0
U0373,68.2676546956944,,0
U0373,73.64993481527695,67.13654576303435,0
U0373,73.05832414994053,53.23252478352252,0
U0373,73.23145512202552,66.47176819799468,0
U0373,,52.39777085802616,0
U0373,77.54068136497737,67.94901166185606,0
U0374,70.1118142931688,56.080765368087135,0
U0374,67.05226911034312,61.48201185318965,0
U0374,67.55281614816157,,0
U0374,65.6202096739853,54.2369914734193,0
U0374,68.91305227765974,64.46871151250635,0
U0374,65.25340483121452,39.55396194108007,0
U0374,57.09829605550047,36.668221501277934,0
U0374,74.05418490448268,73.68854887135932,0
U0374,72.69683856694509,68.00136695960073,0
U0374,70.64165038011674,65.82052951035121,0
U0375,72.81945720449993,53.34192095404536,0
U0375,53.9502044208262,45.58642752070771,0
U0375,77.62722763533736,52.415910765331255,0
U0375,70.78551158377827,43.208927655770005,0
U0375,74.8264383233179,53.93965722276579,0
U0375,83.45088188987908,53.08766826821434,0
U0375,,61.00738816947348,1
U0375,69.63397298399829,43.43561022821874,0
U0375,64.23355315277655,52.467131225176246,0
U0375,79.15831053403532,55.1545367045789,0
U0376,78.53980311562225,60.41562213480617,0
U0376,69.98667386052118,60.07481607270532,0
U0376,67.1836576849189,38.497190940564124,0
U0376,47.29060585897285,48.299016929276995,0
U0376,66.37284260595472,75.17920498903884,1
U0376,68.89017969814786,53.27516678204196,0
U0376,60.137149880653126,55.98468534466903,0
U0376,61.47788624458644,54.993484009051514,0
U0376,73.10550815625108,59.7416405963304,0
U0376,70.42614108290586,67.9357967834131,0
U0377,67.29417462249243,57.81594847390502,0
U0377,53.042207587859785,36.462721088873366,0
U0377,,43.0112105313114,0
U0377,62.78716391958556,57.5715321032513,0
U0377,71.49050574226429,69.46174163827499,0
U0377,75.26455169927831,55.44938725849359,0
U0377,71.88235046290193,50.7437492935304,0
U0377,77.06777231346894,61.78464592807998,0
U0377,69.67501321334319,53.954442582408845,0
U0377,71.56178400306091,60.95035173004909,0
U0378,,61.26646206868199,0
U0378,58.81627660691521,53.94720666504719,0
U0378,69.75606531623825,57.354694875381455,0
U0378,69.67887721562631,59.381125891207724,0
U0378,76.67326656000822,57.68483711556978,0
U0378,73.23317865367339,59.55980788736381,0
U0378,65.24923924736825,60.79003302964563,0
U0378,72.73249509679587,55.62937820221359,0
U0378,72.55136025888517,64.14542736452695,0
U0378,67.55385769520475,47.75709603894346,0
U0379,71.97688004550568,52.10646036249508,0
U0379,62.91880012888558,56.341285136119126,0
U0379,64.59260724811865,62.474089293898345,0
U0379,85.70632546866953,,0
U0379,59.8000500316726,48.09182630666846,0
U0379,68.91397446017534,45.69594040512222,0
U0379,67.3402244858462,55.755218735560845,0
U0379,61.61734049515874,51.56647097974169,0
U0379,62.23492160672714,36.87601401288209,0
U0379,79.26600770223463,63.84892054854694,0
U0380,73.38587770562845,62.16757978849615,0
U0380,66.81535239244694,51.72488652389207,0
U0380,71.2140235927217,39.971723802578055,0
U0380,61.81113712296034,55.73396608520827,2
U0380,76.76450468211773,39.56077540120523,0
U0380,64.2140664546735,61.95272524743084,0
U0380,,56.868917618665776,0
U0380,68.55040328968656,57.620611840230865,0
U0380,72.06879393731265,49.41408009644999,0
U0380,71.00666050711894,48.01435494791953,0
U0381,68.22609902304154,58.64894428499177,0
U0381,57.929919914341454,61.377904988046836,0
U0381,69.4187381678307,54.803264893008766,0
U0381,69.74218351758397,,2
U0381,60.85811316916189,37.245343509522975,0
U0381,70.42794859812659,48.66790549817399,0
U0381,70.20948705494378,54.83876840232842,0
U0381,67.53735531671136,54.937377750272965,0
U0381,69.13791179628869,,0
U0381,73.34459220774211,78.93244599356875,1
U0382,72.54237292055909,60.67946019867203,0
U0382,66.12618552116716,54.00345523711143,0
U0382,70.40053584039767,57.13269911397863,0
U0382,79.19469878490504,,0
U0382,68.11048119733148,52.90595821191259,0
U0382,72.00081376741029,,0
U0382,,48.85582692234998,0
U0382,69.61456234436534,67.52913307491869,0
U0382,60.74026164668058,50.19850337118651,0
U0382,73.51098360575396,46.26909581968516,0
U0383,60.145039168787925,52.79152538594498,0
U0383,75.80523527853617,41.6562795819511,0
U0383,63.05662779385647,53.14179422028194,0
U0383,65.20559890626937,61.41422995730578,0
U0383,65.86581765206945,63.47241603656382,0
U0383,69.59163657562777,54.282900119754025,0
U0383,65.02373731918313,50.872278086587954,0
U0383,60.10544838344121,54.07413502573546,0
U0383,59.438282231207936,55.46529903000808,0
U0383,62.813158142425095,55.264091445064295,0
U0384,70.21194499953415,57.977709266412205,0
U0384,63.941290979246475,51.9825701008172,0
U0384,66.14526056985162,63.164120804689354,0
U0384,65.23445066917999,47.66634036957584,0
U0384,70.6295436029883,53.94355042371025,0
U0384,66.81322582491758,65.20844388413701,0
U0384,66.40980735944585,30.70934697312904,0
U0384,73.56858536391297,69.75940346775316,0
U0384,65.86113829890118,57.512898848694135,0
U0384,58.62614280280016,62.442856896837654,0
U0385,76.33128802911483,53.41835479407475,2
U0385,76.16215482981849,73.39182462776398,1
U0385,75.77452211997145,56.39625097728933,0
U0385,70.7217343564658,52.42062189328483,0
U0385,72.30455645540151,61.60117631025452,0
U0385,72.30298540790496,55.99168863074589,0
U0385,79.43066011812049,60.573310788792504,0
U0385,74.42109883268775,42.42239181222256,0
U0385,80.45350015046965,69.09301832196245,0
U0385,66.86431629033235,,0
U0386,59.136484260069764,46.52187986255802,0
U0386,66.14222002125825,46.1462486350209,0
U0386,72.81459537096725,57.35404003622804,0
U0386,65.51897028645732,,0
U0386,85.5859568773817,55.60012951773139,0
U0386,70.63916915866923,74.81829002735209,0
U0386,66.90979235305788,43.46541674776098,0
U0386,64.94499429324634,54.34079199459122,0
U0386,67.41740021219066,53.83818934785828,0
U0386,68.40992634098039,64.18655877390374,0
U0387,58.25170261216005,56.59619464770358,0
U0387,68.51628730898986,68.6646750683338,0
U0387,68.26553779773101,57.9875055478558,0
U0387,,58.037497164853576,0
U0387,66.61665022423783,51.72832746629749,0
U0387,67.18230470341308,54.217269075177896,0
U0387,61.77086044846386,41.81466820230638,0
U0387,68.97268092747375,66.14654970515465,1
U0387,67.64738887643507,43.32610534863273,0
U0387,63.77718838852118,54.889744330296544,0
U0388,,60.53649312589545,0
U0388,71.54714609674438,50.817593886141964,0
U0388,72.96465880888975,69.13608640840718,1
U0388,73.56012108227867,58.785656679424115,0
U0388,70.37797877573635,48.76291645158492,0
U0388,72.55185247653311,72.01075452739595,1
U0388,75.9077398226629,43.534772622036996,0
U0388,85.15026478733486,53.31175415820442,0
U0388,77.21808219534643,52.32463954803535,0
U0388,77.7972643562375,48.0491716828503,0
U0389,70.93650777218325,38.125971308865125,0
U0389,94.15973497787351,51.36219000823358,0
U0389,70.2298203175818,44.60560879373527,0
U0389,65.67262045267431,49.806859813096736,0
U0389,74.52385559867619,54.60108288594967,1
U0389,73.67159374412984,54.530445586075146,0
U0389,78.37982845580908,52.22757118514628,0
U0389,67.40417204346844,51.962572730980526,0
U0389,78.58038655511007,67.79534374892874,1
U0389,66.93233847523832,60.73088850588539,0
U0390,73.84751296044861,47.00414206977281,0
U0390,92.43670623031109,57.65033248521351,1
U0390,80.10853820730217,59.45072870608557,1
U0390,70.0509709392363,57.23492487001845,0
U0390,73.0269332526518,37.1974206455445,0
U0390,71.07145187130226,55.633265839329695,0
U0390,86.298093524447,62.44516794694575,1
U0390,67.53670105325472,40.284141233733784,0
U0390,66.09029027130069,51.19570704460569,0
U0390,74.26636808267092,53.05022436517583,0
U0391,68.28833071338674,48.58664170095942,0
U0391,,58.8622588360837,0
U0391,62.70587529586459,52.672674947592114,0
U0391,75.39022254715114,55.50701257004562,0
U0391,63.86569720926623,60.8394868363944,0
U0391,63.79536506741239,62.07731501671176,0
U0391,62.27187373918247,45.998205917884604,0
U0391,64.85775591625948,51.56424963919946,0
U0391,65.81714925648532,58.71956362005723,0
U0391,67.28304519382624,52.672050669538876,0
U0392,,67.59122587073831,0
U0392,69.97269267993511,46.194290950303596,0
U0392,,41.897774841977935,0
U0392,56.876988014632616,51.6998389005685,0
U0392,58.927647293197886,61.40359183832311,0
U0392,69.35159306866885,,0
U0392,82.0674035142173,84.01906365365076,0
U0392,65.23498649522422,55.929791485536484,0
U0392,,62.43723617333059,0
U0392,67.69060564440105,75.93938432575042,0
U0393,66.97541343499559,54.50437715303125,0
U0393,64.588925359316,52.43152053858194,0
U0393,80.29839720264019,,0
U0393,53.30930679374971,52.482597932700735,0
U0393,79.89600432001156,56.114139712008445,0
U0393,,48.191542388678684,0
U0393,72.26750536834027,49.96598540266154,0
U0393,67.28923536036376,50.29937437847845,0
U0393,72.1573877408721,65.75975781562482,0
U0393,69.47614989202042,55.4781773161729,0
U0394,72.32095454917717,49.31897522395925,0
U0394,63.9099673451695,40.650282163796966,0
U0394,78.51610379716618,63.11475735324906,1
U0394,76.10814492825706,40.73714288805306,0
U0394,58.64460734402879,41.536028574159445,0
U0394,84.95963729060925,69.31434796100763,1
U0394,,63.91089362107844,1
U0394,61.52723329943027,43.39780524862706,0
U0394,75.46186930403785,54.782778179762495,0
U0394,79.70555537614095,60.44066859439545,1
U0395,71.82591226097769,66.23805510531632,0
U0395,74.04574523883439,46.80211365541799,0
U0395,77.64272396529151,59.32428009928737,0
U0395,75.05890758649369,49.94823645910625,0
U0395,70.03058329697791,56.92622958522969,0
U0395,68.26758624242467,39.149062554380855,0
U0395,70.38399228176749,57.761154279179316,0
U0395,80.6653008251499,86.21382400647943,1
U0395,76.47650575301476,68.48891656853918,0
U0395,65.19127330116311,,0
U0396,67.3876653955545,55.04067239684077,0
U0396,72.55952441740124,63.77478542679553,0
U0396,58.949766759422424,50.450328013583565,0
U0396,,50.3470779631759,0
U0396,71.08042290923497,50.19987436114249,0
U0396,66.54805348190676,68.63401255972767,0
U0396,70.47811040076144,58.65433293626308,0
U0396,72.48997464680245,50.345984567742875,0
U0396,75.09631255157895,64.20538145422242,0
U0396,73.53036508940077,53.24519845565059,0
U0397,68.86599985726244,44.31340453737348,0
U0397,57.25090775469149,70.98183887126457,0
U0397,75.27910203890968,67.02516374453062,0
U0397,72.87556585627752,56.051832470637,0
U0397,,50.6809759041772,0
U0397,71.29877936387268,66.6775847278552,0
U0397,73.9426038401602,60.21930818061895,0
U0397,64.65774137390572,44.38911748058983,0
U0397,58.86945105462494,45.456315181371735,0
U0397,62.33292069965034,56.78271829582021,0
U0398,66.40701635391126,57.326545533147325,0
U0398,,47.43314981075339,0
U0398,64.48268179700187,42.64342503620922,0
U0398,65.95285483094426,58.5620030094991,0
U0398,77.8245639223933,57.29810006712298,0
U0398,87.0629103586386,65.817733608906,0
U0398,79.73420295228983,73.409102266882,0
U0398,73.27521196712105,33.03767167453045,0
U0398,74.60483207679529,56.25760723746059,0
U0398,73.51477040371309,,0
U0399,68.13511958600148,59.81305593184947,0
U0399,66.8023717573709,55.13202695856511,0
U0399,70.86962754643827,43.04735553020219,0
U0399,,23.71525974132978,0
U0399,65.65140599119145,52.23429157518627,0
U0399,59.377505104219665,60.209910792541265,0
U0399,53.74899638062184,43.35015987545976,0
U0399,66.29540354365908,53.478117879339074,0
U0399,53.36890991918312,54.39533709942215,0
U0399,69.536553085455,57.446914814824915,0
U0400,70.30905930704071,60.25425983982436,0
U0400,71.03326408834796,58.55222584677089,0
U0400,68.65979058276527,67.37829014532045,0
U0400,77.3543998972429,57.284094063292144,0
U0400,71.34639577454031,,0
U0400,77.2418241672506,51.05138354697418,0
U0400,67.84924190602233,59.39701804614489,0
U0400,76.57900353284255,62.48420028782411,1
U0400,74.78818843310118,54.961389452133915,0
U0400,74.15437917593033,44.67360260214184,0
U0401,80.45256307644489,58.3632562925405,0
U0401,69.5042755249281,61.63247366694364,0
U0401,71.61364921872679,49.73170579468736,0
U0401,79.75546314868448,69.24525650671494,1
U0401,76.13751016400609,,1
U0401,63.20488815067428,53.49042157381152,0
U0401,68.75034328750364,50.74025325745588,0
U0401,74.2919763029601,45.491557819448175,0
U0401,62.381228066522525,49.60284627691827,0
U0401,74.06844093075485,59.613788212684284,0
U0402,75.0791735736579,52.71797147896682,0
U0402,74.50016292546047,51.51109178950475,0
U0402,78.06616559202932,49.02606608893097,0
U0402,71.30741340887523,40.56174017379054,0
U0402,71.9786354303341,52.64972109786649,2
U0402,65.97819465295386,45.1633929779286,0
U0402,73.53571228072848,59.20802956868196,0
U0402,77.14068313976759,57.17517019427105,0
U0402,68.10277974688542,40.1730026327939,0
U0402,60.50762151412288,43.13107016757157,0
U0403,66.68153187545016,58.89809717538021,0
U0403,67.54651421370579,56.02511115579217,0
U0403,68.25634341568123,61.95272798971536,0
U0403,68.35534638953223,43.04948721648118,0
U0403,79.68071312509844,46.46037258302189,0
U0403,58.106949971919825,47.022419409237635,0
U0403,67.72503919358653,44.55873049997967,0
U0403,69.91859030102621,66.6649458701173,0
U0403,64.08639732337778,63.741107676293545,0
U0403,72.60372233501963,59.130202771934684,0
U0404,78.98918473615149,56.813859298809376,1
U0404,80.96597324177326,51.22288909136465,0
U0404,85.34662270490324,45.28393830931706,0
U0404,75.92990819694101,57.230674378429235,0
U0404,82.78156554334082,58.700837565793506,1
U0404,76.152326613772,61.813170576271034,2
U0404,76.45099884376394,48.66604244277035,0
U0404,74.5445031863976,57.96704131870309,0
U0404,78.4619723479639,41.66713962957554,0
U0404,78.86490373834283,54.55635946905048,1
U0405,,51.98995321809549,0
U0405,74.77815732360015,57.8988512487208,0
U0405,64.98478560870902,59.03925812764022,0
U0405,67.66959175831053,44.000446528265414,0
U0405,79.5687422061084,47.98856119487696,0
U0405,86.23970491511518,61.27050934251568,1
U0405,68.96569873591223,60.084517123973384,0
U0405,71.52345157824774,44.9921224488813,0
U0405,64.39875461113098,46.68350273500437,0
U0405,73.63981643441578,44.05374520519895,0
U0406,67.82337076892611,68.47632307824179,1
U0406,78.4700600290084,,0
U0406,73.90235529990466,62.837545314765734,0
U0406,74.3897112054396,51.010746540719225,0
U0406,60.29305786206355,44.320518035120436,0
U0406,,40.67274024227353,0
U0406,79.58896487410178,58.383065899225485,0
U0406,85.03736378303087,,1
U0406,70.50092199365233,50.31577715881672,0
U0406,72.06346545698209,47.60625253115305,0
U0407,59.888354680323374,60.58919709842926,0
U0407,66.76199365076707,65.24752181050715,0
U0407,,58.035066088020166,0
U0407,68.80724279856192,66.74346090894164,0
U0407,66.86370640901812,56.95781305784448,0
U0407,73.74067669725825,58.44696553327522,0
U0407,59.04460926988881,41.14188255071262,0
U0407,55.152649504813596,61.89997848855832,0
U0407,,42.745535698035994,0
U0407,64.94586338028087,34.55058710996199,0
U0408,79.62974752646228,,0
U0408,72.91186993714227,69.70623067287588,0
U0408,77.2330875511659,45.17620019826004,0
U0408,64.55692596777517,48.57046988398818,0
U0408,72.02274607535236,49.94845567577806,0
U0408,84.21898933778557,74.34935226383163,0
U0408,73.85466637001642,62.438309664717075,0
U0408,76.26759152655134,55.010018469138394,0
U0408,63.0956928203931,32.96830248622662,0
U0408,73.73038172250156,69.09885100043553,1
U0409,88.64341296886164,57.30395450047233,1
U0409,76.02480798870052,66.92380396080969,2
U0409,69.5118920988597,60.626679109234665,0
U0409,78.74760795731733,59.89882960440559,1
U0409,71.90712641964883,51.14799232348378,2
U0409,79.43739243796924,47.637333694281025,0
U0409,78.32708966207184,59.32388545425805,1
U0409,71.84250194211751,55.438845856224376,0
U0409,79.26068568720281,50.1378092976863,0
U0409,69.80806531051931,,0
U0410,69.6714492097905,63.514734062779354,0
U0410,57.66746491172253,51.602296564495475,1
U0410,76.05848562781378,53.54928206560539,0
U0410,71.79035423192596,64.14613149148418,0
U0410,65.71863799444537,55.398766184546055,0
U0410,69.10331181390761,53.305035241888795,0
U0410,74.52574246496383,65.3638488052783,0
U0410,71.3890356300911,,1
U0410,77.26882931968143,54.641512120361675,0
U0410,71.86754457796393,49.63595623496953,0
U0411,70.97190974424258,56.162362236936985,1
U0411,78.82742005124727,50.77210332040582,0
U0411,,59.497511721536924,1
U0411,74.74461994673835,36.71221918240053,0
U0411,82.88393573788701,60.34412842256091,1
U0411,73.60601826395593,57.936231234522495,1
U0411,79.73166304069588,58.72371222123178,1
U0411,75.42900131936084,67.6415452634115,0
U0411,,49.124862180129725,0
U0411,84.49428381390656,54.636176518121985,1
U0412,70.46177632186165,53.247397199121494,0
U0412,66.79651772458323,51.42177346491289,0
U0412,67.09550430696751,65.35270256421367,0
U0412,71.29434854803063,48.27228567685575,0
U0412,69.80564444894048,60.99290349915343,0
U0412,67.1554285188666,50.78302136180482,0
U0412,70.06096915337116,43.28259175371969,0
U0412,69.47864430635106,69.42422652522205,0
U0412,69.3669890345036,53.53738106776636,0
U0412,71.83626906039159,68.98863702050258,0
U0413,75.19122804411894,65.8534456571918,1
U0413,63.18367268144063,60.88641631973814,0
U0413,79.2801309881576,54.753800171181446,0
U0413,68.06449183274896,54.62741975452155,0
U0413,74.50046839525021,55.39603592056311,0
U0413,59.441384140693756,45.03941631084213,0
U0413,70.94551021130289,56.25831774650997,0
U0413,74.13334057845638,56.89598995197191,0
U0413,80.15334853897579,54.73054347439666,0
U0413,78.24596803885424,57.89725208268435,0
U0414,73.02989711400026,50.80863850166141,0
U0414,66.43877640390194,55.4788853876911,0
U0414,77.69224384581864,50.63106530616299,0
U0414,74.80714133252067,83.54387945529095,1
U0414,73.97000014657809,56.888226056714274,0
U0414,75.59380182133135,65.22505685140055,1
U0414,76.08391650514186,61.28587600787516,0
U0414,69.74054039320352,49.30889411998288,0
U0414,77.81637123800418,54.91584100046263,0
U0414,76.96511225430748,62.47070445939076,1
U0415,81.9331794094543,68.23726590649413,1
U0415,78.78664113750851,39.23511459553411,0
U0415,80.30609518474577,,1
U0415,79.10682458709722,61.893969307566515,1
U0415,72.6833402767416,54.88556601472959,0
U0415,79.14451146888082,50.470518347733524,0
U0415,85.8746907754889,62.54994127313667,1
U0415,69.66639852384776,61.34205877695796,1
U0415,86.71239700509791,60.5757643839246,1
U0415,80.2465378166439,65.80336323717088,1
U0416,74.41623113971596,40.19551098291431,0
U0416,83.58254880136498,44.73579897281076,0
U0416,81.38894103538699,65.88400406529908,1
U0416,77.46257619434918,42.34821490762458,0
U0416,71.17832660594522,41.021569117914105,0
U0416,76.03871330140042,63.85668186558669,1
U0416,,50.76598743021384,2
U0416,77.53446464106446,59.56670357941571,1
U0416,69.52774885171327,58.61652992892727,0
U0416,80.19366054256015,63.44819615611157,1
U0417,66.38432383175267,49.064552211038766,0
U0417,75.58609283011985,49.97901921360509,0
U0417,,63.84792833203737,1
U0417,80.55788160995803,65.80560804264576,1
U0417,72.91712403468154,36.94910453679846,1
U0417,78.23439452100723,49.60726712391624,0
U0417,65.28907126035712,57.50208045228632,0
U0417,77.12554016289634,65.5234683668843,1
U0417,79.03965478061579,61.163219221865354,1
U0417,83.54987364126795,,0
U0418,65.12289771944957,59.52534341938612,0
U0418,62.66782894938425,37.21221487173458,0
U0418,68.05481540245883,59.945288335796896,0
U0418,65.44177065126793,,0
U0418,77.4981934303661,55.65040340139805,1
U0418,61.889544733242275,60.730455282637344,0
U0418,69.37518901937618,58.7271084812837,0
U0418,69.23590418691003,59.03194247210582,0
U0418,72.35485500201068,54.82927436167851,0
U0418,63.39794865163442,56.218438053396156,0
U0419,82.48664452429023,63.128881404721064,1
U0419,79.35394457281137,58.41737557033148,1
U0419,67.37371525448985,46.95779927189208,0
U0419,81.6039628127806,53.555040351778274,0
U0419,75.00777079350271,57.171864550467234,0
U0419,79.04506786662648,65.13849787928721,1
U0419,85.345505575047,63.503922638648845,1
U0419,76.7830217155497,57.37530111468713,1
U0419,77.8369788390078,63.61944561434218,0
U0419,,59.54325822613323,1
U0420,65.12325050141723,79.47292022331044,0
U0420,71.63160428339475,53.78589082328796,0
U0420,57.23957440919276,51.634915990045336,0
U0420,80.50335708957523,70.45603088727167,0
U0420,63.412722582660535,56.94451610610688,0
U0420,71.48757262077872,63.30171136928294,0
U0420,66.95450637816386,67.25298636075692,0
U0420,63.60366836495498,61.91398749972947,0
U0420,65.11073928930675,,0
U0420,,53.4644650867792,0
U0421,63.77871887083663,31.33554455687493,0
U0421,65.56101912916613,62.665879376829324,0
U0421,,55.37625234167116,0
U0421,71.77926657104653,52.8470407276071,0
U0421,61.21444139433238,78.96684828810197,1
U0421,60.09395633450007,52.19290141593913,0
U0421,66.65248975331899,,0
U0421,64.64545628959613,,0
U0421,65.4884570795811,42.919423350302914,0
U0421,71.18871136415673,52.12000477615068,0
U0422,63.566456161064984,59.90462299885736,0
U0422,61.024171436101845,83.3948138975436,1
U0422,59.289699809232644,35.596227074205615,0
U0422,73.27967424439937,55.26964485562504,0
U0422,70.06138681958573,33.3952545407373,0
U0422,69.13166435574406,56.11864386115593,0
U0422,69.81806795992867,51.87472276363365,0
U0422,73.3222361122553,57.94096040879534,0
U0422,69.78233838726564,46.947760262998735,0
U0422,68.00314273605127,53.17482451277543,0
U0423,66.55014718961849,43.6980241479027,0
U0423,68.52252022659432,66.24563003708589,0
U0423,78.22508588167798,54.798306321630385,0
U0423,79.55431283095378,48.95991547823568,0
U0423,80.23244445954333,74.20372772382642,1
U0423,74.78297095326644,61.38385224040866,0
U0423,,53.828009111021764,0
U0423,72.09775525643852,40.41976624395998,0
U0423,70.90434358601503,57.03834832429524,0
U0423,65.65605047072978,60.541760553543824,0
U0424,67.92828238391921,27.89749904625093,0
U0424,65.48352330674678,53.78775577477571,0
U0424,72.8263290095466,50.31171712858408,0
U0424,70.41316239178029,52.870642866241546,0
U0424,69.9414512712882,83.39715883027331,0
U0424,67.77284853487183,52.46293102409235,0
U0424,66.39883281241535,53.09137406346036,0
U0424,69.17986139364834,41.04916840512528,0
U0424,77.5122631228507,63.850423004128245,0
U0424,,53.09291667084024,0
U0425,72.54253596045366,54.178776917405706,0
U0425,78.01627313716021,51.686683466850965,0
U0425,68.5083991395903,40.40564449124858,0
U0425,75.03163584022097,57.276866447296136,0
U0425,74.06858722825937,32.9338240930285,0
U0425,54.68877225676673,72.29759293994358,1
U0425,81.07375065800517,26.20326742367805,0
U0425,74.49037192151641,48.186883653591174,0
U0425,74.69584946793658,55.32424784833853,0
U0425,74.13808750801911,67.17539349343242,1
U0426,69.26321618767862,54.450429349550475,0
U0426,72.64911436659952,58.33585707405603,0
U0426,62.89487440433743,57.21766721319443,0
U0426,70.83426091403616,42.97164760053237,0
U0426,63.60734011787713,46.23335447302147,0
U0426,64.02538483669925,52.21110419225424,0
U0426,50.94462413710829,54.203681111139424,0
U0426,69.20560415814295,36.385117106515146,0
U0426,70.7656329813337,39.69099553967299,0
U0426,65.03773641736556,62.19338505824494,0
U0427,71.70518367873265,62.89921166921411,0
U0427,78.75207720653374,56.287975817203694,0
U0427,79.65531267031814,47.564845416431474,0
U0427,81.0786834338066,75.68525926254183,1
U0427,72.12146551751596,67.67736546953752,0
U0427,79.42781468072833,69.69511757852392,1
U0427,80.06373361545435,60.94547655501928,0
U0427,67.52504171078171,71.09923616019321,1
U0427,83.20096570003635,62.611897826313104,1
U0427,84.87417297675843,49.679001788994526,0
U0428,76.41499590932084,49.950512945635566,1
U0428,81.824204522019,37.92755750280496,0
U0428,76.63717732106787,53.62918922885201,0
U0428,80.14544309488137,60.683997257703126,1
U0428,79.14489875405984,55.9476299296373,1
U0428,76.72327031799186,57.333910505974686,0
U0428,74.72761750050286,44.67813207053736,0
U0428,,55.46764055486971,0
U0428,76.37771883516409,46.234227986775196,0
U0428,74.94972276742266,44.230757929545476,0
U0429,67.60266214063044,54.1420461955779,0
U0429,76.6455353257645,58.3752550667426,0
U0429,67.89386955943046,62.508597488113054,0
U0429,75.63792746358828,70.87620032685936,1
U0429,74.58738655747935,53.45075474319082,0
U0429,65.40255069921886,61.727334734382204,0
U0429,71.90937540864978,60.84180408605613,0
U0429,70.97567945006378,58.975319148427275,0
U0429,73.91815918000405,56.29866897840375,0
U0429,74.17863433504387,71.62794435830736,1
U0430,,65.57298635639152,1
U0430,88.89445477757234,58.75882292216007,0
U0430,71.58973375488148,63.25191083515521,0
U0430,70.52915533154805,42.268743640583615,0
U0430,69.92340533482552,55.03088751048859,0
U0430,73.42127615807226,63.74136372724698,0
U0430,72.43699834873077,64.49512872524235,1
U0430,64.2591991100193,60.743278080946816,0
U0430,50.09092201036843,47.46811939733339,0
U0430,75.96591869565897,69.73714487447486,0
U0431,64.22508931575211,34.6578134162712,0
U0431,70.6479409446942,56.647772411937204,0
U0431,70.8179287154176,51.824118172973684,0
U0431,78.35805446358803,40.80626404529702,0
U0431,65.08021765261117,58.473306394561156,0
U0431,73.61386774028458,47.23509720146616,0
U0431,60.88949319044823,56.45627107375374,0
U0431,72.16200385978675,60.47741160469908,0
U0431,,52.176293671456605,0
U0431,71.95648565651935,57.49074567886188,0
U0432,76.82415129878676,61.40759213386491,1
U0432,71.08416287465546,47.58856025954405,0
U0432,78.71407612242419,52.534888024647806,0
U0432,66.51555888345294,54.582653681391946,0
U0432,68.52278116319505,56.76251981358537,0
U0432,67.42287475423132,45.58340454113291,0
U0432,73.62800135488102,45.13735697307065,0
U0432,77.33076269361182,58.32230387921585,1
U0432,88.60370511568092,57.7840190098079,1
U0432,69.1743467132792,49.00454763199301,0
U0433,71.90985198012594,53.075207482904574,0
U0433,77.38765810835203,59.971989309239426,1
U0433,77.63577646810236,62.46926992840584,1
U0433,69.9758064395271,74.44009403436999,1
U0433,76.77509047765777,56.42551393517601,1
U0433,,58.409275443053254,0
U0433,83.96442573868603,50.356411094964386,0
U0433,64.21503106295113,43.4018056770899,0
U0433,75.11494301648075,47.44747568242654,0
U0433,75.05643912698362,45.54743657008914,0
U0434,73.12934289139486,43.34744659835969,0
U0434,70.69964366514846,53.02660662658019,0
U0434,,45.58818152864288,0
U0434,65.2261287949905,54.49513212080675,0
U0434,74.19631547154349,68.70224670553466,1
U0434,88.76196711459013,49.51793214743584,0
U0434,73.15661635733368,,0
U0434,60.58328057795836,43.149331364116435,0
U0434,69.05071393886496,42.649907415533235,0
U0434,71.10742081623353,58.77852339597134,0
U0435,59.55756584758267,55.430507623386525,0
U0435,62.90240218871627,59.05238779712021,0
U0435,70.60460385088965,49.85245546984438,0
U0435,64.48881840188871,63.465664095937385,0
U0435,64.87477744220806,59.43072662645261,0
U0435,61.89588730163375,77.76253814215411,0
U0435,64.66610001961708,55.42389749956258,0
U0435,63.44599057366411,53.104710158184304,0
U0435,67.78842434021124,56.53724663647122,0
U0435,66.93489436456177,62.92871986197913,0
U0436,71.42029155849076,50.725688856818714,0
U0436,77.0667802099729,56.933464125166914,0
U0436,79.08724528854854,63.33704627029961,1
U0436,76.75889843992911,46.948004305884496,0
U0436,71.23841686760349,55.1556742889405,0
U0436,70.67133702960652,54.9286344340715,0
U0436,,53.2435661615371,0
U0436,71.49794210984287,57.943621118080074,0
U0436,79.50946340729485,,1
U0436,74.31985127898226,50.98868250142963,0
U0437,65.8155210585872,53.671461631290086,0
U0437,62.6032330701867,52.600722853952874,0
U0437,69.10944960320302,58.06929845453523,0
U0437,66.30925341472486,72.87679902626651,0
U0437,65.05361755197092,46.79068274962728,0
U0437,63.791651770352,48.53129857166123,0
U0437,72.89087820341308,47.85403553702672,0
U0437,62.734358607463996,51.05177491925081,0
U0437,64.2208418470527,42.78343078353534,0
U0437,65.0309256743139,39.23490462494196,0
U0438,74.77522336565258,55.26870868594954,0
U0438,69.60315882630998,44.811870958212936,0
U0438,,59.59893227069096,0
U0438,71.12116825057615,41.2432018086669,0
U0438,64.03158127587874,58.00124732675125,0
U0438,71.93692369896081,,0
U0438,74.34026072222126,62.07953407192672,1
U0438,71.90585284328488,68.69367194020026,0
U0438,71.51061352491605,57.01665526819943,0
U0438,58.72482690469093,67.98772968861631,1
U0439,65.89505378421009,53.03628583710411,0
U0439,64.75597710924872,49.268501987880256,0
U0439,,56.721483969787236,0
U0439,82.67126209540662,79.724036324689,0
U0439,56.84890117612871,67.71473603332332,1
U0439,80.51818149720326,49.65150496847618,0
U0439,68.41338106223903,49.691477817541504,0
U0439,68.31281199644972,,0
U0439,69.98873312584954,52.56816751066146,0
U0439,72.07144799371697,64.40088665718613,0
U0440,87.0331148016082,34.95059945407718,0
U0440,71.15444301780522,53.569653705301555,0
U0440,87.73656115841659,44.429870129199706,0
U0440,69.93161761886195,48.76692440087859,0
U0440,73.65879002179817,51.36479057153588,0
U0440,83.04768596018698,46.662696704223904,0
U0440,72.6819544279537,59.28731343187107,0
U0440,73.6330485602797,62.86500177583663,0
U0440,73.54465667744508,58.51509045352836,0
U0440,78.26483227172776,76.01048615334484,1
U0441,71.75642295828939,58.17931812905226,0
U0441,71.55900856055251,55.42295105168976,0
U0441,72.49332592234184,41.4954745608393,0
U0441,73.28984215992608,65.46572229442728,1
U0441,74.73875979698735,55.71283800548915,0
U0441,76.00408633698848,51.033733934845785,0
U0441,69.27809696125821,62.78048250928403,0
U0441,77.91083402367417,47.902110811732385,0
U0441,75.64382093390353,49.86252326431271,0
U0441,83.63833984813442,72.33778083862745,1
U0442,72.6842968995318,58.31123568018064,0
U0442,76.5758580889919,28.24182164065366,0
U0442,,55.368282853858844,0
U0442,81.31407722306258,50.99728227657371,0
U0442,84.05847353440826,51.530482673603764,0
U0442,72.68191669555412,59.2248209065999,0
U0442,67.68725731976059,44.619697113716605,0
U0442,76.36468751218058,60.536557201605206,0
U0442,69.2439768046749,55.99990069520233,0
U0442,75.29631772247951,45.385823110681635,0
U0443,68.8939707221693,58.85134234607063,0
U0443,63.47690485084854,54.01999857362451,0
U0443,72.2989833883503,55.41818999439522,0
U0443,79.499233203907,70.55193465649047,0
U0443,67.1457409954411,49.76868319867401,0
U0443,67.73054379861057,57.040303895826476,1
U0443,,54.0607581427499,0
U0443,69.09406776942807,64.91924624125126,0
U0443,72.51081300741208,61.14468292337898,0
U0443,69.58372576605446,52.16622673263548,0
U0444,62.17821120494765,43.205006964780374,0
U0444,75.45209893683358,60.065554974050315,0
U0444,67.016692702294,49.08874079259238,0
U0444,67.07929452494467,40.26428546322433,0
U0444,77.73411791618176,59.232850372651626,0
U0444,71.54441987724339,64.96330847358281,0
U0444,74.4767681003045,,0
U0444,74.2226780191417,48.442013793923664,0
U0444,53.54404983928658,47.3383720087505,0
U0444,68.08265838896658,55.14131427858501,0
U0445,66.55729370414117,48.20386336569788,0
U0445,77.18616428564084,59.48761037861905,0
U0445,69.38159953894233,46.87511439591267,0
U0445,62.20419923195907,70.54876606762328,0
U0445,70.61177034408247,70.07396456469118,0
U0445,64.00194956443275,42.154910900846005,0
U0445,69.73579109759785,60.28582140750527,0
U0445,66.95042534267158,58.74197036128919,0
U0445,64.40230782523044,60.118132558745295,0
U0445,71.42893241760859,34.1419440135581,0
U0446,,46.389917465842416,0
U0446,78.89934239476688,,0
U0446,76.07659618551006,75.8774764141571,1
U0446,77.41445172727714,63.80575791299545,2
U0446,74.76719876104958,41.983490192040975,0
U0446,66.19553246627459,51.856675362974926,0
U0446,77.83009558668819,27.50749904613815,0
U0446,76.34839413071431,59.07653096171246,0
U0446,66.14510623244067,50.771989036426156,0
U0446,72.23340572572536,56.79460658992654,1
U0447,73.16888936550676,46.14553152560463,0
U0447,,57.781618963557385,1
U0447,74.61754855793363,46.63530197813023,0
U0447,76.66956747933087,58.406698865269675,1
U0447,68.07437774711691,41.281789311415274,0
U0447,83.34644233376592,60.360950821199225,1
U0447,74.78843426778018,70.89923695273563,1
U0447,67.56300991882495,40.71377728946022,0
U0447,80.59088181684076,74.18265170890213,1
U0447,69.0000275575802,58.058233574831696,0
U0448,61.01949500587355,68.3573381796976,0
U0448,85.56101133659486,55.871052793579054,1
U0448,68.13723742407349,48.003071776415254,0
U0448,67.41675812626599,64.75035971249407,0
U0448,71.22135964998341,45.05547138793848,0
U0448,68.42627449304355,53.60426978271414,0
U0448,67.67688343420393,61.67466801159663,0
U0448,68.14056763212373,53.704473765296584,0
U0448,61.10175822724817,61.34235357837208,0
U0448,64.80356210607815,60.76749194414492,0
U0449,74.75048786297896,69.20566162947506,0
U0449,67.261248864529,63.263084193060315,0
U0449,64.62411013783262,52.279879481622224,2
U0449,71.27333408371003,51.058917310694056,0
U0449,66.03026816645225,46.592203262077646,0
U0449,63.10393838590377,43.89224646835822,0
U0449,80.41582319570955,74.77750874472203,0
U0449,69.86071398477804,55.80172945142713,0
U0449,74.06737657941012,52.25589039687542,0
U0449,81.01819117009669,45.03314481004399,0
U0450,79.35202867040957,64.01660303335233,0
U0450,74.43330565664768,55.27667713863334,0
U0450,77.80735006824402,63.25571342305146,1
U0450,62.73875556054689,53.65252606727499,0
U0450,72.62020881571277,39.54388561777155,0
U0450,53.18317637584286,42.18187999166392,0
U0450,69.27849801176143,35.554166476340754,0
U0450,69.10876058788317,37.975400966876414,0
U0450,79.16342364797829,57.894526724624036,0
U0450,63.639654825044126,,0
U0451,84.28762347254195,59.26588770880989,0
U0451,,48.90318060557392,0
U0451,53.891538293645695,55.15269153262973,0
U0451,63.622508030675945,40.29129928607887,0
U0451,67.2348415470455,54.315438486778696,0
U0451,65.79455395487011,49.34069844588179,0
U0451,63.24595487434617,41.37815298558395,0
U0451,69.52933987962103,65.50659324269172,0
U0451,67.36299943998507,62.01784793780573,0
U0451,70.59405313630823,62.87259443249219,0
U0452,73.5490134683392,52.656230028214466,0
U0452,64.51545503955128,57.073969443817774,0
U0452,84.6216954747189,75.63798819103305,1
U0452,67.74512358838565,45.53679456550352,0
U0452,67.57786280905364,48.519419279794896,0
U0452,82.38368250366545,61.981751439453454,0
U0452,71.1725619426045,,0
U0452,81.11279993835433,31.670965043667884,0
U0452,64.94205863844654,59.069682190783624,0
U0452,79.13155856041757,65.16679421102188,1
U0453,79.62551744077551,55.18506589827408,1
U0453,82.53581847901741,49.639447998708185,0
U0453,79.07789063828437,59.97043242284857,1
U0453,81.36499359325396,60.31165422871146,1
U0453,80.04482163632213,62.25640314565054,1
U0453,80.94064731680622,39.37192402204723,0
U0453,80.01104707485678,56.32199333175112,1
U0453,81.12766772316822,61.106079518604695,1
U0453,79.48684814707866,59.71941726439543,1
U0453,76.15323364437822,49.79951730042224,0
U0454,64.88790417365676,,0
U0454,67.22812348223924,48.05218111095422,0
U0454,63.287642486833,79.47506879100096,0
U0454,62.70544247095583,52.34750250077072,0
U0454,58.42857202036048,30.512222053525846,0
U0454,59.35162113101306,31.9597952489068,0
U0454,70.5265119026871,62.001675345417425,0
U0454,71.18314295326394,48.530884385659604,0
U0454,55.28363682784365,50.31036432963167,0
U0454,56.41862122283759,62.64622583792648,0
U0455,78.24747700246135,43.609060034307234,0
U0455,74.48075483724229,43.541119972104845,0
U0455,69.61226540400337,59.474329115379376,0
U0455,76.23091827913359,57.42068203657031,0
U0455,68.0134277922563,59.923194672593894,0
U0455,78.79371464382949,53.48994344666446,0
U0455,69.98826293817858,60.66184629249302,1
U0455,73.82034352440213,46.38034693709663,0
U0455,68.71206719032283,55.6477350820777,0
U0455,86.87859129602745,,1
U0456,76.47658890919371,50.075233509615025,0
U0456,70.98074077379192,61.78267264843678,0
U0456,81.66557132721259,74.09984889509775,1
U0456,75.26912639887591,,0
U0456,71.7244810735771,47.90445610084429,0
U0456,71.3114649057079,56.922015104863476,0
U0456,75.09610669271692,44.706475033542795,0
U0456,72.86734971677389,48.29141452895527,0
U0456,75.252560075072,61.55084978866256,1
U0456,70.25744647826096,53.01702399950396,0
U0457,71.03021044296477,51.72274489529556,0
U0457,68.21061530223002,56.46018095379635,0
U0457,67.00852829104775,33.970617438312246,0
U0457,65.38932489716021,48.94347715703825,0
U0457,56.230402060237004,62.704978387169504,0
U0457,66.05832169120495,62.51640130990208,0
U0457,63.66212378752224,53.18606452107181,0
U0457,69.97851997308614,66.58436896541515,1
U0457,56.13344129493966,74.52586934372387,0
U0457,60.05609145975855,,0
U0458,77.88277980568222,67.13239438835484,1
U0458,73.0974131624582,53.553163604604194,0
U0458,63.963339038976464,47.72384288688903,0
U0458,,40.362604752690984,0
U0458,65.48859941312043,64.89596413622203,1
U0458,71.32047191637068,58.88152757425358,1
U0458,,54.184758882832384,1
U0458,62.20903791509265,62.4085404869891,1
U0458,69.22677171392195,63.49283270717224,0
U0458,74.88481908204467,57.33471528257255,0
U0459,82.61916787923253,58.680394312702504,0
U0459,52.43238172530329,65.77567901609396,1
U0459,,52.93982534749377,0
U0459,72.19139027328995,49.76186375774561,0
U0459,72.57851595912048,52.70353379578257,0
U0459,77.08613539684916,48.01513156717701,0
U0459,70.6947543853376,46.97369817042215,0
U0459,81.24426379693344,55.58528600929884,0
U0459,86.26089470348631,56.1822851917474,0
U0459,77.49064606880566,64.17316931398857,1
U0460,71.408687245976,56.83608782158188,0
U0460,78.8533432477825,52.46766760566343,0
U0460,70.89394030119604,50.644504079601205,0
U0460,75.28091512800214,46.853403183203724,0
U0460,82.60754931594148,51.72239003686423,0
U0460,94.12138834854304,51.79147405644574,0
U0460,,57.50311761893946,1
U0460,78.22145568314448,72.03906659647977,1
U0460,70.17899500324627,55.17655725041736,0
U0460,84.31293449376497,57.40129003904183,1
U0461,71.59034518158913,43.61852057355584,0
U0461,82.31932902742491,53.96247122230328,0
U0461,80.73152393176574,,0
U0461,80.87408155085835,29.453145598464452,0
U0461,83.41526776279429,,1
U0461,87.4201930684882,59.15032408272083,1
U0461,83.87244595301294,47.09284664004352,0
U0461,69.1608816349742,43.29193050494429,0
U0461,78.49271069631023,66.30159301153904,1
U0461,75.64410895404207,55.25981639885233,0
U0462,62.429949735043856,53.418206057931535,0
U0462,68.28496727888374,29.469784608661854,0
U0462,67.11960517737604,65.32165678265815,0
U0462,67.87984845311114,47.62344511216823,0
U0462,69.531489678282,61.48428060410351,0
U0462,68.8207288736168,53.837979103142274,0
U0462,68.69743692798197,37.97749299432401,0
U0462,65.46702653012699,57.505748041088815,0
U0462,74.66805862018401,52.051834515672006,0
U0462,65.03015103687453,46.71945732543312,0
U0463,64.75940127841959,40.593925415003326,2
U0463,61.831692208213255,61.83507371521252,2
U0463,75.43499401541948,68.17154633179788,0
U0463,82.73827245108491,46.94805602662989,0
U0463,70.27627276158806,45.719731511799566,0
U0463,78.92169334357403,69.80711106892932,1
U0463,67.64203593393563,53.98097769536913,0
U0463,64.32667149198656,59.4430436406327,0
U0463,70.10248070620729,47.509911422664544,0
U0463,55.68295937458325,49.769256371397276,0
U0464,69.77443318656563,56.308157689769715,0
U0464,70.63282782642645,56.62657540082209,0
U0464,68.89158048855786,55.739700026145115,0
U0464,63.589964798993094,61.192989181663705,0
U0464,63.68672346862806,55.159381648537874,0
U0464,70.68668987257786,65.89712530230604,0
U0464,84.7014832115948,48.456841095686094,0
U0464,70.27131390604109,64.8968141814833,0
U0464,71.26078007053725,61.18566243860572,0
U0464,58.549815859328845,46.700100788514376,0
U0465,,51.61325092415839,0
U0465,69.8087185271602,54.52459668738042,0
U0465,85.49728263541337,38.19785936471695,0
U0465,59.65479623887769,61.98435645432353,0
U0465,74.6451296185332,56.486690657874746,0
U0465,69.86673919700367,53.56371833912013,0
U0465,66.21288567304572,48.717477108615654,0
U0465,77.49441866666346,46.76757045410562,0
U0465,69.87253258715451,35.062146613968345,0
U0465,70.17631943784322,61.70670969305083,0
U0466,73.43504130007916,53.69676258519242,0
U0466,80.31741633638218,56.60864899261223,1
U0466,72.90095795229804,49.90126363416408,0
U0466,71.44717529965999,53.683300953364885,0
U0466,73.11858367012319,71.66908098971265,1
U0466,73.83752775082618,44.917670807086544,0
U0466,81.46038104593866,56.36923770835096,0
U0466,75.37744858373445,43.177987064111285,0
U0466,76.71262514025526,46.12932417937444,0
U0466,76.18484667729615,60.10610891599623,0
U0467,74.13493505015947,61.80346521304416,1
U0467,83.71104268621127,58.4439084385306,1
U0467,79.6665652330072,61.06316654909752,0
U0467,85.97040060266038,66.82005263999893,1
U0467,77.3400759704334,39.012911182187494,0
U0467,,55.45142388336804,1
U0467,78.03554039965366,53.98234825341205,1
U0467,79.63352270090783,63.01867577058251,1
U0467,78.47320720789831,67.04524798485886,1
U0467,75.46503166833303,47.54049350949859,0
U0468,71.79213839601637,57.3388729190562,0
U0468,67.98969289956564,,0
U0468,75.37996916872193,53.838076314843036,0
U0468,76.63860043092376,54.924674183121795,0
U0468,75.09256677236358,52.03508763689851,0
U0468,74.10963332501248,70.13067881648685,1
U0468,67.58699251574055,45.66858139673978,0
U0468,,55.201577778305534,0
U0468,56.90992989420181,,0
U0468,74.71248781042674,70.30460545744597,0
U0469,59.089271228836424,59.47191328678869,0
U0469,69.36896122137222,53.10651785057955,0
U0469,73.4068870511869,46.750431927285256,0
U0469,88.66762332034105,55.461583087135786,0
U0469,65.69847074225079,39.823367224032026,0
U0469,72.40443695604321,55.2939915706203,0
U0469,74.2895709796449,49.454388440754,0
U0469,68.87640652626656,49.53454652961788,0
U0469,,39.04837747682168,0
U0469,81.49357382688652,57.61086674441792,1
U0470,70.16526476058247,63.050638849729474,0
U0470,96.69679494333663,67.43435935400444,1
U0470,86.51336844168574,48.999288983650096,0
U0470,85.2666261034754,40.21224580812842,0
U0470,76.10931507167192,56.90376494700896,0
U0470,78.33162699226445,65.35997184318815,1
U0470,75.546399039767,54.324880008700234,0
U0470,77.52498926881188,55.02689748728837,0
U0470,78.85933645756097,66.7233293015429,1
U0470,74.23486518033128,61.07103767563677,1
U0471,86.68118757087801,61.73647495636052,1
U0471,,52.48548039666704,0
U0471,64.63260978247881,43.344913009903884,0
U0471,70.89779674979685,58.753375418649426,0
U0471,76.05766064644642,54.04434813076209,0
U0471,74.93326238753328,68.12581239255509,0
U0471,77.6602500419713,41.06076018333154,0
U0471,72.24420562615887,60.05254119968599,0
U0471,74.208248695179,60.969157557081004,1
U0471,71.95989945888249,55.75405824265942,0
U0472,70.9180605358692,60.7107766428291,1
U0472,84.49138550914846,37.83942246321104,0
U0472,77.9878402593162,54.346337245574134,0
U0472,71.09886634303982,54.92027483179536,0
U0472,,36.257179509431836,0
U0472,73.70814922623131,,0
U0472,77.82545232165113,,0
U0472,72.38978755420392,47.09528440527022,0
U0472,77.09917327866053,67.16943480399345,1
U0472,71.07481487685077,56.463665085913426,0
U0473,73.47142533430062,54.04840934999351,0
U0473,69.37790738161164,50.114010663597846,0
U0473,72.39094355744984,63.67203414438266,0
U0473,70.03305538467744,48.78024624778277,0
U0473,72.45631607066196,59.59683038725399,0
U0473,65.57045788591535,32.81428561223123,0
U0473,70.30030889308131,56.544957549436525,0
U0473,,66.92312609137042,1
U0473,61.65036827065788,55.85333694624855,0
U0473,68.68987174583837,50.15727375671978,0
U0474,75.48795194914663,48.77337724844821,0
U0474,76.49703296867979,58.971674824235876,0
U0474,69.73838810716639,51.726918076057814,0
U0474,64.29062867709142,,0
U0474,82.60602147075936,55.03706216622429,0
U0474,66.56757000761479,53.46849546679749,0
U0474,69.34136050718804,71.07566608680156,0
U0474,80.39945752800769,38.1921321416172,0
U0474,71.47396640209648,66.34045727659652,0
U0474,75.66443331693834,55.92491859269939,0
U0475,80.27927914771153,61.65857007044959,0
U0475,72.25501789783708,47.2931777350816,0
U0475,74.55529073850084,47.066012522210194,0
U0475,74.56978942302808,50.12766048021007,0
U0475,72.18209455173235,49.06257512527303,0
U0475,68.2114251908955,39.42903616766754,0
U0475,75.68171789446055,55.88681822580958,0
U0475,72.65386732608467,47.08175533631836,0
U0475,53.285400382164326,53.91205473929731,0
U0475,70.63724701888361,59.72926134694309,0
U0476,72.66489288080321,50.549464692079425,0
U0476,77.29029709148934,67.19512659766417,1
U0476,65.49265939342703,56.476213507582465,0
U0476,69.7832274992444,46.447205648676764,0
U0476,83.47699280923064,67.28207502535133,1
U0476,70.5469518787927,58.23748836328739,0
U0476,74.92403243994397,58.71495747734994,0
U0476,79.50587488073202,55.57300845702851,0
U0476,74.64940190680757,59.826518210476834,0
U0476,,50.214815344847366,0
U0477,71.01162079929355,51.953554825009746,0
U0477,65.7393496882365,54.26444610689037,0
U0477,76.64024026779589,46.681329507539054,0
U0477,65.44758551107468,57.434356790267145,0
U0477,,62.61517830629415,0
U0477,58.45621353194108,62.48884945921218,0
U0477,69.47625130285448,38.39531599489429,0
U0477,66.40535282473549,59.78479237199578,0
U0477,61.76759734172133,50.21724695228968,0
U0477,78.87997279193142,46.600856419715576,0
U0478,70.48482740735444,57.200673503698816,0
U0478,76.27887532002202,50.08233860156146,0
U0478,72.00388667231651,45.30445784219273,0
U0478,78.97405122633282,75.33590105829003,1
U0478,73.29425912183217,40.09680585398934,0
U0478,73.26937015482261,47.25812406899581,0
U0478,71.53727023157994,47.252903388406374,0
U0478,76.11622748033443,35.2621339709533,0
U0478,76.47551795278653,69.69339908383782,1
U0478,76.96612137064082,50.50972111834808,0
U0479,72.81471328369095,56.141679250893105,0
U0479,90.40554419606215,57.02865092053948,0
U0479,65.78858294315444,,0
U0479,68.25505524874869,53.50977525766637,0
U0479,62.907169026550626,60.38268356014214,0
U0479,67.10532508865687,52.92064160976934,0
U0479,69.13999304433348,58.23443959924448,0
U0479,71.03729902620574,45.784659104505515,0
U0479,56.33719464930318,43.74167359952018,0
U0479,64.10722643823165,,0
U0480,71.74885904733355,48.98382635775715,0
U0480,68.52669480117808,68.6394096760158,0
U0480,66.63969653686132,56.31887026389061,0
U0480,64.41464934380143,54.00083087892399,0
U0480,,64.09899234670972,0
U0480,73.23472621084498,63.53597508623804,0
U0480,62.28164653742919,64.2935980282076,0
U0480,69.07646818685836,60.23636918046784,0
U0480,72.84237155701834,46.37840782081495,0
U0480,63.86650660173736,61.16739518732056,0
U0481,70.53717284925219,62.58466446929253,1
U0481,77.06098081284281,47.75710509704273,0
U0481,79.45570347450222,28.26440492892187,0
U0481,72.00953555531282,57.529663647897685,1
U0481,77.44164116016626,52.147533771451776,0
U0481,80.56124373159768,61.358195958720174,1
U0481,80.16407890666875,52.82306034372668,0
U0481,77.11446519442069,53.14179974993374,0
U0481,82.32706995979188,60.69291003293449,1
U0481,75.8782952508248,48.873246065197115,0
U0482,,53.07860997406735,0
U0482,,52.27755500918657,0
U0482,72.51840477926088,60.421233344849334,0
U0482,,70.50894368296959,1
U0482,58.05270087450198,51.32913984224358,0
U0482,75.9599294657872,66.1020477870039,1
U0482,77.79527595114509,53.97594407909333,0
U0482,79.60728068345821,63.59472307305743,0
U0482,74.9896908201624,52.47901701854314,0
U0482,72.34237480050297,53.99674908936772,0
U0483,,56.20077761945322,0
U0483,69.82708178015662,63.923300067211365,0
U0483,,50.282768875339514,0
U0483,57.18092573582564,60.96858437876337,0
U0483,77.98074118269666,53.59530640875086,0
U0483,77.2726372596821,53.888368824498,0
U0483,64.37943327053165,59.477370781230086,0
U0483,,49.91407985470108,0
U0483,84.6883518858191,67.47238005525003,0
U0483,72.54646174816351,53.44909871490557,0
U0484,69.15150107398749,55.27167705091547,2
U0484,74.03875828112385,45.21645804311295,0
U0484,77.86416900496278,61.78890720299795,0
U0484,80.35671852432984,55.50789490334615,0
U0484,78.76847150171982,40.75102528226303,0
U0484,74.74967062640074,61.6928021539372,1
U0484,77.58885752153714,57.512959827575415,0
U0484,76.32749088898743,58.4381868824647,0
U0484,70.08568326067012,43.331752127158126,0
U0484,76.87132308218831,51.4608114385123,0
U0485,58.86942033539866,67.3677342806628,1
U0485,76.91246737456406,38.07259484282963,1
U0485,78.0373368274798,48.01704526400163,0
U0485,73.28176704280598,46.84565166576653,0
U0485,67.71314378520523,,0
U0485,67.27742467348548,59.040911573525605,0
U0485,,42.11827623315077,0
U0485,74.89455323681806,59.225261196267326,0
U0485,74.06128323569185,32.49437940504642,0
U0485,74.12188875963756,58.884374007616074,0
U0486,72.51886806322649,57.58120318389713,0
U0486,69.4134477931796,55.2385784647797,0
U0486,69.48542507645783,57.432367727080916,0
U0486,71.62643611148796,52.7316620801713,0
U0486,58.45980350176372,55.69669259608747,0
U0486,63.10264222149929,48.565110676899494,0
U0486,76.01097943845711,60.34519347351467,0
U0486,68.8046007583145,72.70612255814923,1
U0486,74.42254626673898,73.767355799305,0
U0486,71.47396106957864,59.387226406679424,0
U0487,79.49098973172522,56.82024330940361,0
U0487,73.88971752665974,69.40769433511875,1
U0487,75.53303989627574,51.226217508781545,0
U0487,91.30520470554214,40.18185230275161,0
U0487,74.66992788121745,53.856471430086145,0
U0487,74.30751679152458,,1
U0487,69.46665647514357,54.108847294510056,0
U0487,78.51714045104492,42.29093316353415,0
U0487,99.02325290983512,54.03143597753551,1
U0487,95.83802713288642,55.91326219424643,0
U0488,65.57895653983729,41.40592835025979,0
U0488,67.28447177013018,63.71173909240411,0
U0488,70.18764869484826,66.87947694106222,0
U0488,66.28924527560275,48.37947508989296,0
U0488,60.86382917456686,56.88409717148551,0
U0488,70.43714425849626,69.56912843329178,0
U0488,64.8450374824605,60.56350549963494,0
U0488,66.45547783014813,66.92453160178766,0
U0488,67.78362156864405,52.74452978175539,0
U0488,52.67159361207108,,0
U0489,75.15239300856926,51.39386692057082,0
U0489,72.97401313525494,53.017268030788365,0
U0489,71.13901302251215,62.293115109992385,1
U0489,73.55742751912345,39.587349027030605,0
U0489,76.09525884170333,69.40312106873787,1
U0489,70.90443147812336,56.517971312764615,1
U0489,74.5414898513632,58.44706772262611,0
U0489,63.440473271687374,49.097406392121876,0
U0489,74.27517441438805,54.07321152673789,0
U0489,84.48141188096776,42.29615996331692,0
U0490,86.92886977208579,42.196581663971685,0
U0490,74.07955264502608,,1
U0490,77.3780047102405,45.002944801328816,0
U0490,72.56826123075024,51.12185582765765,0
U0490,82.3155407294237,58.21481179931985,0
U0490,63.505505465798436,69.22317663630353,1
U0490,70.38627961818725,55.65388772088706,0
U0490,69.33466731440552,57.223482854715265,0
U0490,66.5834576678347,60.49626691002015,1
U0490,74.7419229841398,50.82732393736042,0
U0491,67.53020323406011,64.48725209217854,0
U0491,,59.2090290200301,0
U0491,67.01972992580177,42.808181491037125,0
U0491,68.5306764955727,70.2493684531349,0
U0491,77.56669773823235,29.097582045245886,0
U0491,66.38825505321687,43.7953741220999,0
U0491,,49.42007299906906,0
U0491,61.886962268162115,53.268078976024796,1
U0491,69.25057774991271,52.18243779986595,0
U0491,72.028328428018,65.11572117162055,0
U0492,71.97652314528838,59.41259600950969,1
U0492,69.55499862158062,49.04980909446503,0
U0492,,50.2797577198354,0
U0492,71.10487129894754,72.24929659502928,1
U0492,68.34308855265292,51.027832998161266,0
U0492,72.6996750010422,47.81779821248074,0
U0492,77.92613973469561,70.0111528942329,1
U0492,69.86165230889158,58.57796223586488,0
U0492,72.97942024489107,48.78345731711309,0
U0492,80.33160585945457,49.30287496918551,0
U0493,75.03195659344796,60.31781991256598,0
U0493,71.25707873956615,56.852476158436055,0
U0493,70.65779988664885,51.986129412017725,0
U0493,65.48004957948665,,0
U0493,73.07711415792187,59.82673833251786,0
U0493,74.62760365199694,58.66308420217951,0
U0493,68.92597011108826,49.69292430133002,0
U0493,78.30123601206874,57.66512896191985,0
U0493,,67.26193671415979,0
U0493,68.54902412230533,61.233954651862824,0
U0494,68.56860692373505,42.69639129484178,0
U0494,64.40514338027444,39.71198988813099,0
U0494,77.34284106755271,61.039753167005514,0
U0494,67.56907691588344,61.64711541307638,0
U0494,66.95140158064359,50.59827953400001,2
U0494,66.36834833817765,42.24482526486966,0
U0494,65.40441193634258,41.33051251687973,0
U0494,64.46943441651779,45.7025853512458,0
U0494,66.50121627382904,47.798436694849286,0
U0494,66.31117145394163,50.87438354002243,0
U0495,75.85106601339606,62.524988730683255,0
U0495,76.75042111246151,49.862499913528495,0
U0495,72.24830732345389,29.151773981833713,0
U0495,72.81548536618861,57.818205254122525,0
U0495,74.8433123385429,44.272225072788956,1
U0495,75.41022061649606,,0
U0495,76.83471824443431,62.7901456014713,0
U0495,69.24523855783328,59.62582101954162,0
U0495,63.3283984835105,35.28213273652769,0
U0495,67.96031618506586,49.35478123165169,0
U0496,80.10736222801482,44.37501997712084,0
U0496,66.03188983072911,27.714502172609713,0
U0496,74.31025561211331,43.892615828364164,0
U0496,72.4680673667605,47.708840410989986,0
U0496,75.12223147517383,65.52348384603692,1
U0496,71.39202593058285,45.38612692699495,0
U0496,77.43309330380679,69.02078000679833,1
U0496,73.15019774780711,49.57955279143679,0
U0496,71.82169182095376,43.726926638983564,0
U0496,82.10398341426847,55.10622588631087,0
U0497,69.72044244255368,67.91553340845915,0
U0497,69.06349858201901,65.2575772259461,0
U0497,75.20439900199037,56.96208337167689,0
U0497,74.59672700924266,62.943968414986756,0
U0497,67.93555871615457,68.75144475653268,1
U0497,75.76728250178516,57.80321800046362,0
U0497,71.46740007617605,73.98819763304623,1
U0497,69.60928667958746,46.81227772250338,0
U0497,73.69616548164277,73.86609197458031,0
U0497,67.52108811505781,50.51729102195253,0
U0498,74.79778193602915,45.3160799749174,0
U0498,60.98887097625815,57.08158258930649,1
U0498,71.57421595644637,50.750265217046746,0
U0498,81.47955603527272,63.42879767702833,1
U0498,75.91055181713756,74.04895111473182,1
U0498,73.83919970353206,,0
U0498,75.0947099531725,56.866989840934956,0
U0498,72.91582388190385,59.83424863554443,1
U0498,73.903625386395,45.30974538842086,0
U0498,79.26141788102156,68.28071227938439,1
U0499,73.4404682210841,52.83920093330378,0
U0499,74.7336817867768,51.43861721652556,0
U0499,57.21700444172634,40.989254196169156,0
U0499,75.23888438652781,52.278979089981014,0
U0499,71.99833386570246,41.71201479833655,0
U0499,90.12898993060352,44.473554965839654,0
U0499,90.80313723078402,74.43303238515612,1
U0499,86.01232220633474,,0
U0499,75.62262711365922,56.61911780587006,0
U0499,73.0869868828782,61.189853286988125,0
U0500,76.31617598501292,72.51925969466585,1
U0500,78.7305539723153,45.41197349212686,0
U0500,78.73970536071207,59.97526500103475,0
U0500,,56.713901950690314,0
U0500,72.48168049305062,29.37281234242617,0
U0500,60.858492321057405,38.27766087079617,0
U0500,79.92597059573679,63.46420402210678,1
U0500,81.96602266916642,68.22895206373383,1
U0500,67.54191712159032,63.018420988080585,1
U0500,72.17550361828026,46.8944344193619,0
U0501,77.59570367577409,53.36742339520221,0
U0501,78.68595721935225,63.04765487206933,1
U0501,80.6531639886989,54.90245841531986,1
U0501,78.34631587763283,63.10136321710717,1
U0501,75.65355778693176,62.10888581428811,1
U0501,79.92626616139198,56.16580653342313,1
U0501,73.59167924987143,68.73426838835677,1
U0501,73.35305495306172,40.94637856477266,0
U0501,88.94455118235177,57.26587636397569,1
U0501,77.47497819170648,49.01131959561059,0
U0502,70.37810051956211,48.416485347358915,0
U0502,81.19394687603491,58.23050921942262,0
U0502,62.18329331954364,75.5768385391642,0
U0502,73.01238266195676,68.29928870923736,0
U0502,68.6772783555368,61.328450923935605,0
U0502,63.166250572379006,55.47833500203183,0
U0502,65.12927253928302,47.773506289083926,0
U0502,69.1683666522536,52.845933785540076,0
U0502,77.7968906089128,50.861143116129426,0
U0502,,67.96952521953615,0
U0503,,71.82378172536458,1
U0503,62.88915475542687,49.8415608384752,0
U0503,,47.35413474142547,0
U0503,71.63359623979693,66.50565062937615,0
U0503,,58.53617151975379,0
U0503,71.88780564889173,50.509955845771465,0
U0503,,48.629228254879244,0
U0503,75.4436694169064,53.548857607501404,0
U0503,73.94094813526618,76.78562555511343,1
U0503,66.6446149261045,38.934716546402285,0
U0504,75.52428090433831,48.42810908660519,0
U0504,67.88900014867818,59.29216168151615,1
U0504,84.52163636622322,48.46808627795602,0
U0504,73.14302126646031,61.12540745963973,1
U0504,74.77495402906456,59.48773823030535,0
U0504,77.98146828326887,50.26790703345583,0
U0504,82.31620176403703,52.40720339158413,1
U0504,79.12064611821353,60.78907910354493,1
U0504,80.13052224802765,66.375891973796,1
U0504,76.6973283090321,48.60501026745139,0
U0505,74.35011001188259,57.190498125598836,0
U0505,75.63383125988541,50.719047329662835,0
U0505,,42.7083527402776,0
U0505,67.91447729848893,63.8816514255692,0
U0505,67.58023186685857,60.30486603766395,0
U0505,67.77807051832505,44.35504947986521,0
U0505,65.45578525383118,53.33728421744264,0
U0505,73.76497902409469,50.69226353558007,0
U0505,69.29706202967647,72.59081492751233,0
U0505,81.36365895472503,68.84188396264241,1
U0506,73.90879109254173,64.85265811073477,0
U0506,68.99469705520423,48.59534107410576,0
U0506,63.95296915120214,64.02274721457351,0
U0506,67.10630255916772,53.09935170473717,0
U0506,66.12458246060996,42.425174662860556,0
U0506,71.12685481376873,39.1422218601679,0
U0506,70.35464124319732,59.187552948165816,0
U0506,78.62927621624166,60.05063923128512,0
U0506,69.00815247887574,,0
U0506,64.50276404664453,50.62116750570705,0
U0507,68.4736502788085,72.32470071002074,0
U0507,79.22360845424055,46.0761838017085,0
U0507,70.39133822035112,57.55868176052179,0
U0507,63.579019904381646,47.79681602966502,0
U0507,70.75001028044872,52.103515631492215,0
U0507,82.26223668960144,53.84638924933483,0
U0507,66.82015429301147,56.99172653287358,0
U0507,78.52275222375354,49.773667920577374,0
U0507,,,0
U0507,60.46751807689807,59.89339033548361,0
U0508,66.9836696427712,49.937726010164894,0
U0508,69.96771937073918,57.179674413998924,0
U0508,65.73774697090904,68.34493274391689,0
U0508,79.8786765689409,50.904041961961894,0
U0508,75.11681306865442,66.85561527013587,0
U0508,79.50627672670205,59.117166876852096,0
U0508,73.90697342047164,56.40619336949503,0
U0508,68.03690725998688,61.777523098897994,0
U0508,72.13888713303484,64.137517939415,1
U0508,74.68646796064232,60.30968197063697,0
U0509,76.59492792024089,48.44313337232006,0
U0509,73.37063618847593,55.69434026299989,0
U0509,61.18073456026192,39.295670018680404,0
U0509,73.73563132253244,69.04627402179823,0
U0509,70.26372948285983,,0
U0509,77.39595850975431,57.466286412498214,0
U0509,80.47731412576904,42.86329023696062,0
U0509,70.69677036967016,64.55677905209686,0
U0509,74.69726471332972,61.00890548435261,0
U0509,56.06366258381354,52.024412717004026,0
U0510,75.80904035139302,53.420192063621975,0
U0510,,72.51165730414466,0
U0510,69.74151944039279,67.57986374773127,0
U0510,69.63733812151054,60.17097605322149,0
U0510,,65.22982882023226,0
U0510,67.9821829880669,49.82178546742276,0
U0510,66.07785113518197,61.28349574705149,0
U0510,59.844867763095024,50.08718896419806,0
U0510,71.19150583929921,50.44234162520643,0
U0510,69.71093584345589,69.27591937919644,0
U0511,83.77352222016967,52.9740898176477,0
U0511,81.76284953333855,59.233616451797594,0
U0511,70.49040631591498,60.12175367985615,0
U0511,71.31880042572963,73.28485531623281,1
U0511,68.46047655915538,59.02691205816495,0
U0511,73.19397223546638,72.86646241119882,1
U0511,65.51461752050938,44.06386261794829,0
U0511,50.94626369269584,42.715445182247855,0
U0511,75.85660299408757,67.43820774244055,0
U0511,63.79028907801042,63.11808240052844,0
U0512,77.12119301583908,,0
U0512,82.80721232765245,47.623689431356574,0
U0512,76.14960004863153,65.55429465761769,1
U0512,76.92523696039578,53.49508287803274,0
U0512,78.82741733741982,63.82495071340807,0
U0512,77.75076036988251,52.73184645538579,0
U0512,69.07557268856688,76.76165866962442,1
U0512,79.09145934592418,61.10669311478016,1
U0512,64.33626706923285,56.92030079506115,0
U0512,76.44688846916844,63.04043462589112,1
U0513,69.7159074398029,67.3704710294515,0
U0513,69.4405077940464,62.89799016438178,0
U0513,68.18195203983142,52.11564558622226,0
U0513,75.65272673796093,,0
U0513,72.13379376622211,72.48010427498488,0
U0513,69.3515169450089,48.90386113028471,0
U0513,68.67201997848241,47.83418990950162,0
U0513,68.5398925821474,49.488923636172736,0
U0513,77.06827150254203,45.64404051832624,0
U0513,70.56668117001148,60.767363633039324,0
U0514,70.64444577359882,57.99498442196432,0
U0514,74.20767060976276,59.84467982547004,0
U0514,71.93826224581166,56.34231311879082,0
U0514,79.23146037773769,48.863023249609476,0
U0514,68.15061169830516,52.595884172538355,0
U0514,85.29052145315622,54.6680754140409,0
U0514,65.83775131104194,59.27512862315071,0
U0514,68.1691899896487,50.690920233667896,0
U0514,68.9418108003978,57.42806975639686,0
U0514,70.1157630161277,63.27696149718932,0
U0515,,50.069301450250485,0
U0515,64.84660826577085,54.47968324508136,0
U0515,64.45411363267424,58.40246418331608,0
U0515,65.93441337906715,67.88563921321756,0
U0515,69.5307736168755,64.6539720350775,0
U0515,65.0829387224667,51.82131869208661,0
U0515,65.49085441502721,57.51806467815682,0
U0515,65.12813022083478,46.511017487529976,0
U0515,66.47248938035167,79.21655390406426,1
U0515,75.91162995909934,67.79496174652328,0
U0516,77.17109058485104,60.66877033267787,0
U0516,68.05108451638957,59.156532115076516,0
U0516,76.47884019193744,69.87268991611239,1
U0516,92.25836916012241,60.99708015259828,0
U0516,73.48835920410224,59.24995182377118,2
U0516,69.01715814729813,45.236834462755525,0
U0516,74.43968138747229,68.11094284436894,0
U0516,70.49820254973542,57.75220894243525,2
U0516,66.67563210500863,62.203941022732785,0
U0516,75.28395098058157,61.56044946450078,1
U0517,73.43278835366712,28.178449465578584,0
U0517,77.85381386374657,83.1975415127869,2
U0517,71.49694901990294,46.27983105701026,0
U0517,72.42817444974698,65.66493688789753,1
U0517,71.78939849924727,62.98811997866413,1
U0517,72.72363837328034,40.4740239122555,0
U0517,83.57949916295928,,0
U0517,,40.86793507985256,0
U0517,68.14452036659425,46.431899627452566,0
U0517,81.35151678830226,62.750615874920825,0
U0518,78.01042220759878,58.08864511350097,1
U0518,76.53174643901401,56.74229003231176,0
U0518,74.199371263277,50.43783878551355,0
U0518,57.935966632171855,,0
U0518,77.56779244823232,60.913015833017724,1
U0518,66.42393415089785,66.25145216158438,0
U0518,83.37166432379533,54.62538260489262,0
U0518,79.5477004357375,65.40051313402134,1
U0518,81.4328791146499,62.80066757388851,1
U0518,78.19373276206191,44.08531253747839,0
U0519,73.2801752176577,40.000515163257134,2
U0519,69.49519676152991,51.0660058205665,0
U0519,84.06220926771503,71.91060612582626,1
U0519,74.40173698997417,,0
U0519,78.20987148159048,46.183854165313704,0
U0519,53.10330000049794,53.59144293871289,0
U0519,61.87770114846256,39.05374959631935,0
U0519,77.32696081472962,50.973982929961366,0
U0519,75.51653735516844,52.39700709898561,0
U0519,70.87580340107078,53.38000491550826,0
U0520,67.01956040133483,46.03682714609849,0
U0520,61.38743520208892,,0
U0520,71.05020824633684,33.22326114926566,1
U0520,70.99382936411664,64.01952231604,0
U0520,62.002040257796494,49.68540704132735,0
U0520,61.68900646701416,61.04577649358265,0
U0520,76.73998834394689,51.127259179823106,0
U0520,60.532423283573074,65.67679433531545,0
U0520,,57.034251142322184,0
U0520,67.37731299050654,63.398355421158776,0
U0521,73.9965864403258,72.03639603831927,0
U0521,77.45656701389306,49.767597243162406,0
U0521,73.90984879957227,51.489162461309085,2
U0521,69.05057072943077,42.00973320726898,0
U0521,78.06005162134254,61.5949383808438,0
U0521,79.50054823942955,60.32634842759955,1
U0521,71.9066940220964,34.02088035599144,0
U0521,74.84252585398369,53.69793289212302,0
U0521,75.29207092688317,52.88460058275854,0
U0521,74.84288648924799,60.660026853482975,1
U0522,82.86312528426325,59.922693975028025,1
U0522,64.53049510618078,39.64266685512888,0
U0522,81.43214582553553,70.7546006441628,1
U0522,73.36710703505658,51.84717787185991,0
U0522,70.98241136224458,41.505315826915194,0
U0522,,,0
U0522,75.29079312868112,69.72195549504401,2
U0522,70.19411167888725,61.89530658283543,0
U0522,82.38487183117132,61.41526616887434,0
U0522,76.53278914212056,59.34102166878678,0
U0523,75.8523333888236,63.430774182846974,1
U0523,73.96123528267195,57.05016907893264,0
U0523,68.54686108003528,28.72043808295722,0
U0523,70.19879256414148,52.444732465375544,0
U0523,70.8033938925152,59.46638069168904,0
U0523,75.89161745015396,39.88831201373431,0
U0523,75.0888361400442,52.21466812919559,0
U0523,71.63197403473248,52.35052683791793,0
U0523,68.70302158099891,62.49197690641265,1
U0523,69.53306449837436,45.95213326325604,0
U0524,92.14395639695739,61.53867923267206,0
U0524,73.2637156331539,47.24024494944357,0
U0524,69.62522922910114,61.0866936497597,0
U0524,75.92505718075067,71.858339194869,1
U0524,79.47485600541224,56.434355020924755,0
U0524,71.05423693783766,49.61401481506817,0
U0524,64.42219038088838,57.758480499125625,0
U0524,79.95416969895406,51.246624956703585,0
U0524,83.18012138642545,73.71047999947491,1
U0524,74.20409485984914,,0
U0525,74.4516806562372,,2
U0525,68.76080895794841,53.34800654085971,0
U0525,67.46909446553276,45.466457604668584,0
U0525,65.28687631224808,58.79487823090938,0
U0525,72.39872205456867,46.46127035072863,0
U0525,70.49021859246413,49.08258596624927,0
U0525,68.59035015928518,53.888322808260604,0
U0525,63.11240495935061,56.299065766582956,0
U0525,70.70201380513525,50.32525800707505,0
U0525,64.76888530367206,64.44411661466393,0
U0526,70.499018136026,60.21760936027574,2
U0526,65.94405536039187,,0
U0526,71.76614328787386,58.03853462315938,0
U0526,66.01720472215727,48.329451951647414,0
U0526,65.96895624584155,54.51194022329535,0
U0526,71.91944673220753,44.51228125351039,0
U0526,,25.799899924277753,0
U0526,70.28602813932302,51.915197334117586,0
U0526,62.92730541846045,54.97787097377597,0
U0526,65.63598375300238,52.88708832304554,0
U0527,69.63935476332108,59.6103021741595,0
U0527,69.61583195084887,44.58168535236815,0
U0527,63.45039335147177,61.455425902385876,0
U0527,69.67108779423282,52.66528350247384,0
U0527,68.86679710777433,38.955783813665654,0
U0527,72.44530563280311,37.37511594777747,0
U0527,70.51756066996684,59.46029157789625,0
U0527,,,2
U0527,64.09284326574328,59.77955475659191,0
U0527,68.66801850998644,35.80134140980363,0
U0528,69.2775395662552,54.032151832073986,2
U0528,69.92048243023132,55.30548450541409,0
U0528,65.58306102345685,54.82322317830871,0
U0528,66.44892668949369,54.68833321663261,0
U0528,75.87496209757032,58.43877967474642,0
U0528,67.7369930705621,57.03136371820139,0
U0528,72.20915220907119,55.75965957737072,0
U0528,70.91602428383388,68.81342066662543,0
U0528,71.74142201644716,78.91671051283137,1
U0528,67.78587388184437,57.77184486343303,0
U0529,76.55698230094266,53.37260313406164,0
U0529,73.8784085657528,51.30646427577368,1
U0529,65.82477964125016,43.6460371060465,0
U0529,69.11868970630125,64.64334615031736,0
U0529,,48.42360156487807,0
U0529,69.80835724953303,40.589968983411765,0
U0529,67.14520911443839,46.22894414240923,0
U0529,72.126778042263,35.365811528822576,0
U0529,79.15104793945318,46.2028495357046,0
U0529,60.83235290473776,57.32399188679332,0
U0530,69.31730702791243,45.51172705344755,0
U0530,67.31965343597386,45.14532255064296,0
U0530,58.541052229452525,,0
U0530,73.12587271041528,53.250369581988515,0
U0530,73.24987003011998,42.71703169395475,0
U0530,58.39662625051766,45.85717480104676,0
U0530,67.15225483310054,38.90965077809947,0
U0530,68.68189343952585,73.56396328902996,1
U0530,64.99442839181509,46.91976012859097,0
U0530,89.13270934355657,55.51003064792022,0
U0531,76.30729541026746,50.12860533147284,0
U0531,63.36798691334498,58.663871350619246,0
U0531,76.90283141966059,,0
U0531,71.43896057753399,55.33912163125589,0
U0531,88.33539706254973,,0
U0531,75.14810503479846,62.135652007823715,0
U0531,77.09479050326443,60.74241731144874,0
U0531,66.44201941736014,58.34935286455982,0
U0531,70.31955786867103,51.59277728137947,0
U0531,81.56136994221308,55.0303477495159,0
U0532,70.52076849127762,60.825864065240566,0
U0532,71.98395200913423,61.53601096100001,0
U0532,76.48248258099207,,0
U0532,76.81058841945946,42.18386317641884,0
U0532,69.34782819892494,77.3109309737538,1
U0532,63.25170511366812,53.56073421635739,0
U0532,70.37020071156165,50.52235163549812,0
U0532,70.98748300434302,70.71103221401232,0
U0532,77.99210173195445,46.253783159161806,0
U0532,67.44783526477191,50.427883203769035,0
U0533,69.389472966689,48.468665204771625,0
U0533,72.27784508287813,49.425067042631035,0
U0533,75.68323439628163,54.85091024311961,1
U0533,81.30970600264637,65.42929443151712,1
U0533,79.40698415846867,65.49120757118881,1
U0533,73.38518187594667,63.26451071456355,1
U0533,74.81437918280575,47.07779534826047,0
U0533,97.07453976899731,54.38473811626584,0
U0533,79.14838345984607,,1
U0533,78.67505786562599,60.55235307759149,0
U0534,71.54000140947925,55.26762438232576,0
U0534,62.40616234960345,62.559311320741045,0
U0534,86.45269553107299,62.34540554544658,0
U0534,67.4644727041049,35.97767596239499,0
U0534,71.06161137192026,63.78375579402702,0
U0534,72.56934646998579,38.05718159087688,0
U0534,74.42189135907418,53.37291906126705,0
U0534,69.29592912774844,60.677711772411634,0
U0534,76.25384993915742,70.84036610205057,0
U0534,70.1155630043421,67.47063628524442,0
U0535,75.64957420758392,47.907063086884925,0
U0535,77.81095927746074,46.94091837048387,0
U0535,76.48188880119221,,1
U0535,73.77412704680441,45.704788355189976,0
U0535,66.01105841487332,47.17211495397849,0
U0535,81.63650990723093,72.7578958043545,1
U0535,78.01713506292597,46.13706957632731,0
U0535,64.57510140351948,60.274946390046246,0
U0535,70.83643841010797,49.19697194908566,0
U0535,78.40866681554111,64.38421057018077,0
U0536,71.7731113622827,74.3602810481645,0
U0536,,47.29149647767598,0
U0536,67.71091029500865,32.71029389553392,0
U0536,71.83496766481585,,0
U0536,72.0630537085129,,0
U0536,,59.7708334750579,0
U0536,65.85261218712186,53.16153648091555,0
U0536,94.8675729581172,49.21484761500592,0
U0536,78.75815928195394,59.289630804763526,0
U0536,67.44401393202877,41.91540313735338,1
U0537,61.38375602631542,57.79948959173166,0
U0537,70.92937292454103,62.64684417469185,0
U0537,69.96241330791226,51.640984273223154,0
U0537,61.84769466610882,87.55907893400925,0
U0537,69.34782546674302,56.050246407246625,0
U0537,62.693837169044826,46.86464046011942,0
U0537,,62.594121078529795,0
U0537,64.2673976075895,36.84882632932307,0
U0537,67.89243854761575,56.515848233773035,0
U0537,69.14328602297823,56.00046791366928,0
U0538,65.95186956302125,64.6942092977155,1
U0538,71.54767691695407,54.72524921195163,0
U0538,70.6709044126787,47.615061661191916,0
U0538,74.81177044684037,73.54693494501365,1
U0538,75.43119270197742,56.8598632139662,0
U0538,81.73062082587,56.47836586489804,0
U0538,70.4500726774897,57.717089801120615,0
U0538,,43.79398641151508,0
U0538,71.86780383744477,40.76603944637038,0
U0538,67.55938447667887,43.94138683060204,0
U0539,78.96187941562667,41.30500989770168,0
U0539,75.96019319336487,56.80668109175293,1
U0539,74.88152920237609,48.447450982057404,0
U0539,73.78394366327973,37.70977624585004,0
U0539,79.23860664082206,67.84593082009587,1
U0539,77.62451880268448,61.24977704092701,1
U0539,79.50639542001423,59.21788994205344,0
U0539,76.4769891384467,48.36770140044686,0
U0539,75.010361272661,68.62868518802104,1
U0539,76.96581653327684,75.10281214188552,1
U0540,67.09289044578294,59.94830947286389,0
U0540,65.33876311301219,53.97683714271417,0
U0540,72.6938190512286,61.73305482219485,0
U0540,77.8471776194804,47.347234491214245,0
U0540,69.8710489320795,51.03323052386888,0
U0540,66.05831345671076,47.568832625704914,0
U0540,54.72151337895704,58.48447822479193,0
U0540,,,0
U0540,67.542699142315,31.169558040390893,0
U0540,65.54611906630169,24.763664436812082,0
U0541,86.79247603620514,29.83405751586176,0
U0541,73.85857842074346,59.8831139151729,1
U0541,70.25728661650545,,1
U0541,89.64558008766318,54.54973759373943,1
U0541,69.26267591741579,52.817460764579565,1
U0541,80.99777262941569,42.21534746056641,1
U0541,83.68754311241796,48.62654470089857,1
U0541,84.83120267536712,57.55841424032399,0
U0541,80.55236431776909,54.353537249747156,1
U0541,92.33985356384298,66.38160934841268,2
U0542,57.939301298490534,62.536599138121964,0
U0542,58.98127315027816,,0
U0542,61.863015293320345,56.00578780473258,0
U0542,64.05298650742976,57.633721043445234,0
U0542,56.331962796080774,58.3927698312961,0
U0542,66.92929801636723,71.13176578904817,0
U0542,51.81431552613448,39.78505825465619,0
U0542,57.569708733496405,43.76248457301721,0
U0542,66.21703005933367,43.727861293366246,0
U0542,46.92746371478563,55.27902984518063,0
U0543,78.31705318333607,68.68024019519832,1
U0543,68.51076041858147,59.1665591554527,0
U0543,82.38612150777438,61.2609209607545,1
U0543,66.06580707228139,26.798796184095437,0
U0543,71.79502416284205,47.05155852437094,0
U0543,80.96419592709476,57.17324656271444,2
U0543,80.74402730075634,58.6622016339833,1
U0543,63.326951290781395,58.145746725084685,0
U0543,75.7523152131494,57.92143347254919,1
U0543,80.72211285068875,46.85563422610412,0
U0544,85.41708328062107,58.28789203532457,0
U0544,68.49523884358283,53.2136845682953,0
U0544,76.47295775346026,48.94888325038473,0
U0544,70.50065058585669,47.704400390578634,0
U0544,81.41128114627985,46.06271350219072,0
U0544,74.74214534396624,54.87713145425265,0
U0544,71.47279446075103,49.294989959749294,0
U0544,75.95490733035743,56.9043238578211,0
U0544,70.43657712678741,65.22329152953246,1
U0544,77.8784018063541,59.612236421960986,0
U0545,68.25628957279584,61.65675752557751,2
U0545,64.08007350258585,77.33039823748214,0
U0545,61.14017394669862,50.342055862774224,0
U0545,69.02764882321385,54.085883178392116,0
U0545,67.92585337981646,64.58667422260211,0
U0545,67.16574954367914,40.26571839707691,0
U0545,55.56027328564539,,0
U0545,53.29294692679761,68.07454834708646,0
U0545,56.21170218215413,50.97743014856096,0
U0545,63.8422482521692,63.54922231016961,0
U0546,67.26079982157385,51.7320409933554,0
U0546,61.36085223745452,,0
U0546,66.57880978427215,71.48080197173853,0
U0546,64.59240349471891,49.54486913851213,0
U0546,86.25134280211259,,0
U0546,66.81521338813717,61.487583229503386,0
U0546,69.00884275343303,51.17658505727345,2
U0546,,59.09810140077291,0
U0546,57.07205756479208,51.14117442153527,0
U0546,62.87130015533382,63.968898207886255,0
U0547,,60.842175857933526,0
U0547,62.54437994110273,54.87472020956441,0
U0547,69.82274429243908,66.39524312764568,0
U0547,78.3677399078635,64.32135650731533,0
U0547,66.17459011503121,45.51187954322495,0
U0547,66.36531151965988,47.71488077686745,0
U0547,62.93395199001712,53.30081166935218,0
U0547,69.14469934517318,57.20124443486763,0
U0547,71.71813435648092,51.85477741659175,0
U0547,62.014325750774184,47.892110186708564,0
U0548,78.02227683721756,62.20303415319732,0
U0548,79.55004141505573,,1
U0548,77.75369626558941,,1
U0548,75.09662183904668,57.20935748020687,0
U0548,80.56330950927186,53.287264375357466,0
U0548,88.74321186425837,63.00950162045949,1
U0548,72.8926453312876,65.55055373708969,1
U0548,72.78569704696193,64.67827350064279,0
U0548,75.35386810158698,51.86144910629906,0
U0548,84.1459010899515,60.77515386286874,2
U0549,69.7698156307126,46.75503653938088,0
U0549,73.06374350189972,65.97292952549157,0
U0549,62.81408643589012,58.8862003582353,0
U0549,68.65637163157604,66.02657292287002,0
U0549,76.29480555698463,60.793290181241474,1
U0549,66.90059341840588,58.46530372574349,0
U0549,67.73592475128982,,0
U0549,78.43542759078693,43.131912425795164,0
U0549,83.05803954300328,41.7865424965823,0
U0549,68.74598347252706,46.02281552765571,0
U0550,,50.79723532734709,0
U0550,78.15854966875384,51.59650790555777,0
U0550,89.69451259473084,64.1031291912764,1
U0550,72.63314790384254,53.89340245341632,0
U0550,72.56200882084431,,1
U0550,67.62890181626929,59.54145678613699,1
U0550,,62.02350032548571,0
U0550,80.97985280186745,64.7713217823982,1
U0550,82.245382478641,58.243985844904415,1
U0550,,61.27307523136609,0
U0551,64.86618763583562,46.99516585369723,0
U0551,69.25496501802894,50.7110928885634,0
U0551,74.68944198104634,60.54701344679512,0
U0551,72.13074160397606,55.33573468471495,0
U0551,86.42405446815648,39.53957261344773,0
U0551,72.84712959854023,53.52947691354822,0
U0551,80.15094317490544,61.41627735241168,0
U0551,75.83077975580096,55.83192340632517,0
U0551,73.75492067921178,40.76447539574603,0
U0551,84.87491688370255,34.39466116756947,2
U0552,81.63609161795314,49.28171118924314,0
U0552,83.64481031332718,56.86179811688299,1
U0552,81.01765949775466,44.12272263346187,1
U0552,79.71417674410935,58.90115315881841,0
U0552,96.00999516199614,59.46761749459481,1
U0552,79.70933830326778,71.6232443781928,1
U0552,81.85044217028555,69.17956679914545,1
U0552,82.64475885688972,52.019581941678474,0
U0552,,63.95893351036594,1
U0552,82.75334528613696,50.64015093304573,1
U0553,71.28890026992686,43.99295296091277,0
U0553,71.5946520367165,56.21963454285609,0
U0553,69.34352177081061,52.13519461177334,0
U0553,70.83496781535473,50.18353411406354,0
U0553,67.677057174594,66.89820758154423,0
U0553,65.38398140412029,39.78179028386871,0
U0553,70.29954812868414,47.23853670248899,0
U0553,69.63453178831983,40.45127745406612,0
U0553,73.0393699422092,55.955483559080804,0
U0553,63.1915311629264,51.565974559754224,0
U0554,,70.0678494262521,1
U0554,70.25904385411542,44.06747450075813,0
U0554,82.83562751778683,69.13027594146179,1
U0554,75.31488167950896,36.50302177759697,0
U0554,75.12311496987431,55.84467129438078,1
U0554,68.59937639424211,44.927027629735626,0
U0554,77.41671583301186,58.520176876833226,1
U0554,80.00462949134672,61.14783849419961,0
U0554,78.91003929954735,38.48801288016826,0
U0554,88.98915724497913,58.36766350443188,1
U0555,72.91308592655366,19.625725616647912,0
U0555,78.05630288676288,41.63689564046441,0
U0555,71.39185526633078,56.19953870705117,0
U0555,74.18043731893252,62.334925594541126,1
U0555,80.9679819613832,56.91373551412669,1
U0555,77.95284236625398,60.94923356577053,1
U0555,82.99611389844871,77.94695938227716,1
U0555,79.96502250827935,64.98302800461467,1
U0555,71.3147691237812,50.06447691918664,0
U0555,76.14359908346158,61.80566045865176,1
U0556,74.12440370452187,77.00962954687876,1
U0556,76.79815872156205,56.0713742084269,1
U0556,80.69319715618522,47.72873108486091,0
U0556,,55.83266263218966,1
U0556,72.30801866507927,65.24123327546361,0
U0556,70.79969815153137,42.17414077172941,0
U0556,72.09417261184817,55.00412590517241,0
U0556,84.55753874298831,53.931819346554356,0
U0556,77.65436788380588,61.07646628096722,1
U0556,83.11410439255744,61.28527537695965,1
U0557,86.60525768396874,68.93444018148976,1
U0557,81.09164570984136,50.318479551406774,0
U0557,79.9072356358725,56.175809308770276,0
U0557,79.86610736011987,59.960644846236995,1
U0557,63.43950842782548,40.783835384934,0
U0557,77.32627589653895,68.73336535390395,1
U0557,80.35399409722625,57.66476499408274,1
U0557,90.17520726363759,54.30044388090543,1
U0557,78.11718741388464,51.771707129259816,0
U0557,79.31494709137274,,1
U0558,80.05359658528907,60.86305181895062,1
U0558,73.72340192750887,50.70414507446581,0
U0558,76.52257395416065,53.281450701340376,0
U0558,73.94056456341042,47.224151034170696,0
U0558,78.62843047484388,52.131949604109394,0
U0558,78.12003014598943,69.66150143886276,1
U0558,73.10559868984554,58.62591106713589,0
U0558,81.03421796275552,52.15570003629555,0
U0558,72.79756017762438,56.96975611915152,0
U0558,,63.90188482058218,0
U0559,69.83589684541903,58.33827113183466,0
U0559,71.37569304969426,64.11904795602413,0
U0559,74.11310810061178,55.81220935486617,0
U0559,73.66578072392488,57.92348953016612,0
U0559,73.63724166297065,57.04288228465917,0
U0559,73.68289875444748,53.347584636894716,0
U0559,76.42010877365958,71.11255461427972,0
U0559,70.11791449792395,51.85082376277196,0
U0559,64.87107464119956,53.62908287999007,0
U0559,69.0150538960352,47.46315394363464,0
U0560,73.91632922789782,40.267797726140955,0
U0560,70.1442341888197,65.5580242957087,1
U0560,70.56637994225207,,0
U0560,74.77492219507482,50.90864213433324,0
U0560,65.74549089747416,66.97902622743321,0
U0560,70.62235976458926,60.765368259532764,0
U0560,68.85557001288252,64.65667841404273,0
U0560,79.66380804252682,43.02872696539796,0
U0560,78.63918900861337,62.775401265027384,0
U0560,73.91256691559892,53.5746543840522,0
U0561,66.0762212910044,46.588140666543964,0
U0561,72.23182630324091,46.08899166152636,0
U0561,73.37011847270246,64.79306758778272,0
U0561,,37.05114131166221,0
U0561,66.0809722724408,52.58911330684496,0
U0561,64.45366330057384,55.63713847469045,0
U0561,71.28302910868703,51.613477856247805,0
U0561,66.81857378149854,52.305184196589344,0
U0561,73.26786900223404,60.203783418345736,0
U0561,72.91766471656013,70.07817748907844,0
U0562,66.65115387951724,58.86655152535962,0
U0562,57.74902025070591,50.559042598843064,1
U0562,66.2629614060841,58.35222751333683,0
U0562,70.80726860775046,52.62108257186651,0
U0562,62.21650546076143,49.31542289660847,0
U0562,73.93623837816298,48.91523370372112,0
U0562,,54.65579496578425,0
U0562,67.01376507064528,49.35637221039757,0
U0562,,63.78927446751605,1
U0562,73.1927684748349,49.27354300075512,0
U0563,78.02873663607168,49.50724098894252,0
U0563,74.29937631129326,51.09010474721254,0
U0563,82.01001374029805,51.93125045645576,0
U0563,77.29318654527165,57.05343445547772,1
U0563,63.88424920739605,48.87869750398492,1
U0563,78.67915883408084,,0
U0563,90.19585886447757,46.598147540054775,0
U0563,84.83846194329575,59.248982849486744,1
U0563,72.0114788522891,46.289228833195615,2
U0563,78.04448366799419,63.85834512645995,1
U0564,70.6644370564553,45.41336385181609,0
U0564,81.1148327612149,52.10229086590201,0
U0564,56.17863865440056,44.71296665627719,0
U0564,66.64414774754813,58.47155880171077,0
U0564,88.53716038162146,,0
U0564,,63.06990709164299,0
U0564,70.5892030754825,71.4976417159744,0
U0564,63.439132368435054,54.65262721321341,0
U0564,69.39338500761524,66.99133838391138,0
U0564,69.24965002357096,53.77189549628187,2
U0565,74.31099641796752,60.96774908587003,1
U0565,70.93747114144813,48.16089740760261,0
U0565,77.56493731840357,36.755367051604,0
U0565,70.2589619720594,44.59585796520141,0
U0565,78.01194629461898,54.565643389944654,0
U0565,78.58606486001283,67.0678439038597,0
U0565,72.71113759439218,,0
U0565,68.8878825724497,48.406430326560475,0
U0565,69.34526289531122,57.72968108860281,0
U0565,80.98116429855581,62.69907998297242,1
U0566,73.21313606457736,47.907914256104135,0
U0566,64.76460747834473,57.51730032828648,0
U0566,64.79683059267393,52.0287627287627,0
U0566,44.03206020288289,44.792832468817515,0
U0566,60.87727818710742,52.00684966493816,0
U0566,67.27416981363355,56.77860289098462,0
U0566,63.05392284621088,41.73984299250013,0
U0566,71.60611654800546,57.41782611816331,0
U0566,57.0567685817662,60.822587064004914,0
U0566,58.95932254333089,,2
U0567,74.55978211390534,54.17981871921608,0
U0567,77.91141623459667,56.403190729389586,1
U0567,80.17861935898915,55.8088873463691,0
U0567,,42.52005863097584,0
U0567,82.50909038063698,74.03393501524245,1
U0567,76.1513488257507,46.974364023655504,0
U0567,71.33516819001879,57.03865086363174,1
U0567,73.64355769469319,53.69881105333017,0
U0567,88.41122380506133,60.158257296095556,1
U0567,75.72027831063963,47.83624434227212,0
U0568,74.0902498845102,55.400173480709675,0
U0568,71.73548867522366,40.63345165586852,0
U0568,72.48972537968702,53.44725258837846,0
U0568,74.92544283547244,74.92598786975013,0
U0568,65.06763573265589,64.70088433552966,0
U0568,,41.89676792693054,0
U0568,73.73502035428226,57.64442770613876,0
U0568,81.91399303164309,65.97491646446578,1
U0568,73.0662581686413,51.78170012994229,1
U0568,77.57612264101165,69.29971725074431,1
U0569,83.94313613367889,66.8844091019156,1
U0569,67.92094074458501,48.812615431530354,2
U0569,70.16354689922086,55.86434373487589,0
U0569,98.67446680234742,36.6060945510966,0
U0569,,61.23736307244721,0
U0569,72.45185690511235,59.266270882926925,1
U0569,77.13227922389058,61.54042839341926,0
U0569,71.49416281971466,46.804746111429225,0
U0569,65.56375797430486,54.330331290912284,0
U0569,63.11393316205315,49.77814093599183,0
U0570,73.51804756184504,66.3574496982811,0
U0570,72.01433566174873,57.90729498170755,0
U0570,69.98224049955869,76.76935206761507,0
U0570,70.3686772257081,59.78710745550374,0
U0570,,52.456441505224774,0
U0570,73.46032339287196,57.33283285839608,0
U0570,68.39949672047963,53.61623758117867,0
U0570,72.48157675150577,,1
U0570,77.95648067233033,72.38281022144369,1
U0570,71.4916261006264,45.4542846804223,0
U0571,66.92133739406881,44.655421297022116,2
U0571,65.97481023918193,53.66977311313379,0
U0571,68.27303344869999,43.73364910354468,0
U0571,68.114216486805,43.7782704906909,0
U0571,69.65227081036757,55.799139442582074,0
U0571,63.51997329766694,55.31291344789019,0
U0571,66.17832502096991,67.42402419024558,0
U0571,67.76804488644358,62.825944933277135,0
U0571,56.91755673313341,59.85081805997521,2
U0571,80.19699729128784,54.072252481537866,0
U0572,71.21700872476185,75.89078455268168,1
U0572,72.30649340671661,68.08556660847354,0
U0572,65.07528403160502,56.73494730016556,0
U0572,64.7511789565046,54.43852015375444,0
U0572,77.44561083773453,,0
U0572,66.92318191483918,45.198676440564704,0
U0572,67.3197815733654,48.816349308848935,0
U0572,72.79805277791384,47.12501282023827,0
U0572,75.76739619553545,58.892582083903044,0
U0572,70.23797066758416,40.53420884701586,0
U0573,47.96100427389166,50.91376074028068,0
U0573,,54.084137602074975,0
U0573,62.992386398719376,59.897977822754534,0
U0573,67.53640745662996,50.83374141384506,1
U0573,65.30081056261069,56.21399370075046,0
U0573,63.00529649102452,44.0539668645346,2
U0573,69.33566407815654,55.928909805062425,0
U0573,75.40117771658271,80.44954965230629,0
U0573,64.63962236748802,51.675267033170414,0
U0573,60.025808885928015,55.132230480949396,2
U0574,69.70269581125723,71.01588961979346,0
U0574,66.30523821308591,45.86596940918757,0
U0574,69.42647087743114,58.89761962139928,0
U0574,59.04332355230293,54.81785703255032,0
U0574,63.25877515871346,43.715722987875154,0
U0574,68.97147100391615,61.67884900376904,0
U0574,63.16277633994244,56.20318150840143,0
U0574,68.30251666489458,56.21223861723541,0
U0574,65.05561759443702,59.317940626243406,0
U0574,64.46450586209562,57.18102537124805,0
U0575,62.93034148749991,44.80290624091104,0
U0575,66.09633220257417,48.53169674903315,0
U0575,63.52217048866886,73.7536262053915,0
U0575,65.62040886887247,64.34702626901519,0
U0575,,51.24820780321291,0
U0575,67.32090190459328,74.58963177669342,0
U0575,61.53366689104624,62.897107727440876,0
U0575,47.82197470782842,49.31894562880975,0
U0575,63.99265138355576,61.66800230223447,0
U0575,66.18045282120447,57.19238610868655,0
U0576,72.34249820320746,51.50000844950691,0
U0576,,57.4957113618428,0
U0576,73.50456161136165,50.63635626573091,0
U0576,73.29611267746138,51.75255195931024,0
U0576,75.34712753478198,54.72493934025631,0
U0576,73.18911156022169,47.5005530007693,0
U0576,64.01382375792228,45.653908241891706,0
U0576,76.24976860010091,61.56632509522437,1
U0576,77.15441071387481,53.95602650713502,0
U0576,69.93219842112603,52.63498268469449,0
U0577,78.90413703687206,60.059461813336306,0
U0577,80.24210505361148,60.98876510275901,1
U0577,74.08893869511917,49.138064821673595,0
U0577,74.80998044199086,50.90120823958704,0
U0577,61.55085552768712,50.93202838864885,2
U0577,77.11273903770892,53.6641664095591,0
U0577,78.16197738322553,,0
U0577,73.90613986555596,53.50552801338931,0
U0577,75.0705077862842,52.11831125609164,0
U0577,71.24028813896284,44.56292823222775,0
U0578,72.41478982617917,57.166571563690134,0
U0578,74.14893175348101,82.3706174023688,1
U0578,78.33739925138529,63.005919124777186,0
U0578,72.89958300496599,41.6214199435497,0
U0578,71.50843905601216,47.56287663270078,0
U0578,74.39153387129875,51.044162128194806,0
U0578,65.96751591836237,63.86851908374281,2
U0578,71.75887439320918,59.60786154309053,0
U0578,70.92801692739883,61.38463296807247,0
U0578,92.32458111468172,54.30148854105332,0
U0579,78.0547695578918,54.41783642148216,0
U0579,69.71996833131367,60.54554130404661,0
U0579,,58.25137821556066,0
U0579,59.76536168836033,51.591200881381276,0
U0579,63.25093001475059,51.64746015214962,0
U0579,66.222413126616,59.447681810994574,0
U0579,67.10793106597978,,0
U0579,64.69723595226561,52.09897140309989,0
U0579,79.19082824211435,46.850563248557464,0
U0579,64.73973543868817,60.64731785455316,0
U0580,,55.35241250919768,0
U0580,78.43555237395894,64.08497991713523,0
U0580,64.87543982631301,74.72918170487671,0
U0580,70.73891144241057,41.9647661686408,0
U0580,81.60155970451879,51.00418934377316,0
U0580,72.73580774049096,62.378763173209485,0
U0580,75.02764675829818,51.93385863690878,0
U0580,76.21072610980252,60.94367637576768,0
U0580,69.51485334815752,49.68890279127123,0
U0580,71.93180576405862,52.888168450169005,0
U0581,69.44728927125809,52.74226590411766,0
U0581,68.70254964225819,64.95964363311909,1
U0581,73.54592263518202,65.40940784909567,1
U0581,75.814534416377,58.56566012338576,0
U0581,70.57422963817724,53.30503456056024,0
U0581,71.97463871849727,75.95019485095625,1
U0581,71.3149056283852,65.36456744666525,1
U0581,74.9171015836113,69.9288805415645,1
U0581,75.29956867371139,60.362626604486394,0
U0581,77.94754391732255,51.44983900548933,0
U0582,72.45534166645193,46.062436881500204,0
U0582,67.38486419056368,53.27871941302046,0
U0582,66.48523566251228,,0
U0582,67.52793351956781,51.13221368387562,0
U0582,71.49461044104515,62.6423502988152,0
U0582,72.28412805919852,45.84567322510725,0
U0582,66.5367312609579,43.81667751958246,0
U0582,76.9151255810534,44.520587526238856,0
U0582,70.16667334675864,51.536956476931515,0
U0582,49.104882467674656,53.044699071258854,0
U0583,73.78344443184153,57.936614064140784,0
U0583,75.30766074554283,56.495911156155955,0
U0583,83.70571095676453,51.26195701323785,0
U0583,75.18611470881606,57.433983991266125,2
U0583,73.87999866361933,67.14595102949328,1
U0583,69.39400061530011,46.89864668099167,0
U0583,76.3099498330631,65.58726708106818,1
U0583,74.04392350695736,49.66988279304981,0
U0583,68.3834859407495,,1
U0583,72.61898662406277,42.352372429320596,0
U0584,85.43102800123225,51.68704499721981,0
U0584,75.94647172384252,,0
U0584,68.04588447363614,37.96440756778452,2
U0584,79.3411746016545,65.17151894759286,0
U0584,75.52631720681877,42.585823735701794,0
U0584,85.47938298593411,55.83769431757563,0
U0584,75.14313392715363,51.78497939367498,0
U0584,67.07845679099809,49.68041101904721,0
U0584,77.85660022635999,57.603250945953974,0
U0584,73.59374690694813,62.6391193195363,1
U0585,73.21294406670992,28.410548243686158,0
U0585,67.27473013095164,54.1788762828826,0
U0585,75.24556683610142,61.522533519670766,0
U0585,67.24108951887304,45.04946401530027,0
U0585,70.82136666588224,40.2505424800334,0
U0585,61.09428285923096,55.64870430343565,0
U0585,77.53976160161294,,0
U0585,65.1629183695167,60.01832508369404,0
U0585,83.58094467449743,53.70209775030244,0
U0585,71.68726562220441,49.024009058991524,0
U0586,70.79452658057008,46.47233760687323,0
U0586,76.363381766294,49.37724287191289,0
U0586,85.53529638105726,53.24867419365333,0
U0586,79.19494293101258,59.369099606319246,0
U0586,75.8923756425104,52.26654308158677,0
U0586,80.36705929546463,52.24678706722897,0
U0586,81.02279216438343,59.75467011706022,0
U0586,75.74403868637934,57.95230411373604,0
U0586,73.29556440871133,53.605689107836,0
U0586,81.51408031627945,65.98034840917177,1
U0587,77.72843560512285,49.62313335410211,0
U0587,73.58334021905264,79.73172001575652,0
U0587,78.47429266024527,59.30007642782665,0
U0587,56.721737923758894,53.59032192449321,0
U0587,83.63883686783741,71.54087203269873,1
U0587,73.567858382796,40.77078376680002,0
U0587,73.52996068316781,60.265121722796806,0
U0587,68.50567133628252,43.0509041384706,0
U0587,79.82612171567398,60.61230204886614,0
U0587,73.89520837959495,61.44323843603673,0
U0588,73.73429431299292,48.531793628713494,0
U0588,77.94728145770709,63.052320395367055,1
U0588,76.78614797317906,58.35922596832314,0
U0588,74.55287977266654,,0
U0588,69.52040434305442,51.93870262958901,0
U0588,71.38973096341005,48.50449020013364,0
U0588,,51.14334565509833,0
U0588,75.0587772872549,44.75184725770126,0
U0588,79.83700348356066,54.961526265326924,1
U0588,74.86138683655243,47.83998267782223,0
U0589,65.5713868988995,66.87209587508787,0
U0589,51.26963018387122,51.81251270315044,0
U0589,75.38188309555314,60.43270401850128,1
U0589,62.545783604844495,38.20619896306836,0
U0589,67.96355079696217,54.16689780341841,0
U0589,61.17870872065292,62.47417983159211,0
U0589,65.42905119023519,33.2657096324226,0
U0589,62.986590808047175,49.09657693787937,0
U0589,68.96148937845527,53.31862685970632,2
U0589,69.14634380258872,48.20028959264218,0
U0590,70.55250099177867,51.470656990060725,0
U0590,67.9434851825649,61.27455233900873,0
U0590,74.19072660742754,60.492857938925795,0
U0590,58.946159164764005,53.50633211982233,0
U0590,85.66385199743212,,0
U0590,71.50708982631555,66.43076289603084,0
U0590,62.53136060004617,48.597970090037926,0
U0590,66.20391189380491,50.150198515778484,0
U0590,72.91392983968348,56.68621763667004,0
U0590,62.23803651453643,45.704704937276524,0
U0591,62.31848819651682,54.28852705786607,0
U0591,71.09877622257717,54.04344013526657,0
U0591,66.08405744056816,60.32049701985345,0
U0591,69.39625624731373,55.403766411776076,0
U0591,63.630086329727185,48.49340369356216,0
U0591,69.03736655056042,46.23079111581624,0
U0591,71.22507415715594,59.41987996600834,0
U0591,71.68539280378371,,0
U0591,63.847248510188074,51.720857003968284,0
U0591,58.381227091068666,42.572928933530285,0
U0592,76.81178345949236,64.90150208117922,1
U0592,77.26849658021297,,0
U0592,66.20211188432172,67.55182298138712,1
U0592,75.1881042671598,71.13479611445823,1
U0592,72.15870708159692,57.74746532594032,0
U0592,87.39796825480602,51.817125360990694,1
U0592,86.99538845142256,52.49273228547793,0
U0592,95.09258043335426,53.00468600982694,0
U0592,79.64823797302586,51.20117470064786,0
U0592,76.78032052015585,43.90613807597845,0
U0593,67.32094920028682,54.385182297247134,0
U0593,72.68661869526082,58.15519779323248,0
U0593,64.71618671048887,63.76684739716847,0
U0593,73.7718197112907,69.38008962661175,0
U0593,66.86439136560787,55.50898207424202,0
U0593,70.24521580712202,48.30503154069677,0
U0593,65.82510858190331,48.4036723644061,0
U0593,70.83431579427119,48.21230634481956,0
U0593,68.21641687438218,42.76852272120541,0
U0593,77.60407993632671,52.769732472219914,0
U0594,65.79918327955329,55.63873432397813,0
U0594,66.24249328465123,64.52620618037965,0
U0594,70.37947677671072,48.0222463747666,0
U0594,72.79344423497155,60.12554650200391,0
U0594,66.68823674854048,59.59398431108028,0
U0594,72.85984072648301,53.762127225301995,0
U0594,75.1889021865716,60.57885341481449,0
U0594,69.85396249207888,64.45246552730092,0
U0594,61.660864703352985,33.7073916706834,0
U0594,54.72684619696511,56.90268726447351,0
U0595,72.0434795238256,54.19152642408657,0
U0595,72.15823473947428,50.55913924850801,0
U0595,63.43193223757036,64.22234997545434,0
U0595,62.175049459956185,38.28922681666671,0
U0595,65.56978268807563,48.566814972562376,0
U0595,67.44151812511896,72.15375417796503,1
U0595,69.92564631693452,61.49466862589238,0
U0595,71.31003134239461,66.49971161208971,0
U0595,71.39746964977599,52.29986494595724,0
U0595,56.919642914563305,57.627398888071674,0
U0596,,52.177779555109694,0
U0596,53.7668844278668,59.42895997304543,0
U0596,,52.22850530666884,0
U0596,63.68533016240681,47.15200875051888,0
U0596,69.61760989484131,45.049207188498414,0
U0596,73.44785000481215,71.44298378266392,0
U0596,73.53481253140839,,0
U0596,66.34285072583113,37.78516916089505,0
U0596,78.00332539399366,49.30154912779503,0
U0596,73.28847948626762,61.304863479120115,0
U0597,,51.86799637851389,0
U0597,63.45002874129966,57.270819852737105,0
U0597,78.1633099010643,,0
U0597,64.90181108866499,50.80842027555697,0
U0597,72.97152224891542,46.257108993876535,0
U0597,63.49348304092068,,0
U0597,72.06679215974592,28.494770466181613,0
U0597,63.8126591224353,47.371630752880236,0
U0597,62.33116820435591,46.55774478871381,0
U0597,,66.85823790973456,0
U0598,70.30686645162189,51.10360250241657,0
U0598,71.15492368990338,55.8964570569393,0
U0598,71.57819029546384,60.780762234607934,0
U0598,69.09288624589882,64.32147994480577,0
U0598,63.51414795857822,54.469833022984496,0
U0598,64.84317883722396,49.21574425817303,1
U0598,72.85693754171243,65.18971688463553,0
U0598,69.05916859477803,56.47610395620858,0
U0598,72.46503188319957,49.68915430169484,0
U0598,73.80178450590081,47.29658077780064,0
U0599,71.67554910321095,58.59165868612149,0
U0599,67.42614601927829,67.2224940558614,0
U0599,68.39548534588006,48.625872478673514,0
U0599,67.26966049775238,55.149136915397335,0
U0599,79.7924346448721,59.64633966964466,1
U0599,66.24014284890956,47.87592029554207,0
U0599,70.66288021213279,46.86649859690702,0
U0599,66.86857833176501,56.53963182917526,0
U0599,65.50290299704805,62.390400861152706,0
U0599,60.36381015275345,42.94911750796348,0
U0600,67.75826038750193,69.98872564283029,0
U0600,69.59599261637524,55.05937885334036,0
U0600,65.59611642045475,58.016161245013826,2
U0600,65.43942079711029,49.6781101264873,0
U0600,66.6579898423994,29.92304725458814,0
U0600,80.03615022029663,50.527166353174245,0
U0600,70.92749550553361,49.66035610385089,0
U0600,67.16308032143849,64.04597906805817,0
U0600,69.00081881664951,53.53636765258227,0
U0600,73.36369448294725,41.13613085551208,0
U0601,72.5714964184897,46.7123386487707,0
U0601,75.23692367394905,53.24821586327548,0
U0601,71.0403807358234,53.498225639745336,0
U0601,69.22015580764682,49.15773650387303,0
U0601,63.37881280861467,55.38590776901525,0
U0601,80.21765344163316,46.205232529674305,0
U0601,74.7972354008689,65.87931229358769,0
U0601,77.7809983198074,50.0730717999639,0
U0601,73.53874543870404,61.153746707253084,0
U0601,66.87673415797063,66.28398185761192,1
U0602,78.69385048747301,55.33141008256085,0
U0602,66.56805144930328,46.94968898495433,0
U0602,66.25507011243006,52.21248363888858,0
U0602,62.59871955540552,44.82458644022055,0
U0602,58.28117400404409,59.10260280235658,0
U0602,63.35376102673871,55.0891863545281,0
U0602,71.41670878552492,64.47643353303188,0
U0602,61.844557586122974,40.537407930605866,0
U0602,,64.77658128061792,0
U0602,57.61656489771936,50.08926450905421,0
U0603,73.60828103573566,66.06803811368843,0
U0603,76.68341812733867,52.04207587141918,0
U0603,66.35531471476179,49.87336156831927,0
U0603,71.54490280029717,60.14561239305782,0
U0603,69.02031816643722,65.2879039824444,0
U0603,52.94600475208544,51.429284880115056,0
U0603,68.04358876597922,44.771773587681515,0
U0603,76.76218703562111,40.1485760636914,0
U0603,58.312627443772634,41.824427920489704,0
U0603,57.25881146529945,57.63862656933229,0
U0604,69.21126228741569,,0
U0604,62.670108538954764,45.8372091474587,0
U0604,68.06398383498362,41.587284594366174,1
U0604,62.17544840680292,51.84913865729862,0
U0604,80.91732310139295,49.773945682487074,0
U0604,68.89745907933165,66.2996829999632,0
U0604,69.0674853121386,48.27841191896978,0
U0604,60.28859680277948,39.174433626197626,0
U0604,56.562369741889405,54.72546703296539,0
U0604,74.2473466211165,62.60449986424599,0
U0605,77.63971491022428,49.126778549933,0
U0605,77.26478163980062,56.887677798733314,1
U0605,80.25169592780821,62.427652634355525,0
U0605,84.27864245525453,52.445760711379656,1
U0605,81.40133799876637,64.23587976392601,1
U0605,84.09352855300222,62.01164741022682,0
U0605,80.54064790348406,42.53557709826847,1
U0605,85.40582111238191,61.379221705852586,0
U0605,88.46452887126212,61.921407678491796,1
U0605,88.6479575394522,68.42242083683091,2
U0606,66.33287087315622,,0
U0606,69.53217272221474,63.543963207352654,0
U0606,74.8073791985085,58.90762329645829,0
U0606,74.67326201703645,62.58322836665511,0
U0606,68.10021974354007,60.19986367238497,0
U0606,69.59408115766982,68.5424017041052,0
U0606,65.59357591202229,61.89644974195763,0
U0606,68.27605534033053,68.1859075924889,0
U0606,68.98668813889596,42.180250578563964,0
U0606,77.89004880813575,57.45889647585103,0
U0607,67.26602756902231,37.552158912482035,0
U0607,72.24370322147405,69.28782012220556,0
U0607,66.76218209041942,59.036054528068746,0
U0607,70.82760552966798,42.8922200747029,0
U0607,79.52092721526705,64.33981899880976,0
U0607,76.34559361942597,67.46682691025133,1
U0607,74.10919108082501,53.1454330039542,0
U0607,69.16646968767421,56.95819224036359,0
U0607,68.83445818888623,,0
U0607,76.25708697625093,48.86992461156998,0
U0608,60.79290876895654,48.71886018780829,0
U0608,52.136696261690865,64.73933507213361,0
U0608,80.39130423630802,60.3083004401532,0
U0608,68.89043060052886,61.720505272500894,0
U0608,49.74962251142854,41.39131827748696,0
U0608,66.05480904283033,57.35417998786341,0
U0608,64.35365871317745,55.606496655598434,0
U0608,53.26314648235266,47.18589915622918,0
U0608,55.07289673275508,50.493030263427244,0
U0608,61.29478733529529,43.24617914579706,0
U0609,,59.458702027041994,0
U0609,65.31974993144351,55.0355766379114,0
U0609,76.25564117275682,65.94286304520632,0
U0609,75.16560936636182,55.66925093492183,0
U0609,,49.856885148083855,0
U0609,82.7152985838093,60.82914573051308,0
U0609,73.32257280978979,70.92435347303528,0
U0609,58.7168150235851,43.17679170531024,0
U0609,71.66677236248768,65.16106892543667,0
U0609,76.1139115487407,62.10265134534107,0
U0610,75.01893825684773,51.94022262564701,0
U0610,77.48081794281582,74.31712880925365,1
U0610,72.67308041910849,65.7122068881954,1
U0610,74.60778318948739,48.039737305533514,0
U0610,71.32121437674954,53.50295686749289,0
U0610,70.56419292305755,,0
U0610,73.52307996474867,53.32370781640804,0
U0610,80.8707216632602,59.78990917597106,0
U0610,68.55247723615865,37.26446177209594,1
U0610,69.98363643827277,59.762378857141655,0
U0611,70.95321084777319,50.986576059663825,0
U0611,79.06053718375222,53.485571048445976,1
U0611,80.09353828909295,48.34571333521349,0
U0611,81.98594919691317,59.456806103307,1
U0611,78.81210484718287,53.02772377379255,1
U0611,77.90017832524646,37.44498555132322,0
U0611,80.64351783005358,57.639349154989915,1
U0611,64.61169572666016,47.748353196337014,0
U0611,79.22989420262572,70.7006183048436,1
U0611,76.13410180088627,50.7412598233897,0
U0612,76.70221752137297,64.26890729076895,0
U0612,71.85077359241228,56.39767428526578,0
U0612,,64.95240473534093,0
U0612,77.24755200291257,33.341576765071906,0
U0612,72.05434446974117,63.146425305141754,0
U0612,76.3456216473273,43.49570229761558,0
U0612,71.3781708142428,65.86115248443943,1
U0612,71.44268503435912,48.02126303024977,0
U0612,70.19866772060283,49.59309144110109,0
U0612,68.38072438480958,53.804352706604476,0
U0613,67.08075419896932,35.92234881467096,0
U0613,74.93257280096267,75.24889466158649,1
U0613,77.84774540281951,53.51716107502321,0
U0613,74.28883094475961,49.539369243799065,0
U0613,72.3256350545894,52.630129811568516,0
U0613,76.14931221765731,,0
U0613,73.74312094825686,55.827525696194904,0
U0613,77.60946679696224,50.32757124353402,0
U0613,76.0199221236229,67.51042077758459,1
U0613,74.89790281515324,53.78499270875046,0
U0614,69.02096665670776,71.29481567049221,0
U0614,60.06811667622531,46.73497454042696,0
U0614,69.11308891593248,52.69503646944837,0
U0614,62.24650811241212,55.98637475419173,0
U0614,67.36312117881565,39.080390111768985,0
U0614,69.06714733501107,65.21021570626887,0
U0614,63.98791782057287,50.37955492351993,0
U0614,65.89263025789148,38.44213930203311,0
U0614,52.616876767357795,53.6147655427688,0
U0614,73.2398349358217,,0
U0615,80.5133821288344,69.03401121120324,1
U0615,70.54421494185561,66.78972400235018,1
U0615,68.07205930748914,42.70078099397808,0
U0615,71.43960335100924,53.02915532202582,0
U0615,66.02106492112318,66.80304931185844,2
U0615,79.98140479511603,56.32164353114126,0
U0615,80.28447264066756,56.140181513635376,0
U0615,72.81039525253148,62.40481084059165,1
U0615,66.19044726356155,60.52073938284053,0
U0615,71.81189549104813,62.85227991926622,0
U0616,83.76913388737522,59.818233051911434,2
U0616,,,2
U0616,71.95246681622584,69.05574290367531,1
U0616,73.77810529621057,59.55986031791492,0
U0616,72.21349534009053,49.87954197517206,0
U0616,77.22463227555426,52.70438155443676,0
U0616,74.87180670710003,68.73260761660484,1
U0616,71.36837770794422,,0
U0616,68.07639238326999,50.36007096637125,0
U0616,75.88962448855652,51.33968146920908,0
U0617,66.83512585052617,65.3485775409116,0
U0617,69.89655984214562,,0
U0617,68.66178885418833,53.50897421318881,0
U0617,75.85990790502834,52.02021798550202,0
U0617,63.88984735183526,69.2404823889865,0
U0617,69.064793669092,50.482880011713185,0
U0617,69.62736828753191,44.75202100130469,0
U0617,57.08058072461296,59.93822773312059,0
U0617,67.85306256811486,41.498017836731634,0
U0617,66.79717686110281,57.14442862150989,0
U0618,74.31326303722511,50.07588972586551,0
U0618,76.91801659822056,48.68096789563764,0
U0618,74.46088519771692,58.50060140998992,0
U0618,78.34594665887779,34.0342504405074,0
U0618,79.68436489043862,58.17126851185548,1
U0618,93.65862445025499,56.25765845125121,0
U0618,83.4971167980093,58.24992091541391,0
U0618,81.22138081612037,42.06570888988674,0
U0618,78.81178932084383,72.27122991794064,0
U0618,82.06812482361562,46.2052889813323,0
U0619,69.69962417067131,,0
U0619,69.60049564972647,61.85535810004805,0
U0619,71.4873058436587,63.32507174211651,0
U0619,71.26324642054992,71.94317705683811,0
U0619,67.74225417850978,61.16559199895634,0
U0619,69.25188295395476,57.73076071600872,0
U0619,74.38788354292485,58.54784566159392,0
U0619,74.92980366266735,65.65757647397027,0
U0619,72.5927203424936,52.23629548608897,0
U0619,81.22776380237615,47.01968705438985,0
U0620,75.58284736628445,45.75766181851252,0
U0620,76.72045147296612,52.71336519798378,0
U0620,76.25132794392215,62.87698617551071,1
U0620,79.23752100483514,59.785449541680265,0
U0620,67.69360461852786,62.18208410563345,0
U0620,71.94470552242116,47.59298597619285,0
U0620,79.08353895179958,,1
U0620,75.67898825651292,41.050165857330526,0
U0620,,58.38253064872436,1
U0620,72.09592912004055,48.31200484541435,0
U0621,75.54547983545666,61.25012150170789,0
U0621,75.87980003989584,61.12213918927751,1
U0621,59.48843246370031,53.224736568906415,0
U0621,78.37256914681299,,0
U0621,67.18826034713153,41.25056942145904,0
U0621,77.18307503395077,58.491411929147716,0
U0621,71.33443562746616,48.374590948204975,0
U0621,71.42392173993213,66.89742148774546,0
U0621,61.2953060168103,45.34119309311755,0
U0621,69.39695162123557,48.164550644296696,0
U0622,81.00916641704697,68.47719591437797,1
U0622,94.84263319148297,65.17212181363983,1
U0622,81.64107981546452,51.63974773528316,1
U0622,80.36561141988386,52.688945981115296,0
U0622,83.4487525955045,54.09493957544852,1
U0622,86.47791800215055,64.88541949205408,1
U0622,,59.2202452563623,1
U0622,90.49105617903125,,1
U0622,92.376821761259,58.52920701812867,1
U0622,84.8822375581256,59.11453841865752,1
U0623,77.85304067533323,55.30450831390261,0
U0623,75.20199349459944,54.329445262174126,0
U0623,72.4231569426455,67.11891818034469,1
U0623,73.06460316747803,58.580992361576094,0
U0623,79.28438929643734,39.04297631979837,0
U0623,67.04523713270287,44.46594210387922,0
U0623,75.49535304590768,54.61900431092314,0
U0623,74.0173073672515,48.11682436818786,0
U0623,72.16228574182192,45.0268776810907,0
U0623,65.51871638544657,57.38432607903146,0
U0624,77.04883626067476,,0
U0624,73.34408093611711,61.507818056286574,1
U0624,80.22426784299599,78.87662968399745,1
U0624,91.72654552600983,51.73909800576795,0
U0624,83.73164397762933,71.89750187098255,1
U0624,64.96859183136361,57.18893104055765,1
U0624,75.12670253373493,65.52154191354747,1
U0624,69.1608500836912,49.66750528662618,0
U0624,69.9527262327088,57.13363804788587,0
U0624,78.97355438282867,67.07742887819873,1
U0625,68.60198109952523,42.945127285783514,0
U0625,73.24133154854358,49.48147888743681,0
U0625,86.47025544104864,64.35566343714063,0
U0625,76.07910827253701,66.56929858525298,1
U0625,71.10979272621755,58.22269414288383,0
U0625,69.10192576671265,54.08697004792969,0
U0625,79.55481345656864,61.521782073438466,1
U0625,72.27986716209219,57.074645679160774,0
U0625,70.2080173818318,47.42694813016741,0
U0625,71.62130808645301,47.36029087948249,0
U0626,79.81666244036266,53.788142949208535,1
U0626,75.32155121291268,58.137205756432955,1
U0626,77.08891532180898,62.03656526138866,1
U0626,78.49464979851876,41.61440725767008,0
U0626,,62.72780393871424,0
U0626,71.60446300719764,46.4315224617464,0
U0626,69.56477502208006,43.39327665429107,0
U0626,76.16989961611701,69.49751255673705,1
U0626,78.69145435383705,60.532207941823174,1
U0626,74.15356704379899,34.52126027116311,0
U0627,85.84677178506632,57.90508780463574,1
U0627,80.84750636371982,66.22526773479552,1
U0627,75.94251183995655,45.08426109191957,0
U0627,88.61929392827413,65.12120250799188,1
U0627,87.44630240763355,52.907555248154715,0
U0627,,57.67198232562027,1
U0627,85.0597418022268,59.50298886796786,1
U0627,85.50571406669178,59.49574050065487,1
U0627,89.67582083004199,62.24927932852044,1
U0627,74.68340967810164,52.221953524342126,0
U0628,63.35859861406357,53.04587960030319,0
U0628,66.23280086876521,68.09094949758693,0
U0628,63.09126503985539,56.615222549017176,0
U0628,69.16594539697478,61.587318650694996,0
U0628,66.10321560721835,68.68637972173754,0
U0628,64.37359135873993,65.97892434014892,0
U0628,67.78512393622375,47.785258753116786,0
U0628,65.16476823576443,63.75561098880283,0
U0628,65.24356855335057,68.77620316799735,0
U0628,62.770474719559,31.36783219055451,0
U0629,66.9528547791673,51.88631791547027,0
U0629,78.26551074987944,59.19573360831962,1
U0629,75.33935606539147,51.88172680312524,0
U0629,82.39118473763219,64.57603597963728,1
U0629,79.69457602955207,63.8106315735607,1
U0629,89.52330048622541,56.75982560401459,0
U0629,75.14384462939485,43.02857561132614,0
U0629,75.37933000913257,,0
U0629,85.66304662044041,56.21592223132797,1
U0629,71.693441780681,66.0660507157687,2
U0630,63.9013016844849,68.92060627417642,0
U0630,63.64977950326748,52.76691381942338,0
U0630,63.19627424557141,46.32150152073271,0
U0630,68.10394817560166,45.12381431853779,0
U0630,64.49122771806955,58.206005184446525,0
U0630,66.09594835921322,67.15225961188183,0
U0630,65.85458764152578,61.78924728418099,0
U0630,58.02113512183166,46.40988746240912,0
U0630,70.06812640658845,,0
U0630,68.14191747813634,67.07160593255595,0
U0631,83.10090513494458,52.85656919612944,2
U0631,80.90807078973077,73.36437257752233,1
U0631,75.48422418320676,52.521766047076,1
U0631,74.13466107885762,50.62766988481364,0
U0631,76.29347732115548,53.931299817141834,1
U0631,73.20539787044518,49.33622261399137,0
U0631,72.39190325427559,64.84667389184547,1
U0631,77.99028454607364,62.62958134455538,1
U0631,79.58801146047973,53.662371100408805,1
U0631,68.43906870571148,,0
U0632,,49.928056358467835,0
U0632,74.50075437910526,52.81990021944032,1
U0632,78.33636429279574,57.12248850410005,0
U0632,,57.67809829058737,0
U0632,76.81563782783071,60.14297052692933,1
U0632,78.17077186408197,55.420268986816005,0
U0632,74.55092068367595,60.9354099829687,0
U0632,77.93911893477102,64.04307474306255,1
U0632,85.90583439258988,39.92182720397842,0
U0632,82.28770441609507,54.757711626805104,2
U0633,67.3211659608778,,0
U0633,62.15065028567194,51.50386110590567,0
U0633,66.77565034197305,61.79361242322661,1
U0633,63.624633914436984,52.24680062853321,0
U0633,62.82012560198309,45.36399208721608,0
U0633,61.34706169740237,62.73281101208879,0
U0633,70.08860510312431,60.5038518938646,0
U0633,65.28838900382908,62.007127470925525,0
U0633,68.47006334596547,49.37555918242823,0
U0633,59.36933712209851,40.64351365179474,0
U0634,,56.62967476926008,1
U0634,64.74574789303706,41.33730001179741,0
U0634,77.30479567673201,54.602534157084996,1
U0634,44.974496508859005,50.04837672881399,0
U0634,79.61934172561953,50.397057067132266,1
U0634,74.96076127013289,52.2672221582911,0
U0634,78.36089756047198,58.764752955924116,1
U0634,75.10275391413326,38.90388881038761,0
U0634,91.71106343361635,56.429088126873694,1
U0634,84.27428083947858,37.80852786281351,0
U0635,66.82735923116458,42.5633899152406,0
U0635,61.6920721697908,51.80556524213174,0
U0635,61.35448378538096,55.94418485191227,0
U0635,66.95783829798422,55.79796709863391,0
U0635,71.87747400523116,,0
U0635,69.20670364665058,49.89181139788728,0
U0635,66.34588126256617,62.03970754167648,0
U0635,70.15987891619007,60.942367783117895,0
U0635,57.64156527164903,55.231535259860564,0
U0635,71.12456123654522,68.15934936557029,0
U0636,70.45764602386078,50.62189749474272,0
U0636,65.52281023408969,47.67331267703496,0
U0636,71.83589277239176,53.07832718076005,0
U0636,71.70457616231761,72.7432816373877,0
U0636,47.852516962497674,52.34663938357559,0
U0636,70.61665516737473,37.68695061439176,0
U0636,63.46226120022476,27.545372300786205,0
U0636,75.93088053394652,62.67376706374733,0
U0636,,72.0309340692651,1
U0636,72.89211977416434,60.33075713063913,0
U0637,68.72447620827496,60.25570086202791,0
U0637,63.475339408321105,50.11346294538994,0
U0637,,48.13901059949082,0
U0637,67.8452054919528,41.160643780313784,0
U0637,67.48002251916016,70.67156839433876,0
U0637,56.701033433835434,54.204636596678554,0
U0637,70.48110469016916,,0
U0637,63.10778221105344,58.117256148908716,0
U0637,64.0626668201471,50.872168007961896,0
U0637,46.323464506978496,51.89918569737073,0
U0638,70.62243195773067,57.82301000264554,0
U0638,69.73100254433169,50.95298341746698,0
U0638,74.72071872173768,51.15165854205625,0
U0638,56.55812089893773,59.96902492593881,1
U0638,76.8314391318547,65.6725125860198,0
U0638,67.63274917793618,59.95326747842528,0
U0638,78.69305771630653,60.24612980623629,0
U0638,55.680423937527024,62.10650120884215,0
U0638,69.8662494672241,38.575237611867315,0
U0638,81.05274244803931,62.185395381510574,1
U0639,71.62410589283357,43.95121784464593,0
U0639,73.6192684215554,47.31620692068668,0
U0639,71.90136777840829,49.48762510454755,0
U0639,72.33505990256616,68.28988408615012,0
U0639,85.90067553005917,63.02820624801417,0
U0639,65.76082924158642,52.00379565831459,0
U0639,68.91780093477679,35.939027120469326,0
U0639,74.44172010611393,51.96607480271044,0
U0639,84.36394678867809,57.336527849291514,1
U0639,74.04072637289711,53.475818681936794,0
U0640,72.69487685400178,64.1541771057066,1
U0640,80.17097475509073,51.13885280052208,0
U0640,83.04807893163814,53.51482906712296,2
U0640,,49.422001473288354,1
U0640,,49.76830379381586,0
U0640,80.91133414728253,45.26239965435427,0
U0640,69.71649624822142,59.40800309067415,1
U0640,70.44821546639771,41.762560644051305,0
U0640,84.38276598257139,37.880305631373844,0
U0640,,61.0890474978518,1
U0641,64.3189478473438,49.31274068327692,0
U0641,,65.03310566047726,0
U0641,70.18257336361691,31.44821873240254,0
U0641,68.0938437228357,54.060190068712906,0
U0641,69.37527521294304,67.82509724022661,0
U0641,,47.686337884707086,0
U0641,65.94054739787798,51.471511416208386,0
U0641,57.79826572201729,64.32190569072458,0
U0641,77.14924798029877,,0
U0641,64.8524003902881,44.77767156351055,0
U0642,73.92310102183635,44.93094336340779,0
U0642,78.25678201971934,48.7645873204143,0
U0642,74.15495841776024,64.80212228572299,1
U0642,80.76391172113489,44.268612083128396,0
U0642,76.6154509633231,66.26579317012158,1
U0642,76.32338532072427,56.42029141667935,0
U0642,83.58271007852609,52.31156918214263,0
U0642,,44.773198993117674,1
U0642,75.83380902809976,59.01135326817202,0
U0642,65.11340000701078,58.44461701782304,0
U0643,62.166359402032214,56.60171037740096,0
U0643,63.14893785254882,49.2591174126352,0
U0643,70.09041874117864,64.85509198039671,0
U0643,,64.1794227299111,0
U0643,67.54714112512144,49.65112207466636,0
U0643,65.35133800004478,53.04660666586547,0
U0643,52.75996689731092,57.940236387892604,0
U0643,75.728823965239,38.22706431428121,0
U0643,67.96531070563282,47.72867630459508,0
U0643,60.17155075809949,73.60666289052864,0
U0644,66.10681494537803,56.838961294485784,0
U0644,,49.64925126802374,0
U0644,71.14009142777729,58.12259533779279,0
U0644,68.40488228693671,59.6765402904937,0
U0644,72.71334813745676,,0
U0644,70.37657602581896,63.14738608749609,0
U0644,63.22223876380214,45.25196565076835,0
U0644,64.40354089941833,48.404101579299486,0
U0644,73.18418505560636,56.293834285667955,0
U0644,,61.431769142372296,0
U0645,68.45381454683002,41.15945930635132,0
U0645,71.21835189280392,55.71248859786991,0
U0645,62.27188041564438,68.00353887780895,0
U0645,57.21457430518815,43.30837709810075,1
U0645,69.99735190785667,52.99686409999132,0
U0645,68.10892016902667,58.33937700355266,0
U0645,62.17972073474657,48.33166025647968,0
U0645,68.53445314315262,66.8009771545907,1
U0645,69.70932889460731,40.90872214116893,0
U0645,67.91698163355731,52.47450363054316,0
U0646,63.265020807085584,65.96022554135456,0
U0646,68.94987526342508,51.91682097724615,0
U0646,68.74998753155558,52.30850751064534,0
U0646,64.61250588627237,45.59069398940983,0
U0646,67.65823451167971,60.71746777369235,0
U0646,74.92260668898302,40.62713874598203,0
U0646,73.35340220096049,63.133162288963426,1
U0646,70.77890397747827,71.57304405809589,1
U0646,70.03672898515116,51.87011748117691,0
U0646,61.948464119684274,40.02116884772544,0
U0647,73.47680974863694,70.53486217974745,0
U0647,68.63676437801189,51.100056681334856,0
U0647,69.89911214518774,55.31546227062661,0
U0647,82.55590316065279,63.9276204042418,0
U0647,86.50381268708527,50.9215463929629,0
U0647,,54.44284507294599,0
U0647,56.83162990684599,53.18859431000658,0
U0647,71.34285037594572,59.482476178433515,1
U0647,68.06294479686821,57.020243344905055,0
U0647,72.00735714149025,62.519309914711286,0
U0648,70.50304564518908,58.782760802472275,1
U0648,83.19956030676809,53.793950418251086,0
U0648,64.15882897719452,48.80125747179213,0
U0648,63.16174677716077,51.60473182993222,1
U0648,73.09848285948323,61.218710662586666,0
U0648,67.07641817552442,47.853533914287986,0
U0648,65.99385731228432,67.68855666993221,1
U0648,64.85019445050162,58.11131641810691,0
U0648,73.7186406746357,61.85336793770977,0
U0648,79.48701219497045,61.677888226503725,0
U0649,79.5534286127199,61.034903697741974,1
U0649,87.55447139151552,59.91496789309343,1
U0649,89.81822128207355,39.28106788023135,0
U0649,82.36404475958018,74.2002370739507,2
U0649,81.01876173891493,66.41829165693953,1
U0649,88.59349052317151,54.17812011146895,0
U0649,74.54493473353484,55.0353469527737,0
U0649,,53.279456654588074,1
U0649,97.58288208537661,80.08892241721472,1
U0649,88.44261575081066,57.482334770877046,1
U0650,77.05719538593651,60.20225264758872,1
U0650,72.07831340289613,38.438313906838985,0
U0650,71.56410736083917,65.3091257001822,1
U0650,66.77103086675271,46.156860397632045,0
U0650,72.68297046439108,55.273448705954074,0
U0650,77.25145818002349,49.685971665394085,0
U0650,80.34064164243186,51.57852762062825,0
U0650,67.05679891120852,40.54848809585962,0
U0650,68.17780330694795,46.679750241153485,0
U0650,87.679637317559,41.98258525759254,0
U0651,67.56606242619804,64.24870921030653,0
U0651,69.3966088406649,59.40487503005121,0
U0651,70.20880860951706,66.31854085832107,0
U0651,60.97223306053008,51.70531348905592,0
U0651,62.06967837550739,43.072768504706985,0
U0651,67.47502117395416,47.70302035183786,0
U0651,76.4724945568134,65.34434445257699,0
U0651,61.26267224122222,53.875346524807725,0
U0651,75.63574212455832,62.02004530235328,0
U0651,68.08936434607246,53.864106801263716,0
U0652,69.63663711758956,64.73899667469729,0
U0652,,60.18231147416241,0
U0652,66.19196531282974,52.5668753006453,0
U0652,61.53240864253555,63.72862810809323,0
U0652,68.19331720043873,60.89865614097491,0
U0652,68.75848291884348,56.56725699076734,0
U0652,69.33772945737122,61.95199829050161,0
U0652,59.251501652686294,61.99047488191224,0
U0652,66.9999390784715,39.776531986604446,0
U0652,63.9998136861999,58.71449113800466,0
U0653,68.70218836186162,50.029470590210146,0
U0653,69.09747846812184,53.010559003447824,0
U0653,57.95265694484375,,0
U0653,65.81211924472585,54.24804020321377,0
U0653,68.66165711138254,40.48288263384764,0
U0653,69.95154287564156,65.13257176686301,0
U0653,63.90939275982781,56.32907925523023,0
U0653,,48.453000977756176,0
U0653,73.17856803173989,50.061002496703495,0
U0653,71.70584068822221,54.15202666954766,0
U0654,69.87376728157577,51.60117476122945,0
U0654,62.60127651153727,14.861752399136183,0
U0654,69.36506556708284,42.65936977623726,0
U0654,68.7666112781236,46.548117221483345,0
U0654,78.48993301787095,65.4426727728269,0
U0654,65.9437377805831,56.39287235309325,0
U0654,62.784354488386725,55.72861825200338,0
U0654,72.44686491732986,,0
U0654,70.49030218823876,55.490782438509115,0
U0654,75.22480930019009,64.02841705549721,0
U0655,62.55762339154563,64.3854713339099,0
U0655,71.30676477567339,55.930944336152066,0
U0655,70.21587798870293,54.24784831201132,0
U0655,66.03128669445545,56.56967043480119,0
U0655,69.47358974395404,68.10704343925784,0
U0655,73.6558463682215,68.03445899796169,0
U0655,74.65269804120847,62.47505124518224,0
U0655,84.95591538741797,73.13698043417801,1
U0655,75.81808104148313,40.592571303524764,0
U0655,74.98887142597655,58.04442340983538,0
U0656,82.8496418912921,53.25982735205852,0
U0656,81.3581100168865,60.27725512952088,2
U0656,75.9882022074094,39.5540433076561,0
U0656,80.97294737038803,56.068227235471994,0
U0656,74.16573550387974,51.041681059095005,0
U0656,75.2809287616822,63.702849974031956,1
U0656,78.02268294067073,47.71311688700459,1
U0656,81.37440498729192,61.642169929192384,1
U0656,76.43749833629163,49.406333789100294,0
U0656,,77.22908519920301,1
U0657,75.25009065614545,56.02903934243618,0
U0657,63.92616166813803,,0
U0657,73.18854372083116,60.13245919195364,0
U0657,71.10770004122156,48.008870819929164,0
U0657,61.9861762006773,,0
U0657,84.33991770285763,52.215071789155374,0
U0657,68.27832273969534,56.10534072459435,0
U0657,61.279679743350684,64.84161761997758,0
U0657,82.42223928413004,45.41050217692052,0
U0657,67.8832407847172,48.23427220617026,0
U0658,56.861506545574485,57.95828607831114,0
U0658,61.32056064133339,52.06599209586237,0
U0658,68.58705222620257,54.2300297024404,0
U0658,59.47270241590995,64.62580087684658,0
U0658,68.06086783911506,60.01511215705342,0
U0658,62.95376628341825,54.10038610777005,2
U0658,61.50414793685571,47.656343079400706,0
U0658,61.6290789444383,52.13010056996022,0
U0658,55.02610083677954,44.055939073791194,0
U0658,75.47865870320155,47.79620786225679,0
U0659,72.52107631799937,68.92816249565257,1
U0659,74.72699625894123,65.81499864746597,1
U0659,74.72707729941634,62.08885014182807,1
U0659,62.33989564490804,64.69122271837203,1
U0659,,63.7599284573979,1
U0659,77.03646941900163,53.67520803034038,0
U0659,68.30349246135856,70.19011127031992,2
U0659,76.8137694735156,57.14502985153023,1
U0659,68.80923727525439,60.41197061953852,0
U0659,72.91350152018373,55.24353453655783,0
U0660,72.3393676493568,71.4668127543032,1
U0660,77.38888324432145,55.480154571937945,0
U0660,73.14089479821112,52.8146849370117,0
U0660,75.93292603840348,57.471291780483035,0
U0660,73.2927881769407,51.80610311864403,0
U0660,62.50240193941613,49.452626288073226,0
U0660,75.18112890840456,55.55956461458395,0
U0660,72.36651264533177,44.83670987862462,0
U0660,67.19794667265123,44.864735246691296,0
U0660,70.50215541374604,57.7458685574562,0
U0661,74.30339825874091,65.948919205018,1
U0661,67.08979299364204,43.082516556629905,0
U0661,,70.77822036973558,1
U0661,69.51044167300694,,0
U0661,77.10462398791701,33.624681757593294,0
U0661,77.03742943685155,62.40158833538129,2
U0661,67.88615297683441,49.70350250370137,0
U0661,76.43318811112457,54.25809619211761,0
U0661,72.3879023681533,47.62568261524948,0
U0661,71.3823211935184,70.9605833077526,1
U0662,71.7809631513938,37.207986354960134,0
U0662,77.98990518325586,48.84999331563711,0
U0662,71.84993168299026,56.58810223448057,0
U0662,70.5808664442222,49.67446420868217,0
U0662,77.16797448476763,50.09986968791812,0
U0662,82.84266936856987,68.96445138242481,1
U0662,76.9548089407812,50.062160166167395,1
U0662,74.0142122915609,40.72790838360177,1
U0662,77.84173399746128,39.24145359736942,0
U0662,79.78359976265317,71.37501132499204,1
U0663,76.85079240240138,45.36075934345476,0
U0663,75.2627567078688,59.10065297948223,0
U0663,78.53302188793366,55.632652218632856,0
U0663,73.07600445108923,59.36181758576618,0
U0663,67.09734990372307,64.15664973338295,1
U0663,71.97772222090178,45.98995141540811,0
U0663,71.28333660408022,61.7398188356501,1
U0663,68.7815789036965,47.89055261772567,0
U0663,80.10344223912905,,0
U0663,74.10822401608486,54.087718254944846,0
U0664,73.06192957752337,50.89184344836573,0
U0664,74.0249618910457,,0
U0664,69.02643273478603,48.20181974062342,0
U0664,74.57262790892688,,0
U0664,63.58518577872499,46.07435488897026,0
U0664,70.45497776303127,59.38641210023946,0
U0664,75.98958632912766,45.88998983637975,0
U0664,76.2772348635181,47.39573664513061,0
U0664,74.98960655768927,53.688314125527064,0
U0664,50.952932043592085,53.259924542913055,0
U0665,75.62653497943087,62.66303257091713,1
U0665,80.19730363365368,56.914648785221395,1
U0665,72.21300840640843,44.36918660949171,0
U0665,75.86791426638092,40.8880501847384,0
U0665,76.22874828289885,57.35784710453889,1
U0665,71.45314269864738,43.97103349793081,0
U0665,,52.602941525766354,1
U0665,89.19745578447865,69.93646248276886,1
U0665,82.13904406226837,50.45936090463837,0
U0665,83.5848553087114,46.95609369150062,0
U0666,65.86690015668499,46.483618753307255,0
U0666,64.17090482478021,57.547834860393735,0
U0666,72.40490601124678,51.86488185684497,0
U0666,68.0242741973382,53.74237963046917,0
U0666,72.55940411700455,50.120057491850126,0
U0666,68.14425155797387,51.16261658487376,0
U0666,66.31943173319463,63.08130378135204,0
U0666,71.74133662875431,54.44127458535776,1
U0666,72.5988334818531,51.745286070438524,2
U0666,68.45561251162272,69.12383809236616,0
U0667,,69.34810605669459,1
U0667,77.70905542550838,54.46138209258461,0
U0667,75.3414090765137,62.94671133361814,0
U0667,88.24478793511476,53.32598137346465,0
U0667,80.85274986349695,57.03378659506548,0
U0667,91.99848110130873,62.18479551706178,1
U0667,79.5927747325637,55.432192038814954,1
U0667,91.55127008959876,45.92622425284075,0
U0667,74.40592439490696,59.26607251620074,0
U0667,81.96026487634599,49.29788448307912,0
U0668,73.97918454989205,63.777844839659004,0
U0668,66.87690405180207,51.99367174223519,0
U0668,69.91840375795903,,0
U0668,82.25007482202855,60.40044058772233,0
U0668,58.222405787751285,39.85752484819572,0
U0668,64.30849152340637,58.289890245567896,0
U0668,71.809629929529,66.01716232518342,0
U0668,47.19525657832619,54.35365377606076,0
U0668,70.70219155153178,46.08364911716605,0
U0668,,,0
U0669,69.88276156531995,41.047603125262654,0
U0669,66.25004441659756,48.8831746160572,1
U0669,64.68799049378319,57.5289675398192,0
U0669,,60.31298763107261,0
U0669,63.39186092062387,53.648805223287084,0
U0669,55.610403429765924,69.1373460225122,0
U0669,62.37559087802487,53.80778530987745,0
U0669,,50.456814642561774,0
U0669,67.59561311461167,43.83278849666192,0
U0669,64.26471487273118,53.39897843699868,0
U0670,68.33724464761808,51.28581443903061,0
U0670,67.59523301297928,53.39553979286379,0
U0670,81.75185643506553,71.28920542832523,1
U0670,79.76270430537897,60.00873093212623,0
U0670,66.11376373381663,52.08239492817009,0
U0670,77.89152630315793,66.88722531334064,0
U0670,57.51750306847546,50.85573495191745,0
U0670,73.14487980938004,,1
U0670,73.5616579361559,58.883309556103306,2
U0670,73.86827381140063,49.81212509262598,0
U0671,81.34577871335217,59.564347115787776,0
U0671,,50.67814736553594,0
U0671,77.84291587534089,63.446006782190395,1
U0671,83.92992402022574,59.597655444146646,0
U0671,71.93726456455252,57.86310891740075,0
U0671,,55.88693463170696,0
U0671,74.90669749285892,48.7154963126619,0
U0671,72.24678258928162,53.580479660783034,0
U0671,76.18143979713459,56.96842414758509,0
U0671,66.55666284560803,59.579891738997915,0
U0672,79.20945463514484,54.681179168354745,0
U0672,,45.52876009095973,0
U0672,74.93497868359073,57.081461073903604,0
U0672,67.603681174579,74.19965983495698,1
U0672,73.05485032169636,55.81067915923512,0
U0672,65.73800758748146,44.838674577529645,1
U0672,69.38820485686887,54.60797388858016,0
U0672,80.4778017196656,68.09099453863676,1
U0672,78.00755324904341,55.57526009719123,0
U0672,76.08539436940534,43.84155098300584,0
U0673,71.57530425180848,55.87984484242448,0
U0673,77.2819500970731,60.77225534568821,0
U0673,73.83795539905047,65.80043611889278,0
U0673,76.77355496259221,55.51827780017917,0
U0673,75.2258675175505,59.35777832234254,0
U0673,66.38554348228207,35.87932941318775,0
U0673,64.59546894704347,32.42840647963524,0
U0673,60.889046874385805,61.759603572763126,0
U0673,66.33380555179481,53.167682730278834,0
U0673,75.1033816424542,44.2659266385295,0
U0674,63.60480448723433,71.09544626124429,0
U0674,56.2069435850683,48.10838391431737,0
U0674,69.57135824283228,54.565490444355696,0
U0674,63.5075734879055,63.03060349858607,0
U0674,64.35309581308458,65.72722072873859,0
U0674,62.66634409847397,48.92915917793259,0
U0674,63.71100158757782,,0
U0674,72.58487545014323,67.3603539748234,0
U0674,62.23698919111556,60.263157142133714,0
U0674,60.903028248583986,56.22419115312594,0
U0675,59.54765804202604,59.02315490894946,0
U0675,60.808668411880426,75.19564842403872,0
U0675,,64.61154061022815,0
U0675,55.04531771425597,45.185599091485955,0
U0675,51.94456899997264,69.39400119345655,0
U0675,57.50661565791127,54.30953211358778,0
U0675,60.03474425311872,44.840577942200824,0
U0675,53.90046165443472,62.64686265181192,0
U0675,58.775815638383435,65.34002528698095,0
U0675,59.24790309861568,47.21574992755445,0
U0676,77.64519002119282,62.977487684681996,0
U0676,74.7104568254907,37.79607409432545,0
U0676,77.99576551441514,45.269542061726845,0
U0676,76.82178818611096,40.58595503548262,0
U0676,73.721132672831,48.15155380125282,0
U0676,,44.85217851447509,0
U0676,75.83168797604604,68.47630492742304,1
U0676,77.54491916478882,45.004987013957134,0
U0676,71.12278726415678,59.0961814547649,0
U0676,77.13646648448504,61.049543289488845,1
U0677,67.67181366156159,52.36856571176046,0
U0677,76.28155374901665,,0
U0677,73.79050929674364,56.61812960305197,0
U0677,81.55120473281244,56.61440544562948,0
U0677,74.77504405794407,54.963601428849564,0
U0677,63.04864828177611,58.26116669495926,0
U0677,77.91260042950817,60.81778852555829,0
U0677,,58.94029245158145,0
U0677,68.25078678208018,46.71527985093477,0
U0677,74.65343292407312,53.77235728922217,1
U0678,81.23806787440135,51.60076071452997,0
U0678,70.77966283332542,49.90855705642819,0
U0678,70.11593002339372,64.82426849257477,0
U0678,65.15603873214256,65.54909725325236,1
U0678,70.32803445683484,49.74284540672347,0
U0678,70.05050550083996,47.38628349332837,0
U0678,68.82242174426905,56.99925806793554,0
U0678,76.42895698168171,66.72405310632699,0
U0678,78.80018834918957,78.15933744731011,1
U0678,73.71329577802214,66.39529347632255,0
U0679,68.52981011096237,44.936835271210356,0
U0679,66.88198149632453,63.01902623134785,0
U0679,64.15051512119197,71.1130201274622,0
U0679,83.13939631472276,54.027987129698055,0
U0679,74.11442331467786,48.99738312529962,0
U0679,71.98323292697523,48.43903443476317,0
U0679,75.70024504446967,54.211418584997055,0
U0679,70.21310307363478,42.80184459999164,0
U0679,69.54510229359393,55.094916816513354,0
U0679,65.33937723349642,43.32835963264706,0
U0680,76.9951745439402,63.85889737996855,0
U0680,73.21691496841723,57.47156814705504,0
U0680,75.70270088326873,55.230024200390595,0
U0680,78.3491741576472,80.11680831398486,1
U0680,73.36303914412724,60.775612175040756,1
U0680,,,0
U0680,77.88906104425034,59.2997331585476,0
U0680,71.07064960315688,38.60533715406218,0
U0680,74.66276923870933,67.50132574778543,1
U0680,73.73111628307018,66.2355536493451,1
U0681,68.35996031119174,69.29221446585038,0
U0681,70.07234058990583,65.64254529775594,0
U0681,70.89964737595773,55.993398744099345,0
U0681,70.67369568766821,62.36990083356457,0
U0681,62.97246535177381,55.94966766305098,0
U0681,75.53551863253543,66.54061479109446,1
U0681,80.31163193209751,54.90567106951176,0
U0681,70.20974337767294,,0
U0681,68.48346984953699,53.28429668951529,0
U0681,78.44873309444806,60.59733178465381,0
U0682,70.42201527934677,45.465126095010525,0
U0682,78.63286390270136,57.78739369395228,1
U0682,65.47013263086149,45.19668023585757,0
U0682,69.51883489565282,38.70859661286553,0
U0682,71.81892447406217,59.421450394990146,0
U0682,71.9711890926774,59.03883833259891,0
U0682,78.02958774188362,53.19928956452393,0
U0682,73.22177283557816,71.72281820531809,1
U0682,74.76829458441732,78.95577610160228,1
U0682,77.00607389542029,60.197057806663274,1
U0683,76.14615829813665,,1
U0683,83.59389869025767,46.40761354105875,0
U0683,78.23210891144599,54.56581372833308,1
U0683,68.72001966695373,68.60967530818724,1
U0683,76.10924568613868,64.1127793465853,1
U0683,77.95674158989621,39.84593141866545,0
U0683,77.76153276141973,41.54761107137133,0
U0683,75.82967398608612,43.90340094096916,0
U0683,79.18074794951387,59.07660008155002,1
U0683,86.91844450711366,44.96712034567313,0
U0684,63.50006749782251,52.371947829445915,0
U0684,69.54709269302784,52.403264265596405,0
U0684,,54.92447191274195,1
U0684,66.8048919924208,43.81286426704657,0
U0684,69.13708155832619,68.3166677219203,0
U0684,67.90788042348419,65.94644551562313,0
U0684,77.6455089919248,57.231633817753995,1
U0684,70.29528636632033,53.12335025217751,0
U0684,62.07336027569106,36.82319295694968,0
U0684,63.91272385130148,58.06576967402383,0
U0685,61.84121403097803,48.115354299299284,0
U0685,64.16077670091283,57.07199115288715,1
U0685,60.95540084538278,53.63285154133132,0
U0685,73.43865065731038,54.65678189853721,0
U0685,65.46393458578859,62.711805313834205,0
U0685,65.90999950223836,55.11204383341029,0
U0685,79.952599498354,48.86650646860693,0
U0685,62.12122452244195,55.60214830852761,0
U0685,67.74272234590869,56.785239481066014,0
U0685,70.11184685541618,56.0692792956059,0
U0686,77.4296232902256,58.04690826346301,1
U0686,75.65183845256624,52.5820343350445,0
U0686,78.07453056610488,52.15922321121526,0
U0686,78.34244451132892,55.35420371402487,1
U0686,85.02719074457937,57.155709543260045,1
U0686,89.47795037040399,69.12401233374078,1
U0686,,60.4231279241401,1
U0686,75.86769413494272,50.21199475113558,1
U0686,79.80434183334032,70.02758469526788,1
U0686,88.0739307657674,68.4095349798531,1
U0687,57.3501633468116,60.22408445155702,0
U0687,67.19511469884034,48.87795595120623,0
U0687,78.19236819967298,54.71736246283369,0
U0687,71.91387106460591,55.630034197824344,1
U0687,66.19439970755957,51.84927808836646,0
U0687,76.99369375838518,55.71847412020088,0
U0687,99.19124965944036,61.80149520567963,0
U0687,61.78210344599142,57.087719049291,0
U0687,70.97344358089225,64.07840067581674,0
U0687,70.70013727539283,59.67076272220652,0
U0688,75.10419715028428,52.29748873061295,0
U0688,71.64537497717218,63.011753607238745,0
U0688,72.33848497672832,61.74092575022815,0
U0688,67.97283175462441,41.53432433224173,0
U0688,76.09063556396812,75.73720263728006,1
U0688,70.70246830318078,55.907899267612876,0
U0688,75.44060622209065,58.55474828543281,0
U0688,69.07028189064839,66.18524736589438,0
U0688,68.8405120363983,56.198215235495454,0
U0688,70.43519892421237,53.53292500559934,0
U0689,60.77632138883891,54.588611891752805,0
U0689,85.1356381565649,,1
U0689,71.92318849974063,45.62031412359095,0
U0689,81.59182202001716,66.76197834345268,1
U0689,69.06263536388884,51.590425286150804,0
U0689,81.61574888839739,51.19138790612422,0
U0689,95.0899441144536,59.09241809368556,1
U0689,82.55713308870992,64.95573331703083,1
U0689,74.13851253078845,59.81402911056929,0
U0689,77.01788637219558,43.91380851972984,0
U0690,70.8608313415825,48.34511933393183,0
U0690,74.3036062417353,58.92843949597016,0
U0690,65.75572636113165,58.130100276868674,0
U0690,70.34667169507259,42.63171820531776,0
U0690,65.2888839966176,42.87550863841004,0
U0690,82.98484693160378,66.40302019149638,0
U0690,76.66220695350295,53.122411878970546,0
U0690,72.70366026054394,43.00515911693341,0
U0690,65.58109037097563,47.33568108349868,0
U0690,78.31383806391311,59.21319054612797,0
U0691,78.53811214837643,47.0899183514638,0
U0691,82.93375616005211,41.454084502813565,0
U0691,79.9474477451811,61.54686958860249,1
U0691,72.75606350615632,50.57495987345267,0
U0691,66.65313532938406,,0
U0691,80.10292536007856,52.052863641463254,0
U0691,75.02818870944822,,0
U0691,73.36849995049124,62.51137580589482,1
U0691,77.90189646743,40.84853834386735,0
U0691,75.18536447118176,33.87852371629543,0
U0692,76.18442208084964,51.216330066416,0
U0692,,58.16131080283891,1
U0692,77.92932201382112,61.758220242079084,1
U0692,78.21358599299336,62.03078139525324,1
U0692,67.96537595806677,63.455710849242685,2
U0692,84.53472193438422,76.86807331351346,1
U0692,90.70538428052997,49.59379164754476,0
U0692,83.6287400479656,61.37697473468508,1
U0692,88.45806120553613,48.070041822473556,1
U0692,83.53422363659756,70.96109324694311,1
U0693,71.20253864095564,62.126984217823214,0
U0693,69.38297335285462,54.92796222457891,0
U0693,70.61136886436744,72.49541409183209,0
U0693,65.44568986696046,42.88651610247408,0
U0693,84.68721566968657,56.139291317061854,0
U0693,73.45817202229195,55.58133352537891,0
U0693,,70.27167154382876,0
U0693,67.54387921992625,38.252634309342604,0
U0693,67.59123401789113,65.05141617219431,0
U0693,71.60109711840377,57.93570256342712,0
U0694,78.76982014991837,56.94957443143791,0
U0694,82.85830902901698,58.150334103592236,0
U0694,87.81047655977665,45.28617323224802,0
U0694,75.68868952016649,36.38355784601789,0
U0694,75.94749584614759,67.90352525849217,1
U0694,77.57002889113753,39.24026945608805,0
U0694,79.60817477210486,59.936551901826576,1
U0694,58.93911852760591,60.336801456557865,1
U0694,84.37818735335468,61.60520226206527,0
U0694,91.0970847483136,54.29633496398373,0
U0695,57.274969239237,59.67606669431015,0
U0695,65.52908083303467,42.25459892752896,0
U0695,62.740309680949025,39.853072456787224,0
U0695,65.29953179978443,40.267468767691504,0
U0695,66.50352878162194,68.49323360496999,0
U0695,67.07376111142614,60.003571010025894,1
U0695,54.08147696354662,60.24885593991873,0
U0695,67.81679960299698,68.27370982378075,0
U0695,66.64283480013961,47.112707699882755,1
U0695,64.78195900916522,54.63619577671488,0
U0696,74.09895451580991,46.303385863674315,0
U0696,68.89666984547411,70.15505998028365,0
U0696,71.72540515012602,66.6154183092501,0
U0696,71.24156962641959,68.53110371559848,0
U0696,72.43196493618129,59.90001996275038,0
U0696,69.53245362765419,71.36381380548485,0
U0696,72.51714962212496,60.10488396218827,0
U0696,78.11387154249378,65.84101864794052,0
U0696,61.85126921543963,47.744150771432395,0
U0696,74.11660532614914,50.04215581629019,0
U0697,75.74956636368236,64.46894945931713,1
U0697,72.3715465614081,51.56571024857419,0
U0697,76.88768319557497,57.046753288107716,0
U0697,73.85016961473919,68.86334390760388,1
U0697,76.79874644024325,,0
U0697,72.25723984954126,42.548472445969644,0
U0697,81.5801144347152,61.24560290813337,1
U0697,77.85764664417424,66.18161251586034,1
U0697,,37.75299299937001,0
U0697,82.38351518458632,53.74493672373378,2
U0698,68.65778373094389,64.314361208307,0
U0698,52.02380640601545,44.98391708130647,0
U0698,70.25305941973144,72.3292679022181,0
U0698,69.14504636163852,58.83543866186723,0
U0698,64.68559265404585,45.425947994709695,0
U0698,63.040856827612764,48.3283832733276,0
U0698,61.70285406360022,47.99729979257066,0
U0698,62.3571518353162,47.57164882284553,0
U0698,66.36812407560495,56.58860915398353,0
U0698,51.56445801540255,53.07443995235181,1
U0699,77.10894298953085,55.390385429769864,1
U0699,89.47682841630798,59.512741955769705,1
U0699,79.50843199438782,55.7672537492707,2
U0699,77.47440025375248,54.39683478632796,0
U0699,83.48984967085838,41.60204524534989,0
U0699,78.5988946314509,49.701148744372986,0
U0699,,41.098520487545166,0
U0699,72.47188531776207,60.15130365124051,1
U0699,74.61612047621243,69.86310461388834,1
U0699,77.55911156938036,72.48992452754956,1
U0700,73.4330906982345,51.16889200363789,0
U0700,70.48165424639943,38.37745801501022,0
U0700,66.38136835883552,65.24940074286081,0
U0700,74.09619738773735,72.92029231252283,1
U0700,71.20647888268442,47.705575647935994,0
U0700,69.48424794139237,58.94558106387969,0
U0700,77.16281115560412,63.79811033123186,1
U0700,67.62086815367275,61.59542163377894,0
U0700,72.57385902306869,64.67564344756775,0
U0700,73.37023206690418,53.987921254586965,0
